Province,Province_Abbr,Year,Month,YearMonth,Age_Group,Unemployment_Rate,Participation_Rate,FT_Employment,PT_Employment,Part_Time_Share,Nominal_Wage,CPI_Index,Real_Wage,Gender_Wage_Gap,FT_Wage_Premium,Youth_Pop_Share,Post2020,Stress_Index
Alberta,AB,2015,1,2015-01,20-24,6.8,80.0,158.8,50.4,24.09177820267686,17.917192330814157,131.0,19.567580021336987,0.7055214181442352,1.2128579032024673,6.923586080203906,0,-1.190980568454523
Alberta,AB,2015,2,2015-02,20-24,10.6,79.7,145.7,53.7,26.930792377131397,17.95321499859778,132.0,19.45838352878325,0.727594839087383,1.2280641606847518,6.923586080203906,0,-0.8640564050940674
Alberta,AB,2015,3,2015-03,20-24,8.9,79.5,154.0,48.6,23.98815399802567,17.978644647166366,133.0,19.33943429213986,0.7479653697666415,1.2413716735709235,6.923586080203906,0,-0.9488523907972409
Alberta,AB,2015,4,2015-04,20-24,7.9,79.2,152.5,51.5,25.245098039215684,17.994259624055307,133.1,19.341688531541543,0.7667003397990086,1.2528712989755288,6.923586080203906,0,-1.0065263222024314
Alberta,AB,2015,5,2015-05,20-24,10.8,89.5,187.6,35.5,15.912147019273867,18.000838276800216,133.6,19.276346777451728,0.7838670788016512,1.2626538940132255,6.923586080203906,0,-1.3638458300268148
Alberta,AB,2015,6,2015-06,20-24,7.4,88.2,194.4,33.4,14.661984196663738,17.9991589529366,134.5,19.145573785874568,0.7995329163917186,1.2708103157986523,6.923586080203906,0,-1.5089879014782206
Alberta,AB,2015,7,2015-07,20-24,8.4,89.8,190.3,38.7,16.899563318777293,17.99,134.6,19.12161466072313,0.8137651821862346,1.277431421446384,6.923586080203906,0,-1.520199299116733
Alberta,AB,2015,8,2015-08,20-24,6.7,88.9,195.1,35.6,15.431296055483312,17.974139765525944,135.0,19.048150092256137,0.8266312058023526,1.2826080680710634,6.923586080203906,0,-1.5764315071108228
Alberta,AB,2015,9,2015-09,20-24,8.4,80.8,149.0,56.3,27.423283000487086,17.952356597049906,134.6,19.081603396369044,0.8381983168572115,1.2864311127873185,6.923586080203906,0,-0.9952873267909027
Alberta,AB,2015,10,2015-10,20-24,8.0,80.3,144.2,60.3,29.486552567237162,17.925428842107525,135.1,18.98246745381828,0.848533844967857,1.2889914127097468,6.923586080203906,0,-0.9713770920539765
Alberta,AB,2015,11,2015-11,20-24,10.9,78.9,136.5,57.6,29.67542503863988,17.89413484823427,134.7,19.005599299337167,0.8577051197514312,1.2903798249529794,6.923586080203906,0,-0.6817613448246949
Alberta,AB,2015,12,2015-12,20-24,7.6,76.3,132.7,61.6,31.703551209469893,17.859252962965577,133.5,19.139054610998315,0.8657794708250637,1.2906872066316353,6.923586080203906,0,-0.811789030341049
Alberta,AB,2016,1,2016-01,20-24,10.0,76.5,126.3,62.9,33.245243128964056,17.821561533837166,133.7,19.070092770687886,0.8728242278058193,1.290004414860331,6.690570471134404,0,-0.6275902858373811
Alberta,AB,2016,2,2016-02,20-24,9.0,79.9,136.4,62.8,31.52610441767068,17.781838908384476,133.8,19.01336636641409,0.8789067203108305,1.2884223067536877,6.690570471134404,0,-0.8820276915380759
Alberta,AB,2016,3,2016-03,20-24,9.4,79.8,137.6,59.9,30.32911392405063,17.740863434142906,135.0,18.800934780084283,0.8840942779572191,1.2860317394263172,6.690570471134404,0,-0.7929970276401869
Alberta,AB,2016,4,2016-04,20-24,10.0,78.0,135.8,55.5,29.012023000522735,17.69941345864823,135.1,18.743124244884825,0.8884542303620656,1.282923569992851,6.690570471134404,0,-0.6308868103195565
Alberta,AB,2016,5,2016-05,20-24,11.7,84.8,152.2,51.5,25.282277859597446,17.658267329435848,135.6,18.63060063371157,0.8920539071424947,1.2791886555679024,6.690570471134404,0,-0.8652132725049614
Alberta,AB,2016,6,2016-06,20-24,11.9,84.9,160.9,42.5,20.894788593903638,17.61820339404119,136.3,18.492865973887206,0.8949606379156216,1.274917853266078,6.690570471134404,0,-0.821324841826517
Alberta,AB,2016,7,2016-07,20-24,11.1,84.6,164.4,40.0,19.569471624266143,17.58,135.6,18.54802359882006,0.8972417522985399,1.2702020202020203,6.690570471134404,0,-0.8774951020008462
Alberta,AB,2016,8,2016-08,20-24,10.7,85.9,166.3,41.7,20.048076923076923,17.54443549484769,135.9,18.46963874022229,0.8989645799083671,1.2651320134903368,6.690570471134404,0,-0.9617842569049967
Alberta,AB,2016,9,2016-09,20-24,10.5,81.0,144.6,51.7,26.33723892002038,17.51228822611971,135.3,18.51755138371663,0.900196450362215,1.2597986902456322,6.690570471134404,0,-0.708438958351024
Alberta,AB,2016,10,2016-10,20-24,7.5,80.2,144.2,56.3,28.079800498753116,17.48433654135177,135.8,18.419924505518356,0.9010046932771856,1.2542929075825535,6.690570471134404,0,-0.8608396232448218
Alberta,AB,2016,11,2016-11,20-24,9.7,79.4,135.0,58.8,30.34055727554179,17.46135878807929,135.0,18.50472886874971,0.9014566382703919,1.248705522615706,6.690570471134404,0,-0.6730930856843366
Alberta,AB,2016,12,2016-12,20-24,9.0,80.0,136.5,59.7,30.428134556574925,17.44413331383777,134.9,18.50017795477927,0.9016196149589429,1.2431273924596933,6.690570471134404,0,-0.7582517076229444
Alberta,AB,2017,1,2017-01,20-24,11.5,77.6,122.1,62.7,33.92857142857143,17.43343846616283,137.0,18.205430145199724,0.9015609529599466,1.2376493742291643,6.496456478284572,0,-0.3609278363343185
Alberta,AB,2017,2,2017-02,20-24,11.5,77.5,125.3,59.1,32.049891540130155,17.430052592589945,136.7,18.24183997254232,0.9013479818905128,1.2323623250387234,6.496456478284572,0,-0.36439518993201553
Alberta,AB,2017,3,2017-03,20-24,10.8,78.6,126.7,61.5,32.678002125398514,17.434754040654656,136.8,18.233422110743124,0.9010480313677495,1.2273571020029754,6.496456478284572,0,-0.47717891045474553
Alberta,AB,2017,4,2017-04,20-24,10.2,80.6,135.7,58.6,30.15954709212558,17.44832115789248,137.4,18.167926833982172,0.9007284310087671,1.222724562236567,6.496456478284572,0,-0.6196149212990137
Alberta,AB,2017,5,2017-05,20-24,10.6,85.3,155.8,48.2,23.627450980392158,17.471532291838937,137.2,18.21861433347248,0.9004565104306739,1.218555562854103,6.496456478284572,0,-0.8715471593675245
Alberta,AB,2017,6,2017-06,20-24,10.2,86.8,157.3,51.5,24.664750957854405,17.505165790029658,136.9,18.293686771562523,0.9002995992505785,1.2149409609701929,6.496456478284572,0,-1.0059995367840575
Alberta,AB,2017,7,2017-07,20-24,9.8,86.4,152.1,56.3,27.01535508637236,17.55,137.0,18.32715328467153,0.9003250270855905,1.2119716136994756,6.496456478284572,0,-1.0212699132380016
Alberta,AB,2017,8,2017-08,20-24,10.1,86.3,151.7,55.8,26.89156626506024,17.60647473656485,137.4,18.332603000809392,0.9005850357525716,1.2097099505757756,6.496456478284572,0,-0.9946452132371354
Alberta,AB,2017,9,2017-09,20-24,10.0,78.8,133.5,56.4,29.6998420221169,17.673675683656356,137.0,18.456305604441138,0.9010715158673981,1.208104690809789,6.496456478284572,0,-0.6042733967681219
Alberta,AB,2017,10,2017-10,20-24,8.2,78.3,133.7,58.5,30.437044745057236,17.750349992485404,137.6,18.455548005752753,0.9017612702456947,1.2070761260314418,6.496456478284572,0,-0.7091594848480964
Alberta,AB,2017,11,2017-11,20-24,9.8,80.1,129.4,63.8,33.02277432712216,17.835244814263397,138.4,18.436625901449542,0.9026311017030907,1.2065445478706445,6.496456478284572,0,-0.6885228786874237
Alberta,AB,2017,12,2017-12,20-24,10.3,80.2,129.1,63.0,32.79541905257678,17.927107300201854,137.6,18.639327648368788,0.9036578130552164,1.2064302479573146,6.496456478284572,0,-0.7082592849149697
Alberta,AB,2018,1,2018-01,20-24,9.1,79.8,133.1,60.5,31.25,18.024684601511506,138.9,18.56538188377427,0.9048182071176942,1.2066535179213684,6.384797309574994,0,-0.7558381267029488
Alberta,AB,2018,2,2018-02,20-24,10.9,78.4,126.0,60.3,32.3671497584541,18.12672386940385,139.7,18.563564506676528,0.9060890867061545,1.2071346493927222,6.384797309574994,0,-0.5416189700418598
Alberta,AB,2018,3,2018-03,20-24,9.9,79.0,127.0,63.3,33.26326852338413,18.231972255090408,139.9,18.644656878448423,0.9074472546362287,1.207793934001294,6.384797309574994,0,-0.6706682054279248
Alberta,AB,2018,4,2018-04,20-24,8.9,77.1,131.9,55.7,29.690831556503195,18.339176909781862,140.6,18.66091685556751,0.9088695137235372,1.2085516633769968,6.384797309574994,0,-0.6403535095104029
Alberta,AB,2018,5,2018-05,20-24,8.6,84.5,156.8,49.6,24.031007751937985,18.447084984689734,140.7,18.75737710359828,0.9103326667837115,1.2093281291497489,6.384797309574994,0,-1.1102665219302903
Alberta,AB,2018,6,2018-06,20-24,8.8,86.3,158.4,52.1,24.75059382422803,18.55444363102556,140.7,18.866541593073137,0.9118135166323831,1.2100436229494682,6.384797309574994,0,-1.2259227138356958
Alberta,AB,2018,7,2018-07,20-24,8.0,85.7,164.3,46.4,22.021831988609396,18.66,141.8,18.826685472496475,0.913288866085172,1.2106184364060677,6.384797309574994,0,-1.240957017437881
Alberta,AB,2018,8,2018-08,20-24,8.1,88.5,174.0,43.7,20.073495636196604,18.76256486444819,141.6,18.95690404854323,0.9147375929238091,1.2109855435337438,6.384797309574994,0,-1.4265542273431162
Alberta,AB,2018,9,2018-09,20-24,10.0,79.0,130.6,59.8,31.407563025210088,18.861203483699633,141.1,19.12409292512139,0.9161468747944216,1.2111286478838046,6.384797309574994,0,-0.7842208477594793
Alberta,AB,2018,10,2018-10,20-24,5.3,78.4,140.2,58.9,29.58312405826218,18.95504473870663,141.4,19.178465822378325,0.9175059643092252,1.211044135391835,6.384797309574994,0,-1.1126685151540199
Alberta,AB,2018,11,2018-11,20-24,5.8,77.5,144.0,51.8,26.455566905005107,19.043217510422288,140.7,19.363536971033515,0.918804114080446,1.210728391993422,6.384797309574994,0,-1.0707543370673054
Alberta,AB,2018,12,2018-12,20-24,5.9,75.5,133.8,56.9,29.837441006816988,19.12485067979966,140.5,19.47422517620407,0.9200305767203106,1.2101778036241495,6.384797309574994,0,-0.9768549642184251
Alberta,AB,2019,1,2019-01,20-24,7.5,76.6,134.6,55.6,29.23238696109359,19.199073127791138,140.5,19.54980352656692,0.9211746048410351,1.2093887562196064,6.323838326739568,0,-0.9400230514394092
Alberta,AB,2019,2,2019-02,20-24,10.3,78.6,129.6,59.6,31.501057082452434,19.26501373534979,142.0,19.4097274535496,0.9222254510548457,1.2083576357153778,6.323838326739568,0,-0.8111364750488993
Alberta,AB,2019,3,2019-03,20-24,9.5,77.2,131.6,55.9,29.81333333333333,19.321801383428593,143.1,19.31730061441312,0.923172367973968,1.2070808280470455,6.323838326739568,0,-0.7671438755623791
Alberta,AB,2019,4,2019-04,20-24,6.9,77.4,135.8,57.8,29.855371900826444,19.368564952980076,143.7,19.283201293943513,0.9240046082106191,1.205554719150203,6.323838326739568,0,-0.9630703512550571
Alberta,AB,2019,5,2019-05,20-24,8.9,84.7,141.8,65.8,31.695568400770707,19.404433324957246,144.0,19.27866384970289,0.9247114243770252,1.203775694960432,6.323838326739568,0,-1.2309668453487985
Alberta,AB,2019,6,2019-06,20-24,6.2,87.9,168.1,53.4,24.108352144469524,19.428535380312987,142.7,19.478456868092348,0.9252820690854102,1.2017401414133135,6.323838326739568,0,-1.6649446770789116
Alberta,AB,2019,7,2019-07,20-24,8.2,88.4,161.6,56.8,26.00732600732601,19.44,143.6,19.36779944289694,0.9257057949479941,1.1994444444444445,6.323838326739568,0,-1.5170913885242021
Alberta,AB,2019,8,2019-08,20-24,8.0,87.2,164.7,51.7,23.8909426987061,19.4384104815679,143.4,19.393225891885034,0.9259800110575617,1.1968984290980622,6.323838326739568,0,-1.4697184451559229
Alberta,AB,2019,9,2019-09,20-24,7.9,82.1,135.6,68.5,33.56197942185204,19.425167788952912,142.9,19.447823687936996,0.9261347524291385,1.194165676853028,6.323838326739568,0,-1.1991931435460188
Alberta,AB,2019,10,2019-10,20-24,7.2,80.3,130.4,70.8,35.188866799204774,19.40212730268808,143.6,19.330067405556463,0.9262082105583087,1.1913232082968828,6.323838326739568,0,-1.118501742311835
Alberta,AB,2019,11,2019-11,20-24,9.9,84.7,126.6,79.6,38.60329776915616,19.371144403306346,143.6,19.299199577295923,0.9262385769406586,1.1884480440171459,6.323838326739568,0,-1.1618831316683482
Alberta,AB,2019,12,2019-12,20-24,9.9,81.1,118.3,79.1,40.0709219858156,19.33407447134058,143.7,19.24886282324142,0.9262640430717737,1.1856172046013347,6.323838326739568,0,-0.9432550640037771
Alberta,AB,2020,1,2020-01,20-24,11.4,77.2,114.4,70.8,38.22894168466523,19.292772887323945,144.7,19.075001435704763,0.926322800447239,1.1829077106369907,6.250852241465957,1,-0.5648982622342468
Alberta,AB,2020,2,2020-02,20-24,10.4,77.2,109.6,77.8,41.51547491995731,19.249095031789317,145.5,18.927174313044613,0.9264530405626402,1.1803965827116325,6.250852241465957,1,-0.6018617131842424
Alberta,AB,2020,3,2020-03,20-24,19.1,70.6,106.7,48.1,31.07235142118863,19.20489628526954,144.1,19.067179009108692,0.9266929549135636,1.1781608414127798,6.250852241465957,1,0.3864524404906648
Alberta,AB,2020,4,2020-04,20-24,20.6,57.4,90.0,33.6,27.18446601941748,19.162032028297837,143.0,19.170965376562776,0.927080734995593,1.1762775073279708,6.250852241465957,1,1.2267247777482673
Alberta,AB,2020,5,2020-05,20-24,30.3,74.6,102.5,38.4,27.253371185237757,19.122357641407042,144.1,18.985232245412682,0.9276545723043145,1.174823601044725,6.250852241465957,1,1.0100986552823763
Alberta,AB,2020,6,2020-06,20-24,25.2,83.0,119.9,48.2,28.673408685306363,19.087728505130045,145.0,18.833225458394978,0.9284526583353159,1.1738761431505662,6.250852241465957,1,0.18920618979323311
Alberta,AB,2020,7,2020-07,20-24,23.2,84.2,130.3,44.5,25.45766590389016,19.06,144.9,18.818845180584308,0.9295131845841784,1.173512154233026,6.250852241465957,1,-0.024338484770417185
Alberta,AB,2020,8,2020-08,20-24,24.5,83.8,122.7,48.3,28.24561403508772,19.040575616687565,144.2,18.89092707970944,0.9308555805240075,1.1737804562376262,6.250852241465957,1,0.07689863391206482
Alberta,AB,2020,9,2020-09,20-24,24.9,74.7,98.5,53.0,34.98349834983499,19.029051286414656,145.0,18.775330602595794,0.9324242275379848,1.1746170765418948,6.250852241465957,1,0.656309937750993
Alberta,AB,2020,10,2020-10,20-24,21.2,74.6,93.7,64.8,40.883280757097786,19.02457105054105,145.2,18.74505485512447,0.9341447449867967,1.1759298438813506,6.250852241465957,1,0.3948869678431682
Alberta,AB,2020,11,2020-11,20-24,22.7,73.0,85.3,66.7,43.881578947368425,19.02627895042643,145.4,18.72095122770065,0.9359427522311428,1.1776265869915203,6.250852241465957,1,0.6038904186532121
Alberta,AB,2020,12,2020-12,20-24,21.5,71.5,91.4,59.5,39.43008614976806,19.033319027430547,144.8,18.80548003354786,0.9377438686317231,1.1796151346079333,6.250852241465957,1,0.5792445766888098
Alberta,AB,2021,1,2021-01,20-24,17.6,73.3,101.6,60.3,37.24521309450278,19.044835322913087,145.8,18.687799086863958,0.939473713549223,1.1818033154661036,6.118133890973572,1,0.21634069356098617
Alberta,AB,2021,2,2021-02,20-24,14.9,74.5,104.9,64.7,38.14858490566038,19.059971878233778,146.4,18.626001662426997,0.9410579063443429,1.1840989583015604,6.118133890973572,1,-0.03722484391539046
Alberta,AB,2021,3,2021-03,20-24,9.9,76.3,116.6,67.2,36.56147986942329,19.077872734752404,146.9,18.58003852451947,0.9424220663777813,1.186409891849834,6.118133890973572,1,-0.4999179361704151
Alberta,AB,2021,4,2021-04,20-24,9.1,75.8,119.4,64.2,34.967320261437905,19.097681933828586,147.7,18.498589677272015,0.943491813010226,1.188643944846436,6.118133890973572,1,-0.5101770515955163
Alberta,AB,2021,5,2021-05,20-24,13.7,83.7,132.2,59.8,31.145833333333332,19.118543516822083,148.6,18.40663723064163,0.9441927656023764,1.1907089460268974,6.118133890973572,1,-0.5972459662873552
Alberta,AB,2021,6,2021-06,20-24,13.9,84.0,131.7,60.7,31.548856548856552,19.139601525092687,148.9,18.389785033735798,0.944450543514928,1.1925127241267464,6.118133890973572,1,-0.5953009391891623
Alberta,AB,2021,7,2021-07,20-24,12.0,84.3,132.5,64.7,32.809330628803245,19.16,150.3,18.237906409403415,0.9441907661085742,1.193963107881498,6.118133890973572,1,-0.7152416350486841
Alberta,AB,2021,8,2021-08,20-24,12.3,82.1,135.2,56.1,29.32566649242029,19.17914237575595,151.0,18.171496484932568,0.9433665491854202,1.194990244453029,6.118133890973572,1,-0.550360469700588
Alberta,AB,2021,9,2021-09,20-24,12.7,74.8,116.4,57.2,32.94930875576036,19.197469657981028,150.8,18.21298403449482,0.9420409943131973,1.1956135547086026,6.118133890973572,1,-0.1135503305541176
Alberta,AB,2021,10,2021-10,20-24,9.1,74.2,118.7,60.5,33.761160714285715,19.21568224514772,151.5,18.1460304061989,0.9403046995010573,1.1958747779418248,6.118133890973572,1,-0.3296906997884857
Alberta,AB,2021,11,2021-11,20-24,11.8,74.4,112.2,62.4,35.738831615120276,19.234480535728657,151.6,18.151800892556597,0.9382482627581411,1.1958156534463078,6.118133890973572,1,-0.1420699595586551
Alberta,AB,2021,12,2021-12,20-24,9.9,73.1,105.9,69.3,39.55479452054795,19.254564928196494,151.7,18.15877668025035,0.9359622820935861,1.1954779205156596,6.118133890973572,1,-0.210572632890874
Alberta,AB,2022,1,2022-01,20-24,9.5,73.3,98.4,78.0,44.21768707482993,19.276635821023703,152.8,18.048717483384323,0.9335373555165493,1.1949033184434912,6.112196804994581,1,-0.22394728142535514
Alberta,AB,2022,2,2022-02,20-24,10.0,76.0,94.5,87.8,48.16236972024136,19.301393612682922,154.5,17.873048842639722,0.9310640810361686,1.1941335865234122,6.112196804994581,1,-0.2969315624847657
Alberta,AB,2022,3,2022-03,20-24,10.8,77.2,99.1,84.3,45.965103598691385,19.329538701646825,156.5,17.67036849999322,0.9286330566615812,1.193210464049029,6.112196804994581,1,-0.255017505878051
Alberta,AB,2022,4,2022-04,20-24,10.3,77.8,107.6,78.3,42.11941904249597,19.361771486387838,157.0,17.643465651714777,0.9263348804019452,1.1921756903139564,6.112196804994581,1,-0.3196827939788001
Alberta,AB,2022,5,2022-05,20-24,11.5,86.8,154.0,50.6,24.731182795698924,19.398792365378625,159.2,17.432918097195365,0.9242601502663974,1.1910710046118014,6.112196804994581,1,-0.6922508832859441
Alberta,AB,2022,6,2022-06,20-24,9.7,87.3,146.1,64.6,30.65970574276222,19.44130173709189,161.4,17.232975434861295,0.9224994642640778,1.189938146236171,6.112196804994581,1,-0.8040770544640804
Alberta,AB,2022,7,2022-07,20-24,5.2,85.9,161.8,55.8,25.643382352941174,19.49,161.4,17.276142090045433,0.9211434204041401,1.18881885448068,6.112196804994581,1,-1.0690824598328632
Alberta,AB,2022,8,2022-08,20-24,7.7,85.0,154.3,56.1,26.663498098859318,19.54533751917742,160.0,17.476789298397808,0.9202592566314577,1.1877501480313548,6.112196804994581,1,-0.882567435998343
Alberta,AB,2022,9,2022-09,20-24,9.7,74.4,120.0,60.5,33.51800554016621,19.606764526105803,160.1,17.520764802424758,0.9198207706338478,1.1867501631438993,6.112196804994581,1,-0.13879434954066164
Alberta,AB,2022,10,2022-10,20-24,8.2,75.7,125.0,61.9,33.11931514178705,19.673481218868083,161.8,17.395669837532303,0.9197784000348648,1.1858323154664445,6.112196804994581,1,-0.29298903019579775
Alberta,AB,2022,11,2022-11,20-24,7.3,76.8,122.2,69.7,36.32100052110474,19.744687795547687,161.6,17.480239277741475,0.9200825824580595,1.1850100206471144,6.112196804994581,1,-0.4440899646969223
Alberta,AB,2022,12,2022-12,20-24,8.0,77.0,133.4,58.3,30.412102243088157,19.81958445422807,160.8,17.633842553388654,0.9206837555269863,1.1842966943340325,6.112196804994581,1,-0.4423040841807698
Alberta,AB,2023,1,2023-01,20-24,8.0,74.1,122.9,61.9,33.495670995671,19.897371392992095,160.5,17.73614081385713,0.921532356865194,1.183705752175329,6.216023799123657,1,-0.30223261783306077
Alberta,AB,2023,2,2023-02,20-24,10.1,75.6,121.3,64.1,34.57389428263215,19.977248809923225,160.1,17.851832582175824,0.9225788240962363,1.1832506098191273,6.216023799123657,1,-0.2612706668067725
Alberta,AB,2023,3,2023-03,20-24,7.8,75.5,124.8,65.7,34.488188976377955,20.05841690310494,161.7,17.747005843769617,0.9237735948436689,1.1829446829135533,6.216023799123657,1,-0.3999098242940129
Alberta,AB,2023,4,2023-04,20-24,7.4,74.5,128.4,61.3,32.31418028465999,20.140075870620063,163.7,17.601548694095158,0.9250671067310376,1.1828013871067342,6.216023799123657,1,-0.3357101885495399
Alberta,AB,2023,5,2023-05,20-24,8.3,82.2,154.4,53.7,25.804901489668424,20.221425910552064,164.1,17.62956733863284,0.9264097973818981,1.1828341380467955,6.216023799123657,1,-0.7163946576187511
Alberta,AB,2023,6,2023-06,20-24,10.9,84.5,147.1,61.9,29.617224880382775,20.301667220984438,164.4,17.667225408042416,0.927752104419806,1.1830563513818633,6.216023799123657,1,-0.6643705370743244
Alberta,AB,2023,7,2023-07,20-24,8.0,83.4,164.8,49.5,23.09846010265982,20.38,166.0,17.564449799196787,0.9290444654683065,1.1834814427600628,6.216023799123657,1,-0.790884904345666
Alberta,AB,2023,8,2023-08,20-24,7.4,84.2,164.6,54.3,24.805847418912748,20.455624445682233,166.8,17.545071966600347,0.9302373181509556,1.1841228278295204,6.216023799123657,1,-0.8763159393545528
Alberta,AB,2023,9,2023-09,20-24,10.1,72.9,116.7,68.5,36.987041036717066,20.52774075611459,166.0,17.691779784185506,0.931281100091308,1.1849939222383645,6.216023799123657,1,-0.06643880574040961
Alberta,AB,2023,10,2023-10,20-24,5.9,71.5,115.5,75.8,39.62362780972295,20.595549129379936,165.2,17.83617773674308,0.9321262489129106,1.1861081416347163,6.216023799123657,1,-0.33470887240876374
Alberta,AB,2023,11,2023-11,20-24,10.3,74.0,126.2,63.5,33.4739061676331,20.658249763561745,165.6,17.84726408719948,0.9327232022393188,1.187478901666704,6.216023799123657,1,-0.15374195757892886
Alberta,AB,2023,12,2023-12,20-24,11.4,72.8,125.7,60.2,32.383001613770844,20.715042856743416,165.6,17.896329295721166,0.9330223976940853,1.1891196179824586,6.216023799123657,1,-0.0157886206147911
Alberta,AB,2024,1,2024-01,20-24,12.1,74.6,116.7,73.3,38.578947368421055,20.7651286070079,165.9,17.90715932916976,0.9329742729007605,1.1910437062300967,6.425831579762193,1,-0.06949862843534411
Alberta,AB,2024,2,2024-02,20-24,10.5,77.2,124.3,77.0,38.25136612021858,20.80770721243863,166.8,17.847058224577655,0.9325292654828984,1.1932645820577485,6.425831579762193,1,-0.32188245733742654
Alberta,AB,2024,3,2024-03,20-24,10.5,74.5,121.6,74.0,37.83231083844581,20.84197887111894,167.3,17.823027159761402,0.931637813064048,1.1957956611135474,6.425831579762193,1,-0.16137384179994604
Alberta,AB,2024,4,2024-04,20-24,9.9,79.2,130.5,80.2,38.06359753203608,20.86714378113191,168.6,17.706955537488763,0.9302503532677665,1.1986503590456057,6.425831579762193,1,-0.4454922967809596
Alberta,AB,2024,5,2024-05,20-24,10.4,84.0,135.0,88.8,39.67828418230563,20.88240214056091,169.1,17.66750837517986,0.9283173237176044,1.2018420915020556,6.425831579762193,1,-0.6729738828745857
Alberta,AB,2024,6,2024-06,20-24,10.9,85.8,160.0,68.9,30.100480559196157,20.88695414748919,169.4,17.640064384302164,0.9257891620371066,1.205384274131033,6.425831579762193,1,-0.7318790834560417
Alberta,AB,2024,7,2024-07,20-24,9.2,86.2,183.8,52.5,22.217520101565803,20.88,170.4,17.53070422535211,0.9226163058498388,1.209290322580645,6.425831579762193,1,-0.8534157879943255
Alberta,AB,2024,8,2024-08,20-24,8.2,85.4,180.2,58.0,24.349286314021832,20.860739896176614,170.2,17.535114695336866,0.9187491927793475,1.2135736524990266,6.425831579762193,1,-0.8830329444451257
Alberta,AB,2024,9,2024-09,20-24,11.0,81.8,144.8,77.5,34.86279802069275,20.828374034102197,169.2,17.611383245541102,0.9141382604491713,1.2182476795343171,6.425831579762193,1,-0.4884082583886302
Alberta,AB,2024,10,2024-10,20-24,7.8,80.2,144.1,82.6,36.43581826202029,20.782102611860186,170.1,17.479283639056227,0.9087339464828879,1.2233258193346168,6.425831579762193,1,-0.6012019287622136
Alberta,AB,2024,11,2024-11,20-24,10.0,82.9,151.0,78.6,34.23344947735191,20.721125827533765,170.2,17.417757941984906,0.9024866885040377,1.228821487548064,6.425831579762193,1,-0.576737072825262
Alberta,AB,2024,12,2024-12,20-24,9.1,82.4,147.8,83.1,35.989605889995666,20.644643879205976,169.7,17.40459861118681,0.8953469241361528,1.2347480998228015,6.425831579762193,1,-0.6116546872327898
Alberta,AB,2015,1,2015-01,25-29,5.5,87.3,235.6,38.4,14.014598540145984,31.94372122981795,131.0,34.886119979231204,0.8245155643860039,1.1769882880114517,8.236069710301829,0,-1.063335371243609
Alberta,AB,2015,2,2015-02,25-29,6.3,88.8,239.5,36.8,13.318856315598984,31.985309901697875,132.0,34.66690659042608,0.8183293371978212,1.174951887067265,8.236069710301829,0,-1.1341687319689235
Alberta,AB,2015,3,2015-03,25-29,7.5,86.0,226.4,38.3,14.469210426898375,32.027416186368484,133.0,34.45154643405853,0.8128711956779703,1.1732230167054127,8.236069710301829,0,-0.6490444440668232
Alberta,AB,2015,4,2015-04,25-29,6.2,85.8,236.5,31.4,11.720791340052259,32.069989211181735,133.1,34.47142341457351,0.8081071216675205,1.1717807497887656,8.236069710301829,0,-0.7605813113810908
Alberta,AB,2015,5,2015-05,25-29,5.2,87.3,250.4,25.4,9.20957215373459,32.11297810348992,133.6,34.38844860782903,0.8040030970074948,1.1706041591801795,8.236069710301829,0,-1.0324934869234046
Alberta,AB,2015,6,2015-06,25-29,5.9,87.6,248.8,26.1,9.494361586031284,32.156331990645356,134.5,34.2044552425898,0.8005251035389243,1.1696723177425141,8.236069710301829,0,-0.9740586863138763
Alberta,AB,2015,7,2015-07,25-29,5.4,87.4,254.5,21.1,7.656023222060957,32.2,134.6,34.22545814759783,0.7976391231028668,1.1689642983386357,8.236069710301829,0,-1.0038547003815461
Alberta,AB,2015,8,2015-08,25-29,6.9,88.4,247.0,26.9,9.82110259218693,32.24393125890616,135.0,34.17060566993216,0.7953111375403512,1.1684591738314027,8.236069710301829,0,-0.9634282806832903
Alberta,AB,2015,9,2015-09,25-29,5.8,87.2,243.9,29.2,10.692054192603441,32.28807489471612,134.6,34.31907316694442,0.7935071286924128,1.168136017083676,8.236069710301829,0,-0.9505155321903599
Alberta,AB,2015,10,2015-10,25-29,4.6,85.6,239.5,31.5,11.623616236162361,32.33238003478186,135.1,34.238977327728534,0.7921930784001002,1.1679739009583188,8.236069710301829,0,-0.8716184707532095
Alberta,AB,2015,11,2015-11,25-29,6.0,86.5,233.4,36.3,13.459399332591767,32.376795806455675,134.7,34.38782667688883,0.7913349685044476,1.1679518983181914,8.236069710301829,0,-0.8546305922619527
Alberta,AB,2015,12,2015-12,25-29,7.2,84.9,218.8,42.0,16.104294478527606,32.42127133708987,133.5,34.74459340294375,0.7908987808464932,1.168049082026155,8.236069710301829,0,-0.5841199498023978
Alberta,AB,2016,1,2016-01,25-29,7.9,86.7,224.8,39.0,14.783927217589083,32.46575575403641,133.7,34.740220318206,0.7908504972672789,1.1682445249450715,8.021972495290706,0,-0.7277222872576913
Alberta,AB,2016,2,2016-02,25-29,10.0,85.6,220.3,33.5,13.199369582348305,32.51019818464759,133.8,34.76177643460574,0.7911560996078415,1.1685172999378013,8.021972495290706,0,-0.3835822844846953
Alberta,AB,2016,3,2016-03,25-29,8.4,86.9,222.4,39.8,15.179252479023644,32.55454775627572,135.0,34.499782461712435,0.7917815697092233,1.1688464798672078,8.021972495290706,0,-0.6707887960125224
Alberta,AB,2016,4,2016-04,25-29,11.3,86.5,214.5,37.5,14.880952380952381,32.59875359627276,135.1,34.52105858258146,0.7926928894124594,1.1692111375961496,8.021972495290706,0,-0.3286517190591763
Alberta,AB,2016,5,2016-05,25-29,8.6,87.0,228.2,32.4,12.432847275518036,32.642764831991,135.6,34.44020321015373,0.7938560405585907,1.16959034598749,8.021972495290706,0,-0.6549388532544319
Alberta,AB,2016,6,2016-06,25-29,8.2,86.8,224.5,36.3,13.918711656441715,32.68653059078276,136.3,34.30926615202729,0.7952370049886602,1.1699631779040902,8.021972495290706,0,-0.6557094700305931
Alberta,AB,2016,7,2016-07,25-29,9.2,88.1,233.4,28.7,10.950019076688285,32.73,135.6,34.532241887905606,0.7968017645436999,1.1703087062088104,8.021972495290706,0,-0.7367817774593425
Alberta,AB,2016,8,2016-08,25-29,6.1,86.7,239.1,26.7,10.045146726862301,32.77312218699502,135.9,34.50140800259568,0.7985163010647524,1.1706060037645127,8.021972495290706,0,-0.8824186315200057
Alberta,AB,2016,9,2016-09,25-29,6.9,86.2,228.3,33.1,12.662586074980872,32.81584627912011,135.3,34.6995841906833,0.8003465963928618,1.1708341434340592,8.021972495290706,0,-0.7651057677148922
Alberta,AB,2016,10,2016-10,25-29,5.3,85.5,221.8,41.8,15.857359635811832,32.85812140372724,135.8,34.61636157702437,0.8022586323690576,1.1709721980803098,8.021972495290706,0,-0.8346561867901493
Alberta,AB,2016,11,2016-11,25-29,6.3,86.7,227.4,36.1,13.700189753320682,32.899896688168724,135.0,34.865767058177816,0.804218390834384,1.170999240566127,8.021972495290706,0,-0.9070088200453489
Alberta,AB,2016,12,2016-12,25-29,8.6,87.4,224.6,34.1,13.181291070738308,32.941121259796844,134.9,34.93533294960417,0.8061918536298852,1.170894343754371,8.021972495290706,0,-0.7641243927314103
Alberta,AB,2017,1,2017-01,25-29,10.0,85.6,214.9,34.2,13.729425933360096,32.98174424596358,137.0,34.442249708923526,0.8081450025965902,1.1706365805079044,7.779369458453594,0,-0.3440664773304549
Alberta,AB,2017,2,2017-02,25-29,9.3,86.0,218.6,33.2,13.18506751389992,33.021714774021234,136.7,34.559668327261434,0.8100438195755431,1.1702050236895885,7.779369458453594,0,-0.47818564103762085
Alberta,AB,2017,3,2017-03,25-29,10.4,86.9,215.7,35.7,14.200477326968977,33.06098197132209,136.8,34.57547139885829,0.8118542864077882,1.1695787461622822,7.779369458453594,0,-0.47544899167688953
Alberta,AB,2017,4,2017-04,25-29,8.7,86.5,223.1,31.2,12.268973653165553,33.09949496521814,137.4,34.46458815883461,0.8135423849343549,1.1687368207888507,7.779369458453594,0,-0.5877783452369266
Alberta,AB,2017,5,2017-05,25-29,8.1,87.5,231.4,27.1,10.483558994197292,33.137202883061654,137.2,34.55414839020909,0.8150740969962874,1.1676583204321542,7.779369458453594,0,-0.7801466690672663
Alberta,AB,2017,6,2017-06,25-29,7.4,88.2,228.0,34.3,13.076629813191001,33.174054852204954,136.9,34.66838164734932,0.8164154044346282,1.1663223179550493,7.779369458453594,0,-0.9498366064625584
Alberta,AB,2017,7,2017-07,25-29,8.7,87.7,228.0,28.9,11.24951342934994,33.21,137.0,34.68061313868613,0.8175322890904094,1.1647078862204052,7.779369458453594,0,-0.7583529386120501
Alberta,AB,2017,8,2017-08,25-29,7.4,88.7,231.4,31.6,12.015209125475286,33.245003604224685,137.4,34.616097881934095,0.8184009489018017,1.162804975691107,7.779369458453594,0,-1.003311861302864
Alberta,AB,2017,9,2017-09,25-29,6.6,87.2,231.0,29.4,11.290322580645162,33.27909554435924,137.0,34.752768388416015,0.8190384461954832,1.1606470472301444,7.779369458453594,0,-0.9222704385981495
Alberta,AB,2017,10,2017-10,25-29,7.7,88.5,228.6,32.2,12.346625766871167,33.312321850309175,137.6,34.635776497462935,0.819472059395255,1.1582784393005534,7.779369458453594,0,-0.951064004645171
Alberta,AB,2017,11,2017-11,25-29,6.3,85.4,215.6,39.6,15.517241379310345,33.344728551980324,138.4,34.46906911009141,0.8197290669249236,1.1557434903653514,7.779369458453594,0,-0.7021022007576825
Alberta,AB,2017,12,2017-12,25-29,7.7,84.3,206.0,41.9,16.90197660346914,33.3763616792785,137.6,34.70236054444364,0.8198367472082935,1.1530865388875542,7.779369458453594,0,-0.455792547094821
Alberta,AB,2018,1,2018-01,25-29,7.5,87.3,220.7,36.2,14.091086025690933,33.407267262109244,138.9,34.409405108944775,0.8198223786691684,1.1503519233301993,7.5762552660932085,0,-0.7996798969772178
Alberta,AB,2018,2,2018-02,25-29,8.1,85.5,214.4,35.3,14.136964357228674,33.437491330378364,139.7,34.24331013838796,0.8197132397313532,1.1475839821563036,7.5762552660932085,0,-0.5019406525667982
Alberta,AB,2018,3,2018-03,25-29,6.6,85.2,223.6,29.0,11.480601741884403,33.467079913991654,139.9,34.2246144843584,0.819536608818652,1.1448270538288827,7.5762552660932085,0,-0.617189038240384
Alberta,AB,2018,4,2018-04,25-29,6.5,85.7,225.7,28.6,11.246559182068424,33.496079042854696,140.6,34.083729552378465,0.81931976435487,1.1421254768109752,7.5762552660932085,0,-0.6699420162971679
Alberta,AB,2018,5,2018-05,25-29,5.3,88.6,238.8,27.5,10.326699211415697,33.52453474687326,140.7,34.0884395009666,0.8190899847638111,1.1395235895655966,7.5762552660932085,0,-1.1410034701033087
Alberta,AB,2018,6,2018-06,25-29,6.1,88.9,239.7,25.2,9.513023782559458,33.55249305595318,140.7,34.11686808721892,0.8188745484692793,1.1370657305557639,7.5762552660932085,0,-1.0986038383316654
Alberta,AB,2018,7,2018-07,25-29,5.7,89.5,238.8,28.5,10.662177328843995,33.58,141.8,33.87996238834038,0.8187007338950802,1.134796238244514,7.5762552660932085,0,-1.182175218681202
Alberta,AB,2018,8,2018-08,25-29,5.2,90.0,248.7,21.3,7.888888888888889,33.60728584980976,141.6,33.95538391416749,0.8185935277140625,1.132756597376943,7.5762552660932085,0,-1.3026188217725185
Alberta,AB,2018,9,2018-09,25-29,6.2,87.3,231.3,27.7,10.694980694980694,33.63531783973946,141.1,34.1041304436952,0.8185687495952547,1.1309768778264702,7.5762552660932085,0,-0.8949817954994256
Alberta,AB,2018,10,2018-10,25-29,5.9,86.9,232.3,26.0,10.065814943863725,33.665247445036066,141.4,34.062056113648,0.8186399274567308,1.1294842957486073,7.5762552660932085,0,-0.8725305652005066
Alberta,AB,2018,11,2018-11,25-29,6.3,87.0,233.7,23.6,9.172172561212593,33.69822614094682,140.7,34.26505249868367,0.8188205892165641,1.128306067298853,7.5762552660932085,0,-0.8686832756133004
Alberta,AB,2018,12,2018-12,25-29,6.0,86.4,228.0,27.8,10.867865519937451,33.73540540271897,140.5,34.3516868300047,0.8191242627928291,1.1274694086327086,7.5762552660932085,0,-0.8381729489648322
Alberta,AB,2019,1,2019-01,25-29,7.7,87.4,218.7,35.0,13.795821836815136,33.77793670559945,140.5,34.39499509856058,0.8195644761035978,1.1270015359056813,7.350729913851316,0,-0.7894160253677761
Alberta,AB,2019,2,2019-02,25-29,7.8,87.5,222.5,30.9,12.194159431728492,33.82697152483551,142.0,34.08107084145399,0.8201547570669444,1.1269296652732719,7.350729913851316,0,-0.7523462979439081
Alberta,AB,2019,3,2019-03,25-29,7.3,86.9,224.0,28.7,11.357340720221606,33.88366133567445,143.1,33.87576856573835,0.8209086336009449,1.127281012890985,7.350729913851316,0,-0.7062022526999595
Alberta,AB,2019,4,2019-04,25-29,8.4,88.6,221.7,32.0,12.613322822230982,33.949157613363106,143.7,33.79953246962525,0.8218396336236685,1.1280827949143215,7.350729913851316,0,-0.7879890220968221
Alberta,AB,2019,5,2019-05,25-29,8.7,89.2,227.2,27.4,10.761979575805185,34.024611833148775,144.0,33.80408194163763,0.8229612850531909,1.1293622274987851,7.350729913851316,0,-0.8297760317220289
Alberta,AB,2019,6,2019-06,25-29,7.7,87.5,223.7,28.5,11.300555114988105,34.11117547027885,142.7,34.19882390059258,0.8242871158075894,1.1311465267998848,7.350729913851316,0,-0.7771438075599244
Alberta,AB,2019,7,2019-07,25-29,6.7,87.1,226.5,27.1,10.686119873817034,34.21,143.6,34.08294336118849,0.8258306538049304,1.1334629089731132,7.350729913851316,0,-0.8172100619977636
Alberta,AB,2019,8,2019-08,25-29,8.0,89.1,228.5,27.3,10.672400312744331,34.32154165394343,143.4,34.24176122239079,0.8275974089695877,1.1363168676917286,7.350729913851316,0,-0.943560590595662
Alberta,AB,2019,9,2019-09,25-29,4.7,86.1,230.5,25.2,9.855299178725069,34.443475689275786,142.9,34.4836476926456,0.8295608192511249,1.1396270066999952,7.350729913851316,0,-0.951582972318833
Alberta,AB,2019,10,2019-10,25-29,5.1,86.8,225.0,31.3,12.212251268045259,34.572782119546545,143.6,34.44437810053245,0.8316863046053864,1.1432902072599007,7.350729913851316,0,-0.989704110471218
Alberta,AB,2019,11,2019-11,25-29,5.2,88.3,227.3,33.2,12.744721689059501,34.706440958306175,143.6,34.57754052763466,0.8339392849882322,1.1472033506334591,7.350729913851316,0,-1.175760802954345
Alberta,AB,2019,12,2019-12,25-29,5.3,87.0,219.5,36.5,14.2578125,34.84143221910518,143.7,34.687874526652614,0.836285180355524,1.151263318082687,7.350729913851316,0,-1.0233237125647152
Alberta,AB,2020,1,2020-01,25-29,9.2,84.4,206.6,30.9,13.010526315789473,34.97473591549296,144.7,34.579950829139776,0.8386894106631038,1.1553669908695676,7.098726147165227,1,-0.2991172171023169
Alberta,AB,2020,2,2020-02,25-29,9.2,84.0,197.0,39.3,16.631400761743546,35.103332061020026,145.5,34.51626602655165,0.841117395866833,1.1594112502561178,7.098726147165227,1,-0.24328838788587612
Alberta,AB,2020,3,2020-03,25-29,14.0,82.9,187.9,32.5,14.745916515426497,35.22420066923684,144.1,34.971609824743126,0.8435345559225729,1.1632929775043526,7.098726147165227,1,0.32355050218299547
Alberta,AB,2020,4,2020-04,25-29,17.4,78.3,173.5,26.0,13.032581453634084,35.33432175369289,143.0,35.350794630967336,0.8459063107861654,1.1669090538762568,7.098726147165227,1,1.176106036174967
Alberta,AB,2020,5,2020-05,25-29,22.6,83.3,170.0,28.3,14.27130610186586,35.430675327938644,144.1,35.1766038647959,0.8481980804134722,1.1701563606338463,7.098726147165227,1,1.130457020581755
Alberta,AB,2020,6,2020-06,25-29,15.8,87.3,193.5,32.1,14.22872340425532,35.510241405524454,145.0,35.03677152011746,0.8503752847603542,1.172931779039134,7.098726147165227,1,-0.027760180223682724
Alberta,AB,2020,7,2020-07,25-29,12.2,87.0,197.6,36.0,15.41095890410959,35.57,144.9,35.119953991258335,0.8524033437826541,1.17513219035411,7.098726147165227,1,-0.3705430658265443
Alberta,AB,2020,8,2020-08,25-29,12.2,90.2,198.5,43.1,17.839403973509935,35.60795957145309,144.2,35.32810043473802,0.8542486369464352,1.1766871426213854,7.098726147165227,1,-0.7799080333574707
Alberta,AB,2020,9,2020-09,25-29,9.1,87.4,205.0,37.2,15.35920726672172,35.626242366120856,145.0,35.15122580123924,0.8558813817585653,1.1776568510059526,7.098726147165227,1,-0.7396487590522703
Alberta,AB,2020,10,2020-10,25-29,9.6,86.6,203.9,34.1,14.327731092436977,35.62799907677774,145.2,35.10453903524565,0.8572727552361012,1.1781341974533963,7.098726147165227,1,-0.586794071363762
Alberta,AB,2020,11,2020-11,25-29,8.3,86.0,203.6,35.7,14.918512327622233,35.616380396198345,145.4,35.04481995884532,0.8583939343961134,1.1782120639093072,7.098726147165227,1,-0.6405343677766578
Alberta,AB,2020,12,2020-12,25-29,6.2,84.9,203.8,37.1,15.400581154005813,35.594537017157116,144.8,35.16845139908801,0.8592160962556693,1.1779833323192734,7.098726147165227,1,-0.7388885047337612
Alberta,AB,2021,1,2021-01,25-29,9.4,87.7,210.2,29.5,12.307050479766374,35.56561963242872,145.8,34.89886590360861,0.8597104178318302,1.1775408846288844,6.853613344913981,1,-0.7136991309171318
Alberta,AB,2021,2,2021-02,25-29,9.7,87.1,195.5,40.8,17.26618705035971,35.532778934787615,146.4,34.72374480603562,0.8598480761416644,1.1769776027837286,6.853613344913981,1,-0.5894074899157146
Alberta,AB,2021,3,2021-03,25-29,8.1,88.0,203.0,39.2,16.184971098265898,35.49916561700826,146.9,34.57282024692522,0.8596002482022362,1.1763863687293932,6.853613344913981,1,-0.842396991704061
Alberta,AB,2021,4,2021-04,25-29,7.1,86.0,205.2,33.5,14.034352744030166,35.467930371865336,147.7,34.35530515821395,0.8589381110306129,1.1758600644114696,6.853613344913981,1,-0.6780823525152776
Alberta,AB,2021,5,2021-05,25-29,9.0,86.0,200.7,32.4,13.8996138996139,35.44222389213331,148.6,34.12248204240381,0.8578328416438599,1.1754915717755443,6.853613344913981,1,-0.4548239354426828
Alberta,AB,2021,6,2021-06,25-29,9.0,87.8,200.0,37.4,15.754001684919967,35.42519687058665,148.9,34.03737295020325,0.856255617059038,1.175373772767207,6.853613344913981,1,-0.6600867508695375
Alberta,AB,2021,7,2021-07,25-29,7.6,89.1,200.0,44.2,18.099918099918103,35.42,150.3,33.71537813262364,0.8541776142932211,1.1755995493320457,6.853613344913981,1,-0.9194029457405586
Alberta,AB,2021,8,2021-08,25-29,7.2,90.1,210.9,37.1,14.959677419354838,35.42906218987364,151.0,33.56766775252487,0.8515902188441379,1.1762294915637679,6.853613344913981,1,-1.0619580358132652
Alberta,AB,2021,9,2021-09,25-29,5.3,89.0,204.0,45.7,18.301962354825793,35.45192521661134,150.8,33.633877769605625,0.8485656501321752,1.1771950221485599,6.853613344913981,1,-1.1327408526648193
Alberta,AB,2021,10,2021-10,25-29,6.5,86.8,205.6,34.8,14.47587354409318,35.4874090733425,151.5,33.511982341647084,0.8451963360584122,1.178395271920718,6.853613344913981,1,-0.7311047426523315
Alberta,AB,2021,11,2021-11,25-29,7.3,86.6,198.4,39.5,16.6036149642707,35.53433375319664,151.6,33.53416017342128,0.841574704523903,1.179729371714547,6.853613344913981,1,-0.6279909035082162
Alberta,AB,2021,12,2021-12,25-29,5.4,83.0,194.8,37.8,16.25107480653482,35.59151924930347,151.7,33.56598563348945,0.8377931834296996,1.1810964523643532,6.853613344913981,1,-0.3948154999806115
Alberta,AB,2022,1,2022-01,25-29,7.3,84.2,193.2,37.8,16.363636363636363,35.65778555479217,152.8,33.38639083795113,0.8339442006768849,1.1823956447044308,6.78061688144053,1,-0.32199864549652774
Alberta,AB,2022,2,2022-02,25-29,6.4,84.7,194.2,40.2,17.150170648464165,35.73195266279241,154.5,33.087711074154264,0.8301201841665107,1.1835260795690863,6.78061688144053,1,-0.43711726392637623
Alberta,AB,2022,3,2022-03,25-29,7.3,83.8,195.8,34.2,14.869565217391306,35.81284056643391,156.5,32.738809736130854,0.8264135617996294,1.1843868877926236,6.78061688144053,1,-0.19395947609877884
Alberta,AB,2022,4,2022-04,25-29,6.5,83.3,198.0,32.4,14.0625,35.899269258845756,157.0,32.713304386192355,0.8229167614773237,1.18487720020934,6.78061688144053,1,-0.21274415280936373
Alberta,AB,2022,5,2022-05,25-29,4.4,84.9,214.8,25.5,10.611735330836455,35.990058733157674,159.2,32.34282497544236,0.8197222111006452,1.1848961476535405,6.78061688144053,1,-0.5736740583767799
Alberta,AB,2022,6,2022-06,25-29,3.9,87.1,223.6,24.6,9.911361804995972,36.08402898249942,161.4,31.985264847766935,0.8169223385706492,1.1843428609595255,6.78061688144053,1,-0.8443709102796686
Alberta,AB,2022,7,2022-07,25-29,4.4,86.8,216.8,29.8,12.084347120843471,36.18,161.4,32.07033457249071,0.8146095717884131,1.1831164709615996,6.78061688144053,1,-0.767751699614526
Alberta,AB,2022,8,2022-08,25-29,5.7,85.4,208.5,31.8,13.2334581772784,36.27699537275587,160.0,32.43768002913921,0.8128528298118411,1.1811523660721515,6.78061688144053,1,-0.5122907857875448
Alberta,AB,2022,9,2022-09,25-29,5.4,85.4,204.7,36.8,15.238095238095237,36.37485306373026,160.1,32.50486557350203,0.8116269963262439,1.1785309650159101,6.78061688144053,1,-0.5513046448498445
Alberta,AB,2022,10,2022-10,25-29,5.4,86.6,207.9,38.0,15.453436356242376,36.473614629852285,161.8,32.25067037316151,0.810883446173791,1.1753689440957136,6.78061688144053,1,-0.6637272012683443
Alberta,AB,2022,11,2022-11,25-29,6.9,87.0,206.1,37.5,15.39408866995074,36.573321628051865,161.6,32.3788565238446,0.8105735541966421,1.1717829796143793,6.78061688144053,1,-0.5740077192840657
Alberta,AB,2022,12,2022-12,25-29,6.6,85.5,204.7,36.1,14.99169435215947,36.67401561525894,160.8,32.62953462286305,0.8106486952369611,1.16788974787472,6.78061688144053,1,-0.45589053299933396
Alberta,AB,2023,1,2023-01,25-29,7.6,83.8,199.3,35.3,15.046888320545607,36.77573814840261,160.5,32.78119795076719,0.8110602441369107,1.1638059251795811,6.913698316930343,1,-0.16849658220388752
Alberta,AB,2023,2,2023-02,25-29,8.0,83.6,204.9,29.3,12.510674637062339,36.878530784412796,160.1,32.95495609550275,0.8117595757386539,1.1596481878317755,6.913698316930343,1,-0.1250686985252786
Alberta,AB,2023,3,2023-03,25-29,8.8,83.0,202.0,29.8,12.855910267471959,36.98243508021943,161.7,32.720802177757534,0.8126980648843569,1.1555332121341162,6.913698316930343,1,0.05769857977216386
Alberta,AB,2023,4,2023-04,25-29,9.3,80.9,199.6,26.1,11.564023039432875,37.08749259275162,163.7,32.412852414597836,0.8138270864161781,1.1515776743894492,6.913698316930343,1,0.3987106730758847
Alberta,AB,2023,5,2023-05,25-29,6.9,85.6,211.9,34.8,14.106201864612888,37.1937448789393,164.1,32.426478370994815,0.8150980151762827,1.1478982509005875,6.913698316930343,1,-0.4120618058933943
Alberta,AB,2023,6,2023-06,25-29,7.5,87.0,221.3,29.1,11.621405750798722,37.301233495712395,164.4,32.4608463429841,0.8164622260068382,1.1446116179703458,6.913698316930343,1,-0.5227373119686359
Alberta,AB,2023,7,2023-07,25-29,9.0,86.7,226.5,20.7,8.37378640776699,37.41,166.0,32.24171084337349,0.81787109375,1.1418344519015662,6.913698316930343,1,-0.3061469810662532
Alberta,AB,2023,8,2023-08,25-29,6.3,87.9,227.7,31.7,12.220508866615267,37.52008594873204,166.8,32.18149658112668,0.8192759932479352,1.1396834289970625,6.913698316930343,1,-0.7189044462054821
Alberta,AB,2023,9,2023-09,25-29,7.5,86.4,217.1,35.9,14.189723320158102,37.63153289883847,166.0,32.432638393938696,0.8206282993428109,1.1382752255596564,6.913698316930343,1,-0.44731942711424116
Alberta,AB,2023,10,2023-10,25-29,7.1,86.0,225.1,29.3,11.517295597484276,37.74438240724837,165.2,32.68742721789952,0.8218793868767829,1.1377265178921792,6.913698316930343,1,-0.47181621654321226
Alberta,AB,2023,11,2023-11,25-29,7.7,83.2,210.9,35.0,14.233428222854819,37.85867603089165,165.6,32.70721367242089,0.8229806306920181,1.1381539822974491,6.913698316930343,1,-0.07718253571864575
Alberta,AB,2023,12,2023-12,25-29,6.5,83.0,209.6,40.4,16.16,37.97445532669832,165.6,32.807238780633895,0.8238834056306822,1.1396742950782963,6.913698316930343,1,-0.18839629416673698
Alberta,AB,2024,1,2024-01,25-29,8.7,85.7,209.7,43.9,17.310725552050474,38.09176185159738,165.9,32.84907411433714,0.8245390865349334,1.142404132537536,7.127599546142517,1,-0.2920821574562493
Alberta,AB,2024,2,2024-02,25-29,8.8,86.1,216.1,39.9,15.5859375,38.210637162518815,166.8,32.77379190678072,0.8248990482469376,1.1464601709779942,7.127599546142517,1,-0.3204899519191697
Alberta,AB,2024,3,2024-03,25-29,8.9,87.3,219.3,41.5,15.912576687116564,38.33112281639259,167.3,32.77887609642498,0.8249146656088581,1.1519590867025122,7.127599546142517,1,-0.4547425273536954
Alberta,AB,2024,4,2024-04,25-29,10.1,88.0,217.6,43.5,16.660283416315586,38.45326037014771,168.6,32.6297733310941,0.8245373134628576,1.159017556013884,7.127599546142517,1,-0.39740052252679625
Alberta,AB,2024,5,2024-05,25-29,9.5,88.7,232.6,34.0,12.753188297074267,38.577091380714165,169.1,32.638059571461696,0.8237183666511003,1.1677522552149457,7.127599546142517,1,-0.5437530012373104
Alberta,AB,2024,6,2024-06,25-29,7.6,87.6,230.6,40.5,14.939136849870897,38.70265740502193,169.4,32.68630570294256,0.8224092000157452,1.1782798606085527,7.127599546142517,1,-0.6123142278992143
Alberta,AB,2024,7,2024-07,25-29,5.2,88.7,243.8,40.1,14.124691792884816,38.83,170.4,32.60140062597809,0.8205611883989624,1.1907170484974712,7.127599546142517,1,-0.9793249132516092
Alberta,AB,2024,8,2024-08,25-29,7.7,87.7,237.4,37.6,13.672727272727272,38.959160722578346,170.2,32.748280027674554,0.8181257066429128,1.205180495184551,7.127599546142517,1,-0.6217318039638785
Alberta,AB,2024,9,2024-09,25-29,7.0,84.7,233.0,35.8,13.318452380952378,39.090181129687004,169.2,33.05261178262739,0.8150541295897502,1.2217868769726645,7.127599546142517,1,-0.3713664693848848
Alberta,AB,2024,10,2024-10,25-29,8.0,88.4,234.2,44.4,15.936826992103375,39.2231027782549,170.1,32.98952716524986,0.8112978320816543,1.240652870164545,7.127599546142517,1,-0.7047794027720801
Alberta,AB,2024,11,2024-11,25-29,8.7,87.3,227.7,46.1,16.837107377647918,39.357967225212036,170.2,33.083508682062295,0.8068081889607815,1.261895151063058,7.127599546142517,1,-0.5128864031723724
Alberta,AB,2024,12,2024-12,25-29,5.6,85.5,237.3,40.5,14.578833693304535,39.494816027488454,169.7,33.296356391667736,0.8015365750692793,1.285630395971096,7.127599546142517,1,-0.6407063697829972
British Columbia,BC,2015,1,2015-01,20-24,10.8,72.5,128.8,70.8,35.47094188376753,14.805390544486432,118.0,16.4866806571654,0.9374289087847432,1.1564371169745116,6.610069264912269,0,0.3125183029038912
British Columbia,BC,2015,2,2015-02,20-24,10.4,73.3,132.1,70.3,34.73320158102767,14.86005407165398,118.9,16.422296930322396,0.9280233220039066,1.164757597954798,6.610069264912269,0,0.25329702227117235
British Columbia,BC,2015,3,2015-03,20-24,7.8,72.6,130.1,76.1,36.90591658583899,14.909327115962908,119.8,16.352968138877515,0.919601944373207,1.1724276629289698,6.610069264912269,0,0.11774179438895632
British Columbia,BC,2015,4,2015-04,20-24,8.5,72.4,132.7,71.1,34.88714425907753,14.953583954182411,119.6,16.428937555013118,0.9121186632271014,1.1794674978236113,6.610069264912269,0,0.1619982263177302
British Columbia,BC,2015,5,2015-05,20-24,9.3,77.6,145.7,70.6,32.639852057327786,14.993198863082103,120.6,16.33587338813423,0.9055273658999767,1.1858972885653702,6.610069264912269,0,-0.052554841902522804
British Columbia,BC,2015,6,2015-06,20-24,7.7,80.7,158.0,70.9,30.974224552206202,15.02854611943154,120.7,16.36081988478297,0.8997819397262294,1.1917372210808876,6.610069264912269,0,-0.355000153836943
British Columbia,BC,2015,7,2015-07,20-24,9.4,81.3,158.7,67.8,29.93377483443708,15.06,120.8,16.38149006622517,0.8948362720403022,1.1970074812967582,6.610069264912269,0,-0.2682854736333042
British Columbia,BC,2015,8,2015-08,20-24,7.9,80.1,171.0,56.3,24.769027716673996,15.087934781557054,121.0,16.384749010715677,0.8906442501765892,1.2017282551396242,6.610069264912269,0,-0.31186417517975645
British Columbia,BC,2015,9,2015-09,20-24,8.7,75.3,140.8,71.0,33.52219074598678,15.112724740872235,121.0,16.411669677277782,0.8871597614694928,1.2059197285361225,6.610069264912269,0,0.015323617772340951
British Columbia,BC,2015,10,2015-10,20-24,6.7,76.8,141.2,79.7,36.079674060660935,15.134744154714875,120.6,16.490094377525164,0.8843366932534433,1.2096020874128566,6.610069264912269,0,-0.23879966075675152
British Columbia,BC,2015,11,2015-11,20-24,9.0,75.0,139.3,71.3,33.855650522317184,15.154367299854515,120.8,16.484137940404665,0.8821289328628416,1.2127955176964647,6.610069264912269,0,0.03647744168148163
British Columbia,BC,2015,12,2015-12,20-24,8.1,77.7,141.8,78.5,35.63322741715842,15.171968453060671,120.4,16.558111750267212,0.8804903676320947,1.2155202053135792,6.610069264912269,0,-0.20347261463713828
British Columbia,BC,2016,1,2016-01,20-24,8.9,74.1,131.5,76.8,36.869899183869414,15.187921891102715,120.7,16.5343242459892,0.8793748848956229,1.2177963361908117,6.547508479781719,0,0.06786861029549135
British Columbia,BC,2016,2,2016-02,20-24,9.6,76.0,133.0,79.0,37.264150943396224,15.202601890750165,120.8,16.536605036792814,0.8787363719878318,1.2196440962547963,6.547508479781719,0,0.01059571416319846
British Columbia,BC,2016,3,2016-03,20-24,11.8,74.5,127.1,75.9,37.389162561576356,15.216382728772528,121.8,16.4157035349812,0.8785287162431329,1.2210836714321622,6.547508479781719,0,0.29029056472012826
British Columbia,BC,2016,4,2016-04,20-24,7.8,71.8,127.2,77.1,37.73861967694566,15.229638681939196,121.8,16.430004292338346,0.8787058049959381,1.2221352476495277,6.547508479781719,0,0.14406415544023207
British Columbia,BC,2016,5,2016-05,20-24,9.7,79.5,152.7,69.5,31.278127812781282,15.242744027019679,122.7,16.323525388348703,0.8792215255806577,1.2228190108335237,6.547508479781719,0,-0.12841604856857688
British Columbia,BC,2016,6,2016-06,20-24,7.9,79.8,150.4,77.4,33.977172958735736,15.25607304078348,123.1,16.284711596742074,0.8800297653317052,1.223155146910776,6.547508479781719,0,-0.26946056378418776
British Columbia,BC,2016,7,2016-07,20-24,6.9,82.5,172.6,66.1,27.691663175534142,15.27,123.3,16.273138686131386,0.8810844115834874,1.2231638418079096,6.547508479781719,0,-0.49525062436441863
British Columbia,BC,2016,8,2016-08,20-24,5.8,82.2,184.3,57.4,23.748448489863463,15.284899181438739,123.4,16.275816470348868,0.8823393516704171,1.2228652814515515,6.547508479781719,0,-0.5604579942703113
British Columbia,BC,2016,9,2016-09,20-24,7.7,76.8,145.6,76.0,34.29602888086642,15.301144861869213,123.2,16.319565217935182,0.8837484729269095,1.2222796517683254,6.547508479781719,0,-0.12150330574538375
British Columbia,BC,2016,10,2016-10,20-24,8.6,76.5,141.5,77.7,35.447080291970806,15.319111318060802,123.1,16.352000220903246,0.8852656626873681,1.2214271386848616,6.547508479781719,0,-0.045688253679699
British Columbia,BC,2016,11,2016-11,20-24,9.4,74.4,126.8,85.0,40.13220018885741,15.33917282678302,122.7,16.426791437973012,0.8868448082862076,1.2203279281277843,6.547508479781719,0,0.11497535179964952
British Columbia,BC,2016,12,2016-12,20-24,5.7,76.1,135.8,90.2,39.91150442477876,15.3617036648054,122.7,16.450919817077665,0.8884397970578437,1.2190022060237156,6.547508479781719,0,-0.26313889810962815
British Columbia,BC,2017,1,2017-01,20-24,11.1,77.6,134.8,83.2,38.1651376146789,15.387078108897287,123.5,16.3713527409644,0.8900045163366784,1.2174701582992888,6.642066944158347,0,0.07217055150548486
British Columbia,BC,2017,2,2017-02,20-24,7.6,77.6,134.5,92.4,40.72278536800353,15.415670435828204,123.6,16.38850400702125,0.8914928534571274,1.2157519708811269,6.642066944158347,0,-0.19208703284849526
British Columbia,BC,2017,3,2017-03,20-24,7.5,79.7,142.6,91.4,39.05982905982906,15.44785492236772,124.2,16.343382743954255,0.8928586957536052,1.2138678296958503,6.642066944158347,0,-0.3082515112756225
British Columbia,BC,2017,4,2017-04,20-24,7.8,79.2,145.3,87.1,37.47848537005164,15.484005845285123,124.4,16.35529234783332,0.8940559305605157,1.2118379206700958,6.642066944158347,0,-0.26037618014286945
British Columbia,BC,2017,5,2017-05,20-24,7.1,84.8,165.4,86.3,34.28684942391737,15.52449748134997,125.0,16.31935175239509,0.8950384452122738,1.209682429730484,6.642066944158347,0,-0.6236227462367517
British Columbia,BC,2017,6,2017-06,20-24,5.2,85.1,182.2,76.1,29.461866047231904,15.569704107331852,125.2,16.34072779315819,0.8957601270432922,1.2074215428036346,6.642066944158347,0,-0.7872819146545292
British Columbia,BC,2017,7,2017-07,20-24,5.5,85.2,188.1,70.2,27.177700348432055,15.62,125.6,16.341305732484077,0.8961748633879781,1.2050754458161868,6.642066944158347,0,-0.7708682358723066
British Columbia,BC,2017,8,2017-08,20-24,7.9,83.2,184.1,63.0,25.495750708215297,15.6756629371323,125.9,16.360461556308056,0.8962574596867954,1.2026691557777693,6.642066944158347,0,-0.4830609620689356
British Columbia,BC,2017,9,2017-09,20-24,7.1,76.9,150.6,80.4,34.80519480519481,15.736584700539941,125.7,16.45017684686514,0.8960663938044073,1.2002470140300485,6.642066944158347,0,-0.2047409348776574
British Columbia,BC,2017,10,2017-10,20-24,9.0,80.4,152.5,85.1,35.81649831649831,15.802560573041909,125.6,16.53229665045945,0.8956810617115288,1.19785819299772,6.642066944158347,0,-0.2845641601573996
British Columbia,BC,2017,11,2017-11,20-24,6.1,81.9,153.0,97.6,38.94652833200319,15.87338583745768,125.9,16.566822073406986,0.8951808593788745,1.1955518651054593,6.642066944158347,0,-0.5944491137511358
British Columbia,BC,2017,12,2017-12,20-24,5.9,77.4,139.6,98.6,41.39378673383711,15.94885577660679,125.2,16.738655343818948,0.894645182777157,1.1933772027779432,6.642066944158347,0,-0.395254206627579
British Columbia,BC,2018,1,2018-01,20-24,6.6,73.8,131.8,94.6,41.78445229681979,16.028765673308143,126.1,16.70245685545353,0.8941534278770935,1.1913833784398653,6.803852396116375,0,-0.12820780033312898
British Columbia,BC,2018,2,2018-02,20-24,6.8,74.1,130.7,96.7,42.524186455584875,16.112910810381255,127.0,16.671153389638558,0.8937849906493971,1.1896195645159025,6.803852396116375,0,-0.12261619088814575
British Columbia,BC,2018,3,2018-03,20-24,5.7,73.2,139.8,88.3,38.71109162647961,16.201086470645695,127.4,16.709754805673818,0.8936192670647819,1.1881349334307325,6.803852396116375,0,-0.162567358931196
British Columbia,BC,2018,4,2018-04,20-24,6.9,73.0,155.4,70.3,31.147540983606557,16.2930879369203,127.7,16.7651664440981,0.8937356530939631,1.1869786576090464,6.803852396116375,0,-0.07599063625042651
British Columbia,BC,2018,5,2018-05,20-24,8.8,78.4,156.5,81.6,34.27131457370852,16.38871049202463,128.4,16.77162428856726,0.8942135447076542,1.1861999094755216,6.803852396116375,0,-0.24540489724841433
British Columbia,BC,2018,6,2018-06,20-24,6.4,80.5,179.1,72.6,28.843861740166865,16.487749418778268,128.6,16.84673618683876,0.8951323378765731,1.1858478614548402,6.803852396116375,0,-0.5627195304636344
British Columbia,BC,2018,7,2018-07,20-24,5.6,82.2,189.9,69.9,26.905311778290997,16.59,129.7,16.80744795682344,0.8965714285714286,1.185971685971686,6.803852396116375,0,-0.7094611382977205
British Columbia,BC,2018,8,2018-08,20-24,6.7,84.3,199.4,64.6,24.469696969696965,16.69515161632803,129.6,16.927028722110368,0.8985748911912095,1.1865982024796415,6.803852396116375,0,-0.7780671947153895
British Columbia,BC,2018,9,2018-09,20-24,3.9,77.3,171.1,78.6,31.477773327993592,16.80247003967506,128.9,17.128351925626866,0.9010455138479994,1.1876648185478984,6.803852396116375,0,-0.6363999505796699
British Columbia,BC,2018,10,2018-10,20-24,4.0,77.9,160.2,91.8,36.42857142857142,16.911115139771557,129.4,17.172492498964314,0.9038507630821329,1.1890865887745403,6.803852396116375,0,-0.6744327095569055
British Columbia,BC,2018,11,2018-11,20-24,4.0,77.6,157.0,94.3,37.52487067250298,17.020246786348828,128.9,17.350352426115098,0.9068581054339644,1.1907785677576594,6.803852396116375,0,-0.7021527353820883
British Columbia,BC,2018,12,2018-12,20-24,4.9,75.2,154.1,87.2,36.13758806464981,17.12902484913821,129.0,17.4477043812152,0.9099350074438514,1.192655810095351,6.803852396116375,0,-0.5225949421049854
British Columbia,BC,2019,1,2019-01,20-24,8.7,79.5,151.5,94.1,38.314332247557005,17.236609197870145,129.1,17.54369053911803,0.9129489356521249,1.1946333703856948,6.894374549747585,0,-0.5105738562354415
British Columbia,BC,2019,2,2019-02,20-24,6.5,77.3,153.4,91.3,37.31099305271761,17.342159702275964,129.8,17.555930546063646,0.9157673565991419,1.1966263032267848,6.894374549747585,0,-0.5512030051404287
British Columbia,BC,2019,3,2019-03,20-24,9.1,76.1,144.4,90.0,38.395904436860064,17.44483623208698,130.7,17.5382668775534,0.9182577368252574,1.1985496632167163,6.894374549747585,0,-0.28501309776205774
British Columbia,BC,2019,4,2019-04,20-24,6.2,78.8,150.0,100.9,40.21522518931845,17.543798657033662,131.2,17.570542252547437,0.9202875428708058,1.200318504953568,6.894374549747585,0,-0.6629723715946655
British Columbia,BC,2019,5,2019-05,20-24,8.7,84.5,175.2,87.3,33.25714285714286,17.638206846847336,131.8,17.58467662879924,0.9217242412761432,1.2018478830354355,6.894374549747585,0,-0.8069248478135173
British Columbia,BC,2019,6,2019-06,20-24,8.2,87.0,183.5,88.4,32.511952923869075,17.72722067125926,131.9,17.660021199419763,0.9224352985816188,1.2030528520604116,6.894374549747585,0,-1.0060741980726198
British Columbia,BC,2019,7,2019-07,20-24,8.5,85.5,184.5,82.4,30.872986137130017,17.81,132.4,17.6754833836858,0.9222881813275768,1.2038484666265785,6.894374549747585,0,-0.9018935713890656
British Columbia,BC,2019,8,2019-08,20-24,8.4,82.6,182.8,76.0,29.36630602782071,17.885987541999523,132.2,17.777751611336896,0.9212053128515016,1.204174532477812,6.894374549747585,0,-0.7692410893581073
British Columbia,BC,2019,9,2019-09,20-24,6.9,74.2,154.1,82.4,34.84143763213531,17.955757362982528,132.0,17.87414028405988,0.9193289436793978,1.204069859941107,6.894374549747585,0,-0.42446728229754277
British Columbia,BC,2019,10,2019-10,20-24,6.2,76.9,159.9,87.6,35.39393939393939,18.020166367871862,132.2,17.911118462468707,0.9168562811344195,1.2035980104892423,6.894374549747585,0,-0.6402288657673946
British Columbia,BC,2019,11,2019-11,20-24,6.5,75.0,148.2,92.9,38.53172957279138,18.080071461590933,131.8,18.025200228020097,0.9139845325397062,1.2028225455949966,6.894374549747585,0,-0.5380528607381709
British Columbia,BC,2019,12,2019-12,20-24,5.2,75.8,151.4,95.9,38.77881116053376,18.136329549063095,131.7,18.09501672548892,0.9109109052183926,1.201807026731144,6.894374549747585,0,-0.6979768179927378
British Columbia,BC,2020,1,2020-01,20-24,5.9,74.7,135.4,106.8,44.09578860445912,18.18979753521127,132.1,18.093409508908106,0.9078326064936395,1.2006150153704684,6.702071694505188,1,-0.5826634044668824
British Columbia,BC,2020,2,2020-02,20-24,8.7,75.9,134.0,104.8,43.88609715242881,18.241332324958815,132.9,18.035448212938963,0.9049468436885819,1.1993100729857447,6.702071694505188,1,-0.42873598903095256
British Columbia,BC,2020,3,2020-03,20-24,19.0,68.7,125.9,66.0,34.392912975508075,18.291790823229093,132.3,18.167356872050664,0.9024508241263572,1.1979557610497478,6.702071694505188,1,0.7147671379074548
British Columbia,BC,2020,4,2020-04,20-24,23.4,56.5,102.4,46.9,31.413261888814464,18.342029934945035,131.2,18.369990346431234,0.900541755130123,1.1966156410352624,6.702071694505188,1,1.6882653209059562
British Columbia,BC,2020,5,2020-05,20-24,25.4,66.0,114.0,56.1,32.98059964726632,18.39290656503,131.5,18.378919563839865,0.899416844023015,1.1953532744150632,6.702071694505188,1,1.2911268661894686
British Columbia,BC,2020,6,2020-06,20-24,26.8,78.3,126.7,71.1,35.94539939332659,18.445277618407346,132.6,18.278352029100493,0.8992732981281779,1.1942322226619246,6.702071694505188,1,0.7168941851515647
British Columbia,BC,2020,7,2020-07,20-24,21.9,83.5,139.3,85.5,38.03380782918149,18.5,132.6,18.332579185520363,0.9003083247687563,1.1933160472486315,6.702071694505188,1,0.04186006922862003
British Columbia,BC,2020,8,2020-08,20-24,21.3,79.6,140.8,74.8,34.6938775510204,18.55776742863643,132.4,18.417603022075735,0.9026486032771257,1.1926524670547345,6.702071694505188,1,0.1989328679548684
British Columbia,BC,2020,9,2020-09,20-24,16.2,71.5,120.6,84.8,41.28529698149951,18.618620878765576,132.5,18.464051195998465,0.9061387010226086,1.192225830586893,6.702071694505188,1,0.27179170548164827
British Columbia,BC,2020,10,2020-10,20-24,14.5,73.7,112.4,102.7,47.745234774523475,18.68243813874098,132.9,18.47157540579808,0.9105526573837317,1.192004643758546,6.702071694505188,1,0.017797676481300446
British Columbia,BC,2020,11,2020-11,20-24,14.9,74.9,125.9,90.6,41.84757505773672,18.7490969969167,133.3,18.481855554349995,0.9156645117390487,1.191957412483129,6.702071694505188,1,-0.02373221868484136
British Columbia,BC,2020,12,2020-12,20-24,10.5,71.7,141.6,75.6,34.806629834254146,18.818475241646798,132.8,18.620087701448714,0.9212483034671213,1.1920526426740792,6.702071694505188,1,-0.20233641895047386
British Columbia,BC,2021,1,2021-01,20-24,16.2,75.9,129.4,84.5,39.504441327723235,18.890450661284785,133.6,18.579380365964226,0.927078071946464,1.1922588402448329,6.379976524227208,1,-0.008997712673011268
British Columbia,BC,2021,2,2021-02,20-24,16.0,76.3,137.4,77.2,35.97390493942218,18.96490104418472,134.1,18.583057398999795,0.9329278565556375,1.192544511108827,6.379976524227208,1,-0.047659384109306556
British Columbia,BC,2021,3,2021-03,20-24,12.2,73.5,120.3,94.5,43.99441340782123,19.041704178700698,134.9,18.547664411277033,0.9385716966732027,1.1928781611794992,6.379976524227208,1,-0.16077294911039353
British Columbia,BC,2021,4,2021-04,20-24,8.6,68.3,139.7,67.2,32.47945867568875,19.120737853186192,135.2,18.583320665004926,0.9437836316776738,1.1932282963702843,6.379976524227208,1,-0.13967752546903314
British Columbia,BC,2021,5,2021-05,20-24,11.9,76.6,158.7,64.0,28.738212842388865,19.201879855995276,135.1,18.675995655646037,0.9483377009476126,1.1935634225946197,6.379976524227208,1,-0.392760689505427
British Columbia,BC,2021,6,2021-06,20-24,7.9,79.2,167.0,72.5,30.2713987473904,19.28500797548207,135.8,18.66016235624701,0.9520079438615736,1.1938520457659436,6.379976524227208,1,-0.8345524052177077
British Columbia,BC,2021,7,2021-07,20-24,11.2,84.6,161.0,85.3,34.63256191636216,19.37,136.7,18.619005120702273,0.9545683997980818,1.194062671797691,6.379976524227208,1,-0.8879797667774042
British Columbia,BC,2021,8,2021-08,20-24,9.9,82.0,175.2,66.6,27.543424317617866,19.456686956417364,137.0,18.661377124622202,0.9558591274039907,1.1941667380061392,6.379976524227208,1,-0.8464925570693236
British Columbia,BC,2021,9,2021-09,20-24,10.8,74.9,136.2,82.6,37.751371115173676,19.544712825659246,137.2,18.71847860999727,0.955984262399326,1.1941474073189233,6.379976524227208,1,-0.38792991832100837
British Columbia,BC,2021,10,2021-10,20-24,9.5,76.0,142.8,82.1,36.5051133837261,19.63367482716421,137.9,18.708229675775033,0.9551139597724098,1.1939907740665199,6.379976524227208,1,-0.5448109686247843
British Columbia,BC,2021,11,2021-11,20-24,7.9,77.2,134.5,97.9,42.12564543889845,19.72317018037152,138.1,18.766289367855308,0.9534183745115666,1.1936829325794043,6.379976524227208,1,-0.7469286395270313
British Columbia,BC,2021,12,2021-12,20-24,10.5,76.6,128.2,96.0,42.81891168599465,19.81279610472047,138.0,18.865227595364274,0.9510676616051125,1.1932099771880507,6.379976524227208,1,-0.5444826890136543
British Columbia,BC,2022,1,2022-01,20-24,10.8,77.1,123.3,101.1,45.05347593582888,19.902149819649605,139.4,18.75998914133399,0.9482319760413831,1.1925580022229367,6.333734228177901,1,-0.5242483703426032
British Columbia,BC,2022,2,2022-02,20-24,8.6,79.2,150.4,85.6,36.271186440677965,19.99082854459821,140.4,18.709365176354734,0.9450814728086956,1.191713102014538,6.333734228177901,1,-0.7949821328680291
British Columbia,BC,2022,3,2022-03,20-24,8.1,78.5,137.9,97.3,41.36904761904762,20.078429499005555,143.0,18.449689763421887,0.9417863068953636,1.190661370893326,6.333734228177901,1,-0.7265481475209944
British Columbia,BC,2022,4,2022-04,20-24,8.4,78.0,138.7,94.0,40.39535883111302,20.164549902310203,144.2,18.374631464379757,0.9385166332897285,1.1893889031897829,6.333734228177901,1,-0.6567276417794429
British Columbia,BC,2022,5,2022-05,20-24,8.2,82.1,163.5,81.2,33.183489987740096,20.248786973951432,146.1,18.211434691151393,0.9354426069801041,1.187881793234381,6.333734228177901,1,-0.8649274065078097
British Columbia,BC,2022,6,2022-06,20-24,7.2,82.8,166.1,83.0,33.319951826575675,20.3307379333685,146.5,18.235214774366014,0.9327343829548062,1.1861261353575914,6.333734228177901,1,-0.9852348347828471
British Columbia,BC,2022,7,2022-07,20-24,6.6,81.8,179.7,67.7,27.364591754244145,20.41,147.6,18.16987804878049,0.9305621162021728,1.1841080238898987,6.333734228177901,1,-0.9561056303173183
British Columbia,BC,2022,8,2022-08,20-24,7.4,81.5,174.5,69.6,28.51290454731667,20.48632965310109,147.0,18.312270179710772,0.9290568745765312,1.1818251511746183,6.333734228177901,1,-0.9154633357072104
British Columbia,BC,2022,9,2022-09,20-24,6.1,77.7,141.6,94.5,40.02541296060991,20.560120411190486,147.8,18.27875387030061,0.9281933773962654,1.179321601606438,6.333734228177901,1,-0.7861846466197463
British Columbia,BC,2022,10,2022-10,20-24,6.0,77.8,142.9,93.5,39.55160744500846,20.6319250526022,148.6,18.24384220667516,0.9279072568457778,1.1766530575929102,6.333734228177901,1,-0.7905218970750515
British Columbia,BC,2022,11,2022-11,20-24,8.8,77.3,130.2,98.1,42.96977660972405,20.70229635567085,148.1,18.367871310838286,0.9281341451094631,1.1738752015415668,6.333734228177901,1,-0.5852743388233015
British Columbia,BC,2022,12,2022-12,20-24,5.1,76.6,129.2,106.4,45.16129032258065,20.771787098731036,147.1,18.554811861137036,0.9288096743717215,1.1710437158599392,6.333734228177901,1,-0.8671878602794001
British Columbia,BC,2023,1,2023-01,20-24,9.6,79.0,138.4,93.0,40.190146931719966,20.840950060116796,148.1,18.490890195134014,0.9298694768169471,1.1682142829555817,6.442482869459772,1,-0.6541469496964968
British Columbia,BC,2023,2,2023-02,20-24,8.4,78.5,140.7,93.4,39.89747970952585,20.910338018162737,149.1,18.428024249407002,0.9312491846295392,1.1654425852360248,6.442482869459772,1,-0.6988014598723796
British Columbia,BC,2023,3,2023-03,20-24,5.8,78.6,140.6,101.4,41.900826446280995,20.98050375120346,149.7,18.41575279163751,0.9328844299939005,1.1627843051088005,6.442482869459772,1,-0.8945157275144923
British Columbia,BC,2023,4,2023-04,20-24,11.0,78.1,137.2,91.0,39.877300613496935,21.052000037573,150.4,18.392505351975345,0.9347108450944196,1.1602951249814624,6.442482869459772,1,-0.4738674198033863
British Columbia,BC,2023,5,2023-05,20-24,9.8,82.3,163.7,81.1,33.12908496732026,21.125379655605954,151.0,18.383277395672998,0.9366640621154989,1.1580307272615413,6.442482869459772,1,-0.8009049350647626
British Columbia,BC,2023,6,2023-06,20-24,7.9,83.4,177.7,76.8,30.176817288801573,21.201195383636954,151.6,18.376233993468972,0.9386797132415414,1.156046794356571,6.442482869459772,1,-1.0031542341919686
British Columbia,BC,2023,7,2023-07,20-24,5.8,83.1,184.1,76.9,29.46360153256705,21.28,152.1,18.38390532544379,0.9406934306569342,1.1543990086741016,6.442482869459772,1,-1.143887285290251
British Columbia,BC,2023,8,2023-08,20-24,7.7,83.5,193.0,65.7,25.396211828372632,21.36234628302971,152.6,18.39457602614747,0.9426408465460805,1.1531430526216655,6.442482869459772,1,-1.028355897680812
British Columbia,BC,2023,9,2023-09,20-24,6.8,77.7,157.2,87.9,35.86291309669523,21.448787011060727,152.7,18.456912987906875,0.9444575930933831,1.1523346086068003,6.442482869459772,1,-0.7791547526217687
British Columbia,BC,2023,10,2023-10,20-24,4.3,77.3,166.4,85.7,33.99444664815549,21.539874962427003,152.6,18.54744148140831,0.9460793024832297,1.1520293590370485,6.442482869459772,1,-0.9647817649601572
British Columbia,BC,2023,11,2023-11,20-24,6.7,77.8,162.9,86.6,34.70941883767535,21.636162915463185,152.8,18.605967323899623,0.9474416069000233,1.1522829863199466,6.442482869459772,1,-0.8299133360987714
British Columbia,BC,2023,12,2023-12,20-24,6.8,77.0,158.9,89.8,36.10776035383997,21.738203648503962,152.1,18.779749897524134,0.9484801385281645,1.1531511728630366,6.442482869459772,1,-0.8205770635973396
British Columbia,BC,2024,1,2024-01,20-24,8.0,77.0,148.7,98.5,39.846278317152105,21.8465499398832,152.6,18.811511547186452,0.949130529552045,1.1546896010738523,6.626334790660176,1,-0.739472934206728
British Columbia,BC,2024,2,2024-02,20-24,7.9,76.1,151.5,95.3,38.61426256077796,21.961754567935586,153.0,18.861271570109388,0.9493284121560662,1.1569539533599342,6.626334790660176,1,-0.7079741989258528
British Columbia,BC,2024,3,2024-03,20-24,7.0,78.4,157.9,100.7,38.940448569218866,22.08437031099587,153.8,18.867921058939253,0.9490094185246244,1.15999991212883,6.626334790660176,1,-0.9080551764953976
British Columbia,BC,2024,4,2024-04,20-24,6.2,77.9,159.6,101.8,38.94414690130069,22.214949947397805,154.7,18.869065436897685,0.9481091808421189,1.1638831597880623,6.626334790660176,1,-0.9391555757478137
British Columbia,BC,2024,5,2024-05,20-24,9.1,80.3,166.8,96.4,36.62613981762918,22.354046255476117,155.4,18.90168389941803,0.9465633312929478,1.168659378745177,6.626334790660176,1,-0.8693002645757243
British Columbia,BC,2024,6,2024-06,20-24,8.0,79.9,180.0,87.3,32.65993265993266,22.50221201356565,155.5,19.0147309233603,0.9443075020615015,1.1743842514077296,6.626334790660176,1,-0.9566376459585327
British Columbia,BC,2024,7,2024-07,20-24,8.3,81.3,187.7,85.3,31.245421245421245,22.66,156.4,19.03787723785166,0.9412773253321903,1.1811134601832276,6.626334790660176,1,-1.020281055094846
British Columbia,BC,2024,8,2024-08,20-24,9.3,79.2,178.6,86.7,32.67998492272899,22.827962993113978,156.2,19.20354889433532,0.937408433289407,1.1889026874792243,6.626334790660176,1,-0.8676967745313803
British Columbia,BC,2024,9,2024-09,20-24,10.3,74.6,152.1,96.2,38.7434554973822,23.006653771242497,155.8,19.403557801933662,0.9326364581175353,1.1978076157032842,6.626334790660176,1,-0.5807726821286336
British Columbia,BC,2024,10,2024-10,20-24,8.5,75.6,152.1,105.7,41.00077579519007,23.19662511271899,156.2,19.51367823182635,0.9268970320009985,1.2078839272628974,6.626334790660176,1,-0.7994399535715125
British Columbia,BC,2024,11,2024-11,20-24,8.5,74.3,153.4,100.5,39.58251280031509,23.39842979587836,156.3,19.670848849510023,0.920125787124183,1.2191873045656254,6.626334790660176,1,-0.7647375706601579
British Columbia,BC,2024,12,2024-12,20-24,8.6,75.2,149.1,108.0,42.007001166861144,23.61262059905561,156.1,19.87635071566885,0.9122583556714638,1.2317734300190435,6.626334790660176,1,-0.8606481928408126
British Columbia,BC,2015,1,2015-01,25-29,7.8,83.3,211.8,32.7,13.374233128834357,27.910557798007563,118.0,31.08006181913724,0.8311705811138187,1.1121396289607888,6.922357323681684,0,0.12229378955509951
British Columbia,BC,2015,2,2015-02,25-29,6.5,81.0,202.5,38.8,16.079569001243264,27.890854543854534,118.9,30.82303016873411,0.8294486237294398,1.1184108285230498,6.922357323681684,0,0.29675510477492867
British Columbia,BC,2015,3,2015-03,25-29,6.5,80.1,197.2,41.9,17.524048515265576,27.87433320186096,119.8,30.573350440104594,0.8280147475246753,1.1241104743132837,6.922357323681684,0,0.4355270676154008
British Columbia,BC,2015,4,2015-04,25-29,6.2,82.2,203.1,43.4,17.60649087221095,27.860990424252837,119.6,30.60981723868581,0.8268511072547572,1.1292619746235089,6.922357323681684,0,0.1485592430311363
British Columbia,BC,2015,5,2015-05,25-29,6.4,84.0,216.7,34.9,13.871224165341811,27.850822863256028,120.6,30.344926403249104,0.8259398576749059,1.1338887377457918,6.922357323681684,0,-0.013999975636126446
British Columbia,BC,2015,6,2015-06,25-29,4.5,84.9,229.6,30.3,11.658330126971913,27.843827171096432,120.7,30.31216976207184,0.8252631535403439,1.1380141719721928,6.922357323681684,0,-0.312308316572456
British Columbia,BC,2015,7,2015-07,25-29,4.7,85.1,225.5,35.0,13.43570057581574,27.84,120.8,30.282913907284772,0.8248031496062992,1.14166168559474,6.922357323681684,0,-0.31219669787308196
British Columbia,BC,2015,8,2015-08,25-29,4.6,84.9,225.6,35.1,13.463751438434985,27.839338002192616,121.0,30.23214060733975,0.8245420006279942,1.1448546869054945,6.922357323681684,0,-0.29217611477521266
British Columbia,BC,2015,9,2015-09,25-29,4.2,86.3,232.5,34.4,12.888722367928063,27.841837829900214,121.0,30.234855296271803,0.8244618613606535,1.1476165841965136,6.922357323681684,0,-0.5012871857100893
British Columbia,BC,2015,10,2015-10,25-29,5.0,84.7,229.6,31.0,11.895625479662316,27.847496135348674,120.6,30.34130175940975,0.8245448865595014,1.1499707857598322,6.922357323681684,0,-0.24075953375222223
British Columbia,BC,2015,11,2015-11,25-29,6.6,84.1,219.4,35.4,13.89324960753532,27.85630957076393,120.8,30.30065461588064,0.8247732309797622,1.1519406998875086,6.922357323681684,0,-4.310395580057561e-05
British Columbia,BC,2015,12,2015-12,25-29,7.6,84.6,216.7,37.4,14.718614718614717,27.868274788371917,120.4,30.414379627841114,0.8251290493766612,1.1535497348715962,6.922357323681684,0,0.028301488576156737
British Columbia,BC,2016,1,2016-01,25-29,8.7,85.6,208.8,45.6,17.92452830188679,27.883388440398488,120.7,30.35523811987043,0.825594496505421,1.1548212990041367,6.969311922463044,0,0.028318283753123452
British Columbia,BC,2016,2,2016-02,25-29,8.3,84.6,211.2,42.0,16.587677725118485,27.90164717906958,120.8,30.349970524252843,0.8261517271212668,1.1557788005771843,6.969311922463044,0,0.10791203380869456
British Columbia,BC,2016,3,2016-03,25-29,6.6,84.9,215.7,43.9,16.910631741140218,27.92304765661117,121.8,30.123878999004173,0.8267828959794246,1.1564456478827911,6.969311922463044,0,-0.07408718275505881
British Columbia,BC,2016,4,2016-04,25-29,6.9,84.5,212.2,46.0,17.815646785437647,27.947586525249054,121.8,30.150351965662775,0.8274701578351153,1.1568452492130032,6.969311922463044,0,0.0012968889577929337
British Columbia,BC,2016,5,2016-05,25-29,7.8,85.2,220.2,38.4,14.849187935034806,27.975260437209197,122.7,29.958836360629896,0.828195667443565,1.1570010128598727,6.969311922463044,0,0.033179045266815664
British Columbia,BC,2016,6,2016-06,25-29,6.4,86.6,230.3,37.4,13.970862906238327,28.0060660447176,123.1,29.894371066416674,0.8289415795600003,1.1569363471154488,6.969311922463044,0,-0.2699740105336981
British Columbia,BC,2016,7,2016-07,25-29,6.2,85.3,231.0,33.9,12.797281993204985,28.04,123.3,29.882043795620437,0.8296900489396412,1.1566746602717826,6.969311922463044,0,-0.13307246113501295
British Columbia,BC,2016,8,2016-08,25-29,6.6,86.5,227.4,40.6,15.149253731343284,28.077058955282396,123.4,29.89728968171886,0.8304232303377141,1.1562393606209236,6.969311922463044,0,-0.23787669552614923
British Columbia,BC,2016,9,2016-09,25-29,6.0,83.4,217.8,42.9,16.455696202531644,28.117239562790814,123.2,29.988679209015526,0.8311232785094456,1.1556538564549201,6.969311922463044,0,0.061046409927825784
British Columbia,BC,2016,10,2016-10,25-29,5.6,84.2,216.4,48.2,18.2161753590325,28.160538474750943,123.1,30.059258778085084,0.8317723482100557,1.154941556065825,6.969311922463044,0,-0.08452808399208168
British Columbia,BC,2016,11,2016-11,25-29,6.8,83.0,214.1,43.7,16.9511249030256,28.206952343388807,122.7,30.20695629927701,0.8323525941947711,1.1541258677456876,6.969311922463044,0,0.16388516356524588
British Columbia,BC,2016,12,2016-12,25-29,8.5,85.3,222.5,38.2,14.652857690832377,28.256477820930446,122.7,30.259993363245805,0.8328461712188173,1.1532301997865548,6.969311922463044,0,0.0555918666751955
British Columbia,BC,2017,1,2017-01,25-29,5.8,85.1,224.9,43.4,16.175922474841595,28.309111559601515,123.5,30.119977805114484,0.8332352340374162,1.1522779604804816,7.039963098389568,0,-0.17946129010218423
British Columbia,BC,2017,2,2017-02,25-29,5.9,86.5,226.7,46.4,16.99011351153424,28.364850211628042,123.6,30.15486503080846,0.8335019374057934,1.1512925581195153,7.039963098389568,0,-0.3413760722473261
British Columbia,BC,2017,3,2017-03,25-29,4.1,86.4,235.5,43.1,15.470208183776021,28.423690429236117,124.2,30.07144059904691,0.8336284360791731,1.1502974009957034,7.039963098389568,0,-0.5033009699028633
British Columbia,BC,2017,4,2017-04,25-29,5.1,89.0,245.8,39.3,13.78463696948439,28.485628864651325,124.4,30.088517948675115,0.8335968848127796,1.1493158974011017,7.039963098389568,0,-0.7147569267842738
British Columbia,BC,2017,5,2017-05,25-29,5.1,92.1,255.0,40.8,13.793103448275861,28.550662170099734,125.0,30.012456073208845,0.8333894383618375,1.148371455627757,7.039963098389568,0,-1.0769856719974569
British Columbia,BC,2017,6,2017-06,25-29,3.9,91.1,257.0,40.3,13.55533131516986,28.618786997807447,125.2,30.036011274056698,0.8329882514815697,1.1474874839677172,7.039963098389568,0,-1.082836527603514
British Columbia,BC,2017,7,2017-07,25-29,5.3,90.6,260.4,31.5,10.79136690647482,28.69,125.6,30.014856687898092,0.8323754789272031,1.1466873907130368,7.039963098389568,0,-0.8769889981195763
British Columbia,BC,2017,8,2017-08,25-29,7.1,91.0,257.2,31.1,10.78737426292057,28.764127565566472,125.9,30.020701843649203,0.8315431787791185,1.1459898934108534,7.039963098389568,0,-0.7414345933778019
British Columbia,BC,2017,9,2017-09,25-29,3.1,86.7,252.0,35.3,12.286808214410023,28.84031503004787,125.7,30.14810974501424,0.8305230224183261,1.1453949466286657,7.039963098389568,0,-0.6510974548780016
British Columbia,BC,2017,10,2017-10,25-29,3.0,83.4,243.9,33.2,11.981234211476002,28.917537465647545,125.6,30.2529014568956,0.8293565845510015,1.1448978141890669,7.039963098389568,0,-0.27868026376253224
British Columbia,BC,2017,11,2017-11,25-29,4.9,85.2,241.7,36.6,13.151275601868488,28.994769944569484,125.9,30.261419942147977,0.8280854398833127,1.1444937599146445,7.039963098389568,0,-0.30105675497634704
British Columbia,BC,2017,12,2017-12,25-29,4.4,86.5,243.6,40.8,14.345991561181433,29.070987539017676,125.2,30.510605132802898,0.8267511631214266,1.144178047627989,7.039963098389568,0,-0.5388955607087123
British Columbia,BC,2018,1,2018-01,25-29,5.8,83.8,230.2,42.2,15.491923641703378,29.145165321195464,126.1,30.370140548811136,0.8253953289715206,1.143945941151691,7.155835545219369,0,-0.05455180500597697
British Columbia,BC,2018,2,2018-02,25-29,5.4,85.2,235.8,43.1,15.453567586948727,29.21627836330685,127.0,30.22849588140567,0.8240595121397619,1.14379270430834,7.155835545219369,0,-0.24580998281035402
British Columbia,BC,2018,3,2018-03,25-29,6.5,85.5,229.1,49.0,17.619561308881696,29.283301737555774,127.4,30.20271466495156,0.8227852873323173,1.143713600920526,7.155835545219369,0,-0.16600119938823088
British Columbia,BC,2018,4,2018-04,25-29,5.6,86.6,242.7,42.6,14.931650893796004,29.345210516145652,127.7,30.19546328756099,0.8216142292553642,1.143703894810839,7.155835545219369,0,-0.38909012225365397
British Columbia,BC,2018,5,2018-05,25-29,7.5,87.7,236.7,47.1,16.596194503171247,29.40097977128045,128.4,30.087918550983268,0.8205879126150696,1.1437588498018687,7.155835545219369,0,-0.3131954487931456
British Columbia,BC,2018,6,2018-06,25-29,5.9,88.2,253.3,38.1,13.07481125600549,29.44958457516406,128.6,30.090788593907916,0.8197479121176019,1.143873729716206,7.155835545219369,0,-0.5372517564477186
British Columbia,BC,2018,7,2018-07,25-29,3.7,89.3,268.9,34.2,11.283404816892117,29.49,129.7,29.876530454895917,0.8191358024691359,1.1440437983764395,7.155835545219369,0,-0.8677953500985479
British Columbia,BC,2018,8,2018-08,25-29,4.2,88.8,265.3,35.0,11.655011655011654,29.521806939858788,129.6,29.93183203624572,0.8187841123548478,1.1442638451214515,7.155835545219369,0,-0.7635182478931178
British Columbia,BC,2018,9,2018-09,25-29,3.7,88.9,259.8,43.2,14.25742574257426,29.54700957627732,128.9,30.12007027403289,0.81868918637595,1.1445267613552894,7.155835545219369,0,-0.8499609292659556
British Columbia,BC,2018,10,2018-10,25-29,3.9,87.1,249.9,46.9,15.80188679245283,29.568217912658877,129.4,30.025222826301206,0.8188383231126629,1.1448249639982904,7.155835545219369,0,-0.6019729000065706
British Columbia,BC,2018,11,2018-11,25-29,3.8,87.4,249.8,48.7,16.314907872696818,29.588041952406986,128.9,30.161898468163525,0.8192188211452064,1.145150869970793,7.155835545219369,0,-0.6650752683757748
British Columbia,BC,2018,12,2018-12,25-29,5.5,86.4,248.3,41.9,14.438318401102688,29.609091698925127,129.0,30.15995852123071,0.8198179790538025,1.1454968961931369,7.155835545219369,0,-0.37095779569695475
British Columbia,BC,2019,1,2019-01,25-29,3.6,85.5,249.3,44.4,15.117466802860061,29.633977155616627,129.1,30.161925625468825,0.8206230954186683,1.145855459585659,7.284590048722153,0,-0.45777217530552794
British Columbia,BC,2019,2,2019-02,25-29,5.3,85.8,244.7,45.1,15.562456866804691,29.665308325884965,129.8,30.03098238845365,0.8216214688200255,1.1462189770686977,7.284590048722153,0,-0.30354795345867136
British Columbia,BC,2019,3,2019-03,25-29,6.4,86.3,241.5,47.2,16.34915136820229,29.70569521313371,130.7,29.86479228007475,0.8228003978380979,1.1465798655625927,7.284590048722153,0,-0.2303513011804602
British Columbia,BC,2019,4,2019-04,25-29,5.9,87.5,256.6,38.9,13.164128595600676,29.75774782076606,131.2,29.803110241224548,0.8241471810530989,1.146930541987681,7.284590048722153,0,-0.41775698238338604
British Columbia,BC,2019,5,2019-05,25-29,4.3,89.3,265.6,42.2,13.710201429499675,29.824076152185555,131.8,29.733563022740377,0.8256491170452522,1.1472634232643009,7.284590048722153,0,-0.7887045238771776
British Columbia,BC,2019,6,2019-06,25-29,4.1,90.1,265.4,46.2,14.826700898587935,29.907290210795875,131.9,29.79391913342364,0.8272935043947826,1.1475709263127922,7.284590048722153,0,-0.912544660687869
British Columbia,BC,2019,7,2019-07,25-29,4.7,89.5,262.7,46.5,15.038809831824063,30.01,132.4,29.78333836858006,0.8290676416819013,1.1478454680534917,7.284590048722153,0,-0.7778966541476557
British Columbia,BC,2019,8,2019-08,25-29,3.9,89.3,267.1,45.3,14.500640204865556,30.133905091664744,132.2,29.951551656919424,0.8309538412237389,1.1480802833906998,7.284590048722153,0,-0.8566031833319094
British Columbia,BC,2019,9,2019-09,25-29,4.4,89.0,271.1,40.1,12.885604113110539,30.277063331509822,132.0,30.139440316366596,0.8329144702850506,1.1482718791645605,7.284590048722153,0,-0.7926995700480485
British Columbia,BC,2019,10,2019-10,25-29,4.9,87.0,263.0,40.5,13.344316309719934,30.436622133716938,132.2,30.252436825797325,0.8349069098674813,1.1484175801991787,7.284590048722153,0,-0.5157340548244677
British Columbia,BC,2019,11,2019-11,25-29,7.3,87.9,250.8,49.1,16.372124041347114,30.60972891246893,131.8,30.5168314043886,0.8368885409726918,1.14851471131866,7.284590048722153,0,-0.41068551193806907
British Columbia,BC,2019,12,2019-12,25-29,4.8,87.9,262.1,46.7,15.123056994818654,30.793531081948807,131.7,30.723386364222275,0.8388167446023433,1.14856059734711,7.284590048722153,0,-0.6921054234211175
British Columbia,BC,2020,1,2020-01,25-29,5.3,84.7,252.1,44.2,14.917313533580831,30.98517605633803,132.1,30.820985115842674,0.8406489017580807,1.1485525631086337,7.327098138154568,1,-0.2693768438084276
British Columbia,BC,2020,2,2020-02,25-29,6.5,85.4,256.2,39.9,13.47517730496454,31.181811249819578,132.9,30.829872070927706,0.842342393441565,1.1484879334273363,7.327098138154568,1,-0.2315733965496881
British Columbia,BC,2020,3,2020-03,25-29,11.6,84.3,238.7,38.4,13.85781306387586,31.380584076576472,132.3,31.167110715511324,0.8438546006544558,1.1483640331273235,7.327098138154568,1,0.3805765706154385
British Columbia,BC,2020,4,2020-04,25-29,16.1,75.6,206.4,29.9,12.653406686415572,31.578641950790107,131.2,31.626780124495586,0.8451429043984005,1.1481781870327001,7.327098138154568,1,1.8272813797525682
British Columbia,BC,2020,5,2020-05,25-29,18.9,79.9,216.4,25.6,10.578512396694215,31.773132286643502,131.5,31.748970208858985,0.8461646856750592,1.1479277199675724,7.327098138154568,1,1.5832563634186843
British Columbia,BC,2020,6,2020-06,25-29,19.9,84.7,225.9,27.7,10.922712933753944,31.961202498319654,132.6,31.67196084675115,0.846877325486089,1.147609956756044,7.327098138154568,1,1.1196949093089277
British Columbia,BC,2020,7,2020-07,25-29,13.4,85.0,228.6,47.4,17.17391304347826,32.14,132.6,31.849140271493216,0.8472382048331416,1.1472222222222221,7.327098138154568,1,0.39654267724539044
British Columbia,BC,2020,8,2020-08,25-29,13.1,85.3,229.3,48.6,17.488305145735875,32.30731806385195,132.4,32.06330508753887,0.8472202464122391,1.1467669319546105,7.327098138154568,1,0.30338721395919505
British Columbia,BC,2020,9,2020-09,25-29,8.5,85.9,237.5,57.5,19.491525423728813,32.4635333939804,132.5,32.19402481486056,0.846858539696856,1.1462668645993097,7.327098138154568,1,-0.2555188349123119
British Columbia,BC,2020,10,2020-10,25-29,7.5,89.3,256.3,53.7,17.322580645161292,32.60966855247337,132.9,32.24161360267119,0.8462037158548337,1.1457498895668223,7.327098138154568,1,-0.7713542600815213
British Columbia,BC,2020,11,2020-11,25-29,6.0,88.1,255.4,55.0,17.719072164948454,32.74674610142021,133.3,32.279988280019616,0.8453064060540115,1.1452438762676487,7.327098138154568,1,-0.7857664023444512
British Columbia,BC,2020,12,2020-12,25-29,5.4,86.6,253.9,53.2,17.32334744382937,32.8757886029101,132.8,32.52920649414448,0.8442172414622259,1.1447766941122877,7.327098138154568,1,-0.6981737084228029
British Columbia,BC,2021,1,2021-01,25-29,8.3,86.9,248.5,50.0,16.750418760469014,32.997818619031264,133.6,32.45444136632267,0.8429868532473224,1.1443762125112429,7.365557195649616,1,-0.42807687810159933
British Columbia,BC,2021,2,2021-02,25-29,9.4,85.8,228.3,63.2,21.68096054888508,33.113858711872915,134.1,32.447136724385544,0.8416658725771381,1.144070300875014,7.365557195649616,1,-0.18271779116971973
British Columbia,BC,2021,3,2021-03,25-29,8.5,87.0,240.3,58.4,19.551389353866753,33.22493144352424,134.9,32.362905794507675,0.8403049306195086,1.1438868286141004,7.365557195649616,1,-0.4082749035192205
British Columbia,BC,2021,4,2021-04,25-29,10.6,87.6,223.6,70.8,24.04891304347826,33.33205937607351,135.2,32.39521155337322,0.8389546585422815,1.143853665139005,7.365557195649616,1,-0.26926431142610135
British Columbia,BC,2021,5,2021-05,25-29,7.5,88.8,245.3,63.7,20.61488673139159,33.43626507160993,135.1,32.520542045962586,0.8376656875132927,1.1439986798602275,7.365557195649616,1,-0.7459081078596833
British Columbia,BC,2021,6,2021-06,25-29,4.4,89.2,253.7,67.5,21.01494396014944,33.538571092222654,135.8,32.451901631208074,0.8364886487003785,1.1443497421882696,7.365557195649616,1,-1.1026576759551363
British Columbia,BC,2021,7,2021-07,25-29,6.2,88.5,253.7,59.8,19.074960127591705,33.64,136.7,32.335742501828825,0.8354741732713855,1.1449347215336307,7.365557195649616,1,-0.8201444341732236
British Columbia,BC,2021,8,2021-08,25-29,6.2,89.3,266.9,49.9,15.751262626262626,33.74152751403777,137.0,32.36231179083623,0.834661553619129,1.145769739952268,7.365557195649616,1,-0.91933613738339
British Columbia,BC,2021,9,2021-09,25-29,5.1,89.2,272.3,48.4,15.091986280012474,33.84394198145825,137.2,32.413221402067165,0.8340447270363429,1.1468239300819667,7.365557195649616,1,-1.0262290155517533
British Columbia,BC,2021,10,2021-10,25-29,5.5,88.7,274.1,44.2,13.88627081369777,33.94798490638956,137.9,32.34782608194045,0.8336062920407455,1.1480546772059599,7.365557195649616,1,-0.9172603633555573
British Columbia,BC,2021,11,2021-11,25-29,4.4,89.7,274.6,51.9,15.895865237366003,34.054397792960614,138.1,32.40222932653892,0.8333288471500495,1.1494193666074877,7.365557195649616,1,-1.1564558896309272
British Columbia,BC,2021,12,2021-12,25-29,6.4,87.9,276.1,37.6,11.985973860376156,34.1639221453004,138.0,32.529995434003425,0.8331949908819695,1.150875383569793,7.365557195649616,1,-0.7517682186032197
British Columbia,BC,2022,1,2022-01,25-29,6.8,87.7,262.7,49.5,15.855221012171686,34.27729946753693,139.4,32.310166069113,0.8331873217542208,1.1523801133761062,7.463735189205884,1,-0.6596654452248794
British Columbia,BC,2022,2,2022-02,25-29,4.6,87.2,267.6,51.0,16.0075329566855,34.39527126379919,140.4,32.19044618278642,0.8332884382845176,1.1538909413096692,7.463735189205884,1,-0.8100887969861047
British Columbia,BC,2022,3,2022-03,25-29,5.0,88.3,275.0,46.9,14.569742155949053,34.51857903821616,143.0,31.7184705288224,0.8334809389905753,1.1553652526537246,7.463735189205884,1,-0.8426502040383617
British Columbia,BC,2022,4,2022-04,25-29,5.3,88.8,276.6,46.8,14.471243042671611,34.64796429491583,144.2,31.572416840166024,0.8337474223901075,1.1567604326915029,7.463735189205884,1,-0.8538239149229415
British Columbia,BC,2022,5,2022-05,25-29,5.7,87.5,276.2,41.7,13.117332494495127,34.784168538027195,146.1,31.284324065001876,0.8340704870008292,1.1580338667062455,7.463735189205884,1,-0.6214084279002486
British Columbia,BC,2022,6,2022-06,25-29,4.5,88.6,285.2,41.6,12.729498164014688,34.927933271679294,146.5,31.327852777465253,0.8344327313404563,1.1591429399811946,7.463735189205884,1,-0.8814823505040255
British Columbia,BC,2022,7,2022-07,25-29,5.3,88.9,281.3,44.0,13.525976022133415,35.08,147.6,31.22975609756098,0.8348167539267015,1.160045037799582,7.463735189205884,1,-0.8234353640176618
British Columbia,BC,2022,8,2022-08,25-29,5.8,89.0,276.7,47.7,14.704069050554871,35.24081956518152,147.0,31.500977488876543,0.8352092664975093,1.1607078048143369,7.463735189205884,1,-0.8177904354897457
British Columbia,BC,2022,9,2022-09,25-29,5.9,88.6,271.8,51.4,15.903465346534654,35.40968016166875,147.8,31.480595218154765,0.8356134336717399,1.1611399231571367,7.463735189205884,1,-0.7570818098366011
British Columbia,BC,2022,10,2022-10,25-29,4.6,85.8,269.6,48.2,15.166771554436753,35.585579321968396,148.6,31.466656277972056,0.836036533288479,1.161360334329343,7.463735189205884,1,-0.5527425443528761
British Columbia,BC,2022,11,2022-11,25-29,4.7,86.8,276.4,45.1,14.027993779160186,35.767514578588504,148.1,31.734310706458675,0.8364858431868157,1.1613879798323217,7.463735189205884,1,-0.6954906583264879
British Columbia,BC,2022,12,2022-12,25-29,4.0,85.3,271.7,46.8,14.693877551020407,35.954483464037175,147.1,32.11705728874565,0.8369686412058394,1.1612418011674364,7.463735189205884,1,-0.6346464033768936
British Columbia,BC,2023,1,2023-01,25-29,5.5,84.7,265.0,47.1,15.091316885613585,36.14548351082102,148.1,32.069659239175444,0.8374922051846351,1.1609407398360512,7.649725418182451,1,-0.40333010237498207
British Columbia,BC,2023,2,2023-02,25-29,6.3,85.4,263.6,50.9,16.184419713831478,36.33951225144814,149.1,32.025566129042836,0.8380638129622922,1.1605037373395306,7.649725418182451,1,-0.39991466895179123
British Columbia,BC,2023,3,2023-03,25-29,5.5,86.7,276.4,46.9,14.506650170120633,36.535567218426664,149.7,32.06929547429034,0.8386907423779003,1.1599497351792374,7.649725418182451,1,-0.6430498268386317
British Columbia,BC,2023,4,2023-04,25-29,5.1,88.1,287.4,44.4,13.381555153707053,36.73264594426314,150.4,32.09221859758096,0.8393802712705442,1.159297674856538,7.649725418182451,1,-0.8546600708655155
British Columbia,BC,2023,5,2023-05,25-29,5.2,87.9,291.5,40.9,12.30445246690734,36.9297459614657,151.0,32.13621602209665,0.8401396774793132,1.1585664978727954,7.649725418182451,1,-0.8258897405461979
British Columbia,BC,2023,6,2023-06,25-29,6.5,89.3,290.6,44.3,13.227829202747088,37.12586480254247,151.6,32.1790147431008,0.8409762388432975,1.1577751457293715,7.649725418182451,1,-0.8659627915962642
British Columbia,BC,2023,7,2023-07,25-29,6.1,86.2,284.7,41.3,12.668711656441717,37.32,152.1,32.240946745562134,0.841897233201581,1.1569425599276346,7.649725418182451,1,-0.5429266558282914
British Columbia,BC,2023,8,2023-08,25-29,5.6,88.7,297.1,41.5,12.256349675132899,37.51114908634643,152.6,32.2999016379156,0.8429099383932536,1.156087681968947,7.649725418182451,1,-0.9010985448004091
British Columbia,BC,2023,9,2023-09,25-29,6.1,89.6,298.6,42.7,12.510987401113391,37.69830959408985,152.7,32.439802754835675,0.844021632257406,1.1552294533546703,7.649725418182451,1,-0.9751191483125482
British Columbia,BC,2023,10,2023-10,25-29,6.0,89.4,290.4,51.5,15.062883884176662,37.880479055736856,152.6,32.61792233239727,0.8452395926331205,1.154386815586173,7.649725418182451,1,-0.983405702238097
British Columbia,BC,2023,11,2023-11,25-29,7.4,88.8,287.2,48.9,14.549241297232967,38.05665500379558,152.8,32.726730808237825,0.8465710973594879,1.1535787101648172,7.649725418182451,1,-0.781642443443031
British Columbia,BC,2023,12,2023-12,25-29,7.9,89.9,288.8,50.5,14.88358384910109,38.22583497077406,152.1,33.02350240078706,0.8480234242756002,1.1528240785919652,7.649725418182451,1,-0.8990396588607958
British Columbia,BC,2024,1,2024-01,25-29,8.4,88.8,284.2,50.9,15.189495672933454,38.387016489178976,152.6,33.05408890352633,0.8496038512205374,1.1521418623689845,7.633703007909911,1,-0.7197766343988533
British Columbia,BC,2024,2,2024-02,25-29,7.7,88.8,287.6,51.7,15.237253168287651,38.53919709151842,153.0,33.098369266833465,0.8513196560333912,1.1515510029972378,7.633703007909911,1,-0.796897862290224
British Columbia,BC,2024,3,2024-03,25-29,9.1,90.1,286.8,53.1,15.622241835834066,38.68137431030035,153.8,33.0476761012579,0.8531781165532548,1.151070441978088,7.633703007909911,1,-0.8031855425905476
British Columbia,BC,2024,4,2024-04,25-29,6.8,87.9,284.0,57.6,16.861826697892273,38.81254567803161,154.7,32.96682936065517,0.8551865106192061,1.150719120812901,7.633703007909911,1,-0.7648513361149943
British Columbia,BC,2024,5,2024-05,25-29,7.9,89.0,294.2,49.1,14.302359452374017,38.93170872722019,155.4,32.91908961876919,0.8573521160703379,1.1505159810030403,7.633703007909911,1,-0.7782328306610496
British Columbia,BC,2024,6,2024-06,25-29,6.1,87.3,294.5,50.7,14.687137891077636,39.037860990373986,155.5,32.98762015520992,0.8596822107457447,1.1504799640498695,7.633703007909911,1,-0.7671382003123378
British Columbia,BC,2024,7,2024-07,25-29,4.3,86.2,299.7,49.0,14.052193862919415,39.13000000000001,156.4,32.87520460358057,0.8621840724845016,1.1506300114547536,7.633703007909911,1,-0.8055954162932647
British Columbia,BC,2024,8,2024-08,25-29,5.5,86.9,291.2,57.1,16.393913293138098,39.20712328860616,156.2,32.982176697329386,0.8648649791257029,1.150985064719056,7.633703007909911,1,-0.7799221387906218
British Columbia,BC,2024,9,2024-09,25-29,5.7,85.4,292.4,49.4,14.452896430661207,39.268228388700216,155.8,33.118390309853716,0.8677322085084446,1.1515640653441424,7.633703007909911,1,-0.5964740919669953
British Columbia,BC,2024,10,2024-10,25-29,5.2,87.5,298.9,53.2,15.10934393638171,39.312312832789424,156.2,33.070665212730674,0.8707930384717987,1.1523859548313742,7.633703007909911,1,-0.8934999454388647
British Columbia,BC,2024,11,2024-11,25-29,6.9,89.1,301.8,50.2,14.261363636363637,39.33837415338159,156.3,33.07141627481984,0.874054746854861,1.1534696746821165,7.633703007909911,1,-0.9114093938689555
British Columbia,BC,2024,12,2024-12,25-29,6.3,86.0,283.6,58.1,17.00321919812701,39.34540988298429,156.1,33.119710817579346,0.877524611496729,1.1548341663977377,7.633703007909911,1,-0.607156740175629
Manitoba,MB,2015,1,2015-01,20-24,8.1,81.2,41.8,22.1,34.585289514866986,13.998446195465476,124.3,15.408989547019823,0.8736270640565305,1.1572093289945535,7.163199077302222,0,-0.11371325543904987
Manitoba,MB,2015,2,2015-02,20-24,7.2,79.6,42.1,21.2,33.4913112164297,14.106937074636447,125.2,15.416786463555367,0.8856626511278203,1.1595230763274442,7.163199077302222,0,-0.09099698025622283
Manitoba,MB,2015,3,2015-03,20-24,7.9,79.9,41.2,21.6,34.394904458598724,14.207733204405686,126.6,15.35523772269201,0.8963119914580301,1.1616770937919416,7.163199077302222,0,-0.04064057106864979
Manitoba,MB,2015,4,2015-04,20-24,8.9,78.7,41.8,19.4,31.699346405228756,14.301136073299554,126.5,15.4684027132744,0.905642369425932,1.1636800536316614,7.163199077302222,0,0.0737114897462578
Manitoba,MB,2015,5,2015-05,20-24,9.1,83.7,48.2,16.7,25.731895223420644,14.387447169845254,126.8,15.524940528502185,0.913721069410388,1.1655406280902372,7.163199077302222,0,-0.2117106441498917
Manitoba,MB,2015,6,2015-06,20-24,7.3,85.2,51.9,15.4,22.88261515601783,14.466967982569908,127.3,15.54943357592402,0.9206153757902452,1.1672674894113018,7.163199077302222,0,-0.43737187379010106
Manitoba,MB,2015,7,2015-07,20-24,7.5,84.6,52.3,14.5,21.70658682634731,14.54,127.1,15.65252163650669,0.9263925729442971,1.1688693098384728,7.163199077302222,0,-0.4142105821656005
Manitoba,MB,2015,8,2015-08,20-24,8.9,85.9,51.1,15.7,23.502994011976046,14.606844710662667,127.8,15.638353110613613,0.9311199452513942,1.170354761615383,7.163199077302222,0,-0.381025732046345
Manitoba,MB,2015,9,2015-09,20-24,8.2,79.7,42.9,19.4,31.13964686998395,14.667803603084986,127.4,15.752921726782601,0.9348647770903759,1.171732516985664,7.163199077302222,0,-0.10727071701477475
Manitoba,MB,2015,10,2015-10,20-24,8.8,80.3,42.8,19.7,31.52,14.72317816579354,128.0,15.738272285427355,0.9376943528400526,1.1730112481929356,7.163199077302222,0,-0.09333579708807256
Manitoba,MB,2015,11,2015-11,20-24,7.0,78.2,38.7,23.3,37.58064516129032,14.773269887315417,127.7,15.828916619670572,0.939675956879266,1.1741996274808295,7.163199077302222,0,-0.1297631414113594
Manitoba,MB,2015,12,2015-12,20-24,7.5,76.2,38.6,21.5,35.77371048252912,14.81838025617765,126.4,16.040544925249264,0.9408768735868489,1.1753063270929764,7.163199077302222,0,-0.03162838755225204
Manitoba,MB,2016,1,2016-01,20-24,11.1,76.1,36.8,20.9,36.22183708838821,14.858810760906906,126.9,16.020936031214244,0.9413643873416255,1.1763400192729978,7.083111388436544,0,0.24639608280880312
Manitoba,MB,2016,2,2016-02,20-24,10.6,77.4,37.6,21.5,36.37901861252115,14.894862890030229,126.6,16.097864256938283,0.9412057825224306,1.1773093762645241,7.083111388436544,0,0.11548920801549667
Manitoba,MB,2016,3,2016-03,20-24,10.0,77.3,39.0,20.4,34.34343434343434,14.926838132074618,127.8,15.980943876534507,0.9404683435080917,1.1782230703111862,7.083111388436544,0,0.10615328336358176
Manitoba,MB,2016,4,2016-04,20-24,7.3,78.4,39.7,22.2,35.86429725363489,14.955037975566814,128.1,15.97363833729063,0.9392193546774434,1.179089773656606,7.083111388436544,0,-0.155442370563069
Manitoba,MB,2016,5,2016-05,20-24,11.0,84.4,46.7,17.5,27.258566978193144,14.979763909033828,128.9,15.900746290562866,0.9375261004093152,1.1799181585444143,7.083111388436544,0,-0.20547667547651108
Manitoba,MB,2016,6,2016-06,20-24,9.4,87.1,50.2,17.3,25.62962962962963,15.001317421002621,130.0,15.788886585605262,0.935455865082531,1.1807168972182402,7.083111388436544,0,-0.45052009540409066
Manitoba,MB,2016,7,2016-07,20-24,7.8,87.1,53.4,15.2,22.157434402332363,15.02,129.0,15.931096899224807,0.9330759330759332,1.1814946619217082,7.083111388436544,0,-0.6052299486221975
Manitoba,MB,2016,8,2016-08,20-24,9.3,86.6,51.8,15.4,22.916666666666664,15.036113134552938,129.2,15.923499842377758,0.9304535887683467,1.182260124898447,7.083111388436544,0,-0.4633136230534412
Manitoba,MB,2016,9,2016-09,20-24,11.0,80.5,42.6,18.7,30.505709624796083,15.049958313188386,129.0,15.962872451178303,0.9276561165385944,1.1830219583920871,7.083111388436544,0,0.0019334183795424547
Manitoba,MB,2016,10,2016-10,20-24,9.5,79.4,41.1,20.6,33.38735818476499,15.061837024433183,129.4,15.926088492025274,0.9247508007655221,1.1837888346462515,7.083111388436544,0,-0.03726117187915543
Manitoba,MB,2016,11,2016-11,20-24,9.8,78.5,40.3,20.5,33.7171052631579,15.072050756814289,127.9,16.123794720884405,0.9218049258279525,1.1845694259045703,7.083111388436544,0,-0.01338841085641652
Manitoba,MB,2016,12,2016-12,20-24,7.7,79.0,41.6,21.0,33.546325878594246,15.080900998858636,127.8,16.145886378472873,0.9188857761047088,1.1853724044106733,7.083111388436544,0,-0.20352162912732186
Manitoba,MB,2017,1,2017-01,20-24,11.8,76.8,38.9,19.4,33.276157804459686,15.088689239093096,129.6,15.929860379158281,0.9160606359746369,1.1862064424081837,7.074967746382425,0,0.28132251239618106
Manitoba,MB,2017,2,2017-02,20-24,11.7,77.3,38.7,20.1,34.183673469387756,15.095716966044606,129.5,15.949586670880723,0.9133967898165599,1.1870802121407313,7.074967746382425,0,0.24031741606913068
Manitoba,MB,2017,3,2017-03,20-24,9.8,77.2,39.2,21.0,34.883720930232556,15.1022856682401,129.9,15.90739212130063,0.9109615220093014,1.1880023858519468,7.074967746382425,0,0.11558012320651156
Manitoba,MB,2017,4,2017-04,20-24,7.0,76.5,40.2,21.3,34.63414634146342,15.108696834206459,130.2,15.877476531031483,0.9088221169317054,1.1889816357854521,7.074967746382425,0,-0.04477361856141269
Manitoba,MB,2017,5,2017-05,20-24,7.6,83.9,50.0,17.2,25.595238095238095,15.115251952470615,130.2,15.88436519505985,0.9070458589625956,1.190026634184878,7.074967746382425,0,-0.42524538842014303
Manitoba,MB,2017,6,2017-06,20-24,7.1,86.4,53.1,16.3,23.48703170028818,15.122252511559502,130.2,15.891721965392698,0.9057000324807992,1.1911460532938545,7.074967746382425,0,-0.6072389363836204
Manitoba,MB,2017,7,2017-07,20-24,6.1,86.4,53.2,17.2,24.43181818181818,15.13,130.1,15.912084934665646,0.9048519218651544,1.1923485653560042,7.074967746382425,0,-0.6866428833208107
Manitoba,MB,2017,8,2017-08,20-24,6.4,86.4,51.9,18.5,26.27840909090909,15.138725899273608,130.4,15.884633214479384,0.9045444446181835,1.1936344825375378,7.074967746382425,0,-0.6574361247668591
Manitoba,MB,2017,9,2017-09,20-24,8.5,79.9,41.4,22.2,34.905660377358494,15.148381662680096,130.9,15.834051344508818,0.9047230507372003,1.1949706766949917,7.074967746382425,0,-0.11690333944106925
Manitoba,MB,2017,10,2017-10,20-24,6.4,80.8,39.6,26.4,40.0,15.15884873647372,131.4,15.78469922654503,0.9053088233432125,1.196315659607471,7.074967746382425,0,-0.31188938325270715
Manitoba,MB,2017,11,2017-11,20-24,7.5,79.2,37.9,26.0,40.68857589984351,15.17000856690882,132.0,15.724518349752268,0.906222845557229,1.1976279430540928,7.074967746382425,0,-0.12348857705092668
Manitoba,MB,2017,12,2017-12,20-24,5.9,79.3,38.4,26.8,41.104294478527606,15.181742600239739,131.5,15.796516587663897,0.9073862005002621,1.1988660388139734,7.074967746382425,0,-0.26620153625894877
Manitoba,MB,2018,1,2018-01,20-24,8.3,78.9,39.0,24.4,38.48580441640379,15.193932282720715,132.3,15.713603813932442,0.9087199712933144,1.1999884586662186,7.0986118739959805,0,-0.04416141759392741
Manitoba,MB,2018,2,2018-02,20-24,9.3,78.7,38.0,24.6,39.29712460063898,15.206459060606099,132.6,15.690978589497961,0.9101452410573976,1.2009537143899451,7.0986118739959805,0,0.04725372708755119
Manitoba,MB,2018,3,2018-03,20-24,8.9,78.1,37.8,24.6,39.42307692307693,15.219204380150229,133.0,15.656899543714701,0.9115830929135246,1.2017203177642681,7.0986118739959805,0,0.060467907528666785
Manitoba,MB,2018,4,2018-04,20-24,8.3,77.8,40.3,22.5,35.82802547770701,15.23204968760735,134.0,15.553173123185642,0.9129546099826961,1.2022467805682964,7.0986118739959805,0,0.05924301370464261
Manitoba,MB,2018,5,2018-05,20-24,10.8,82.9,46.8,18.2,27.999999999999996,15.244876429231807,133.7,15.601198335300243,0.9141808753859253,1.2024916145811448,7.0986118739959805,0,-0.05894031207289515
Manitoba,MB,2018,6,2018-06,20-24,8.9,84.1,51.8,15.7,23.259259259259256,15.257566051277943,133.7,15.614184554720305,0.9151829722442235,1.2024133315819259,7.0986118739959805,0,-0.2719639895609232
Manitoba,MB,2018,7,2018-07,20-24,6.1,84.0,55.9,13.8,19.79913916786227,15.27,134.4,15.545518973214287,0.9158819836785939,1.2019704433497536,7.0986118739959805,0,-0.4568607396009996
Manitoba,MB,2018,8,2018-08,20-24,6.4,86.1,54.8,16.3,22.925457102672294,15.282050397982205,134.2,15.580972769775824,0.9162201528391066,1.2011397066694505,7.0986118739959805,0,-0.5636509942861303
Manitoba,MB,2018,9,2018-09,20-24,9.3,80.2,46.0,18.3,28.46034214618974,15.29355207312833,134.0,15.615972107505852,0.9162243629920612,1.1999708583486748,7.0986118739959805,0,-0.019622012949947365
Manitoba,MB,2018,10,2018-10,20-24,7.4,79.2,42.5,22.5,34.61538461538461,15.304330529671933,135.0,15.511222405350834,0.9159426574328158,1.1985318802008045,7.0986118739959805,0,-0.07709279165824245
Manitoba,MB,2018,11,2018-11,20-24,7.5,79.3,40.4,24.6,37.84615384615385,15.314211271846668,134.3,15.602136688536264,0.9154230794567285,1.1968907540392086,7.0986118739959805,0,-0.09832739340307728
Manitoba,MB,2018,12,2018-12,20-24,7.1,80.8,42.1,24.5,36.78678678678679,15.323019803886181,134.3,15.611110831472276,0.9147136723591555,1.1951154616772535,7.0986118739959805,0,-0.2161007596007988
Manitoba,MB,2019,1,2019-01,20-24,10.2,80.3,38.4,25.7,40.09360374414977,15.330581630024046,134.1,15.642109109083075,0.9138624794354585,1.193273984928321,7.1155950258132465,0,0.034901558151830304
Manitoba,MB,2019,2,2019-02,20-24,9.1,78.0,37.9,25.2,39.93660855784469,15.33672225449391,135.2,15.521057858514274,0.9129175439809941,1.1914343056057768,7.1155950258132465,0,0.11531901988835887
Manitoba,MB,2019,3,2019-03,20-24,8.2,79.8,37.0,28.3,43.33843797856049,15.341267181529409,136.1,15.422989582018822,0.9119269092911169,1.189664405522989,7.1155950258132465,0,-0.029736974657263104
Manitoba,MB,2019,4,2019-04,20-24,8.0,80.9,39.4,26.9,40.57315233785822,15.344041915364137,137.1,15.313264296642586,0.9109386186611912,1.1880322664933383,7.1155950258132465,0,-0.07982432292437154
Manitoba,MB,2019,5,2019-05,20-24,8.0,87.1,49.6,21.8,30.53221288515406,15.34487196023173,137.5,15.269542588790594,0.9100007153865718,1.1866058703301916,7.1155950258132465,0,-0.4234425363568152
Manitoba,MB,2019,6,2019-06,20-24,6.8,87.3,52.3,20.3,27.961432506887057,15.343582820365809,137.3,15.290500505437377,0.9091612427626148,1.1854531988469172,7.1155950258132465,0,-0.5292900838423336
Manitoba,MB,2019,7,2019-07,20-24,9.9,85.6,53.4,15.5,22.496371552975326,15.34,137.4,15.275804221251821,0.9084682440846825,1.1846422338568936,7.1155950258132465,0,-0.1981152717294603
Manitoba,MB,2019,8,2019-08,20-24,9.5,87.0,55.2,15.3,21.70212765957447,15.334154684723448,137.3,15.281104987161585,0.9079574217631949,1.1842200292751166,7.1155950258132465,0,-0.30924153677538946
Manitoba,MB,2019,9,2019-09,20-24,7.7,81.1,46.0,21.4,31.750741839762608,15.326900785547362,136.9,15.318504017403345,0.9076151146688306,1.1841499274230984,7.1155950258132465,0,-0.11486653193778344
Manitoba,MB,2019,10,2019-10,20-24,8.5,80.8,43.6,23.1,34.63268365817092,15.319297894838542,138.0,15.188861843922346,0.9074153207873339,1.1843743427239795,7.1155950258132465,0,-0.005580058160815526
Manitoba,MB,2019,11,2019-11,20-24,8.8,80.2,42.2,23.8,36.06060606060606,15.312405604963724,137.6,15.226162041418327,0.9073320381044474,1.1848356896008994,7.1155950258132465,0,0.04160847403915332
Manitoba,MB,2019,12,2019-12,20-24,6.6,78.5,41.2,25.1,37.85822021116138,15.307283508289647,137.4,15.24322464353516,0.9073392646059141,1.1854763824769998,7.1155950258132465,0,-0.028838462154637257
Manitoba,MB,2020,1,2020-01,20-24,7.6,79.3,38.8,27.6,41.566265060240966,15.3049911971831,137.5,15.229857604033294,0.9074109982774773,1.1862388357754177,7.108160668689662,1,0.0030387635325909526
Manitoba,MB,2020,2,2020-02,20-24,9.5,76.9,35.7,27.4,43.42313787638668,15.306588264010816,138.3,15.143340124535646,0.9075212371048798,1.1870654639192941,7.108160668689662,1,0.30325914987603836
Manitoba,MB,2020,3,2020-03,20-24,12.3,68.9,35.4,19.4,35.4014598540146,15.313134301139577,137.4,15.249050951626076,0.9076439790738654,1.1878986813317718,7.108160668689662,1,0.9421421365964857
Manitoba,MB,2020,4,2020-04,20-24,24.8,66.0,29.9,15.2,33.70288248337029,15.325688900936104,136.3,15.384720351214838,0.9077532221701763,1.1886809024359866,7.108160668689662,1,2.002113183648284
Manitoba,MB,2020,5,2020-05,20-24,22.8,75.2,36.8,16.0,30.303030303030305,15.345311655767162,136.8,15.348115989037588,0.9078229643795563,1.1893545416550801,7.108160668689662,1,1.336562526852356
Manitoba,MB,2020,6,2020-06,20-24,19.4,81.1,42.9,16.6,27.899159663865547,15.373062157999595,137.9,15.253221390633028,0.9078272036877483,1.1898620134121938,7.108160668689662,1,0.7705144913800104
Manitoba,MB,2020,7,2020-07,20-24,14.3,82.0,47.1,16.9,26.406249999999996,15.41,137.9,15.289871283538798,0.9077399380804955,1.190145732130465,7.108160668689662,1,0.33103012199482734
Manitoba,MB,2020,8,2020-08,20-24,12.4,85.0,50.8,17.3,25.403817914831134,15.4567417427536,137.2,15.41449481743631,0.9075471249573043,1.1901666601019263,7.108160668689662,1,-0.013126856743046145
Manitoba,MB,2020,9,2020-09,20-24,9.1,76.8,37.0,26.9,42.09702660406885,15.512131821719288,137.2,15.46973350223573,0.9072825593727328,1.1899599510941739,7.108160668689662,1,0.1969121167786564
Manitoba,MB,2020,10,2020-10,20-24,9.3,74.7,36.5,25.7,41.31832797427653,15.574571640973893,138.1,15.430780338712914,0.9069919957951047,1.1895793067436964,7.108160668689662,1,0.34171820287062005
Manitoba,MB,2020,11,2020-11,20-24,14.5,70.4,35.3,20.0,36.166365280289334,15.642462604594686,138.4,15.464450475965808,0.9067211886927414,1.18907842868698,7.108160668689662,1,0.9653707460027495
Manitoba,MB,2020,12,2020-12,20-24,15.3,70.6,33.8,21.2,38.54545454545455,15.714206116658996,137.5,15.637063650268127,0.9065158925339646,1.1885110185605121,7.108160668689662,1,0.9697862982746898
Manitoba,MB,2021,1,2021-01,20-24,17.0,74.0,38.3,18.1,32.09219858156029,15.78820358124356,138.5,15.597263213022746,0.9064218617870976,1.1879307780007822,7.26145967739618,1,0.9115950463012487
Manitoba,MB,2021,2,2021-02,20-24,10.9,74.6,40.7,20.8,33.82113821138211,15.862856402425704,138.9,15.625884285542815,0.9064848509204619,1.187391408644277,7.26145967739618,1,0.4170315366345771
Manitoba,MB,2021,3,2021-03,20-24,9.9,77.0,43.4,20.8,32.398753894081,15.936565984282758,139.6,15.619775363893185,0.9067506144023804,1.1869466121274832,7.26145967739618,1,0.20702323466162528
Manitoba,MB,2021,4,2021-04,20-24,10.4,80.8,45.9,21.4,31.79791976225854,16.007733730891445,140.6,15.577938604048523,0.9072649067011739,1.1866500900868904,7.26145967739618,1,0.03734637238705529
Manitoba,MB,2021,5,2021-05,20-24,10.7,83.3,53.0,16.3,23.520923520923525,16.074761046329108,141.5,15.543669117766648,0.908073482285165,1.1865555441589848,7.26145967739618,1,-0.07473085091505394
Manitoba,MB,2021,6,2021-06,20-24,10.2,87.4,57.5,16.0,21.768707482993197,16.13604933467303,141.9,15.55894961392979,0.9092220956226794,1.1867166759802548,7.26145967739618,1,-0.35024662986957195
Manitoba,MB,2021,7,2021-07,20-24,5.7,88.6,62.8,15.7,20.0,16.19,142.8,15.512582282913167,0.910756501182033,1.187187187187187,7.26145967739618,1,-0.7413838712855196
Manitoba,MB,2021,8,2021-08,20-24,9.6,87.8,60.6,13.9,18.65771812080537,16.23558552018786,143.2,15.512807184355479,0.9127026473982356,1.1879974827376654,7.26145967739618,1,-0.40604328417969743
Manitoba,MB,2021,9,2021-09,20-24,5.9,79.7,51.4,19.1,27.092198581560282,16.274062668316464,143.6,15.506257831423401,0.915007258573042,1.1890847808751601,7.26145967739618,1,-0.21583935951803046
Manitoba,MB,2021,10,2021-10,20-24,4.7,79.1,46.5,24.5,34.50704225352113,16.30725929126589,144.6,15.43043397321892,0.9175972529748719,1.1903630031645285,7.26145967739618,1,-0.2515039415358938
Manitoba,MB,2021,11,2021-11,20-24,6.2,78.6,45.3,24.3,34.913793103448285,16.337003235916526,144.7,15.447895423319137,0.9203995488721645,1.1917460711706356,7.26145967739618,1,-0.11591079143673404
Manitoba,MB,2021,12,2021-12,20-24,5.9,79.6,46.3,24.5,34.6045197740113,16.36512234914874,144.0,15.549707398765811,0.9233410645333608,1.1931479064583492,7.26145967739618,1,-0.22108309633651638
Manitoba,MB,2022,1,2022-01,20-24,5.7,78.5,46.1,24.1,34.33048433048433,16.393444477842667,146.1,15.352724439978257,0.9263487182268776,1.1944824305925246,7.473091578481187,1,-0.12330831972159133
Manitoba,MB,2022,2,2022-02,20-24,6.2,80.2,46.7,24.8,34.68531468531469,16.42379746887866,147.4,15.24549585264127,0.9293494282211554,1.1956635651380285,7.473091578481187,1,-0.15636078185239746
Manitoba,MB,2022,3,2022-03,20-24,7.3,78.6,42.4,27.0,38.90489913544668,16.45800916913711,149.9,15.022462338673684,0.9322701127846352,1.1966052316597262,7.473091578481187,1,0.07313368578380068
Manitoba,MB,2022,4,2022-04,20-24,9.1,82.4,43.8,27.8,38.82681564245811,16.497907425498113,151.1,14.939286455948244,0.9350376901857339,1.197221351722476,7.473091578481187,1,0.010433507315574353
Manitoba,MB,2022,5,2022-05,20-24,7.0,83.6,51.2,23.5,31.459170013386878,16.545320084842036,153.8,14.71920299485378,0.9375790786928924,1.197425846891143,7.473091578481187,1,-0.15863131247913506
Manitoba,MB,2022,6,2022-06,20-24,6.7,88.3,59.3,19.9,25.12626262626263,16.602074994049342,155.3,14.627037418292346,0.9398211965745493,1.1971326387305898,7.473091578481187,1,-0.42650244683997074
Manitoba,MB,2022,7,2022-07,20-24,5.8,85.8,62.5,15.3,19.665809768637533,16.67,155.3,14.686881841596911,0.9416909620991254,1.196255648805681,7.473091578481187,1,-0.3654380893087991
Manitoba,MB,2022,8,2022-08,20-24,7.0,85.9,61.9,15.0,19.505851755526656,16.75043006538357,154.6,14.824563995447006,0.9431344867688666,1.1947361945943955,7.473091578481187,1,-0.3167817413605128
Manitoba,MB,2022,9,2022-09,20-24,5.4,77.0,50.9,19.1,27.285714285714285,16.842728616126234,155.2,14.848623343437321,0.9441746550212418,1.1926251772271712,7.473091578481187,1,0.06741770089795944
Manitoba,MB,2022,10,2022-10,20-24,7.3,79.6,49.8,21.2,29.859154929577464,16.945766193962555,156.7,14.79645475104612,0.9448535445275187,1.190000893747581,7.473091578481187,1,0.07296190400669478
Manitoba,MB,2022,11,2022-11,20-24,8.4,79.3,50.7,19.1,27.363896848137532,17.058413340627826,157.0,14.866352900200015,0.9452132329589737,1.1869416411991798,7.473091578481187,1,0.15417676297000615
Manitoba,MB,2022,12,2022-12,20-24,5.3,79.0,47.4,24.6,34.166666666666664,17.179540597857436,155.5,15.116338535703175,0.9452957979868801,1.1835257166255195,7.473091578481187,1,-0.12196665377035416
Manitoba,MB,2023,1,2023-01,20-24,7.3,75.7,42.4,25.2,37.278106508875744,17.308018507385782,156.2,15.16113721045493,0.9451433172825106,1.1798314170701787,7.520152050437585,1,0.20402600603138396
Manitoba,MB,2023,2,2023-02,20-24,6.5,79.1,48.8,22.7,31.74825174825175,17.44271761094824,156.9,15.210961358304608,0.9447978685171389,1.1759370395767097,7.520152050437585,1,-0.062444865687834694
Manitoba,MB,2023,3,2023-03,20-24,5.1,79.5,45.0,28.4,38.69209809264304,17.58250845028025,157.7,15.25508382187442,0.9443015293620368,1.171920881188662,7.520152050437585,1,-0.20043114705617748
Manitoba,MB,2023,4,2023-04,20-24,7.4,79.4,44.8,26.9,37.517433751743376,17.726261567116115,159.4,15.215782552827244,0.9436963774884803,1.1678612389496186,7.520152050437585,1,-0.013982887074959982
Manitoba,MB,2023,5,2023-05,20-24,8.8,85.2,52.9,23.3,30.577427821522306,17.872847503191252,159.1,15.37053651555087,0.9430244905677413,1.1638364099031286,7.520152050437585,1,-0.2808311786782163
Manitoba,MB,2023,6,2023-06,20-24,6.7,86.5,59.5,19.8,24.96847414880202,18.021136800241134,158.5,15.556732130555165,0.9423279462710914,1.159924691092743,7.520152050437585,1,-0.5581352050782626
Manitoba,MB,2023,7,2023-07,20-24,5.7,86.5,64.4,16.2,20.09925558312655,18.17,159.3,15.606467357187698,0.9416488222698073,1.1562043795620438,7.520152050437585,1,-0.6449508440852817
Manitoba,MB,2023,8,2023-08,20-24,5.4,88.8,69.0,14.7,17.562724014336915,18.318307644203312,159.5,15.714121902307951,0.9410291962351606,1.1527537723545807,7.520152050437585,1,-0.8259597059989406
Manitoba,MB,2023,9,2023-09,20-24,8.7,80.6,52.5,21.1,28.668478260869566,18.464930274586525,159.2,15.869749276509433,0.940511145838423,1.1496511665139066,7.520152050437585,1,-0.1510993234368305
Manitoba,MB,2023,10,2023-10,20-24,10.5,83.4,49.3,25.6,34.17890520694259,18.60873843288389,159.6,15.953262130822923,0.9401367487508707,1.1469748590835993,7.520152050437585,1,-0.19865941009591107
Manitoba,MB,2023,11,2023-11,20-24,6.6,79.1,46.5,28.2,37.75100401606426,18.74860266083087,159.8,16.053051057998648,0.9399480826437755,1.14480314710721,7.520152050437585,1,-0.26750825475175055
Manitoba,MB,2023,12,2023-12,20-24,5.2,79.2,43.8,32.5,42.595019659239846,18.883393500162875,158.2,16.331986824650986,0.9399872251884109,1.143214327628297,7.520152050437585,1,-0.44758597642580294
Manitoba,MB,2024,1,2024-01,20-24,4.4,76.9,40.7,34.5,45.87765957446808,19.011981492614222,157.5,16.516281699853593,0.94029625405605,1.1422866976904282,7.448878928575259,1,-0.42193879356706215
Manitoba,MB,2024,2,2024-02,20-24,7.1,78.6,45.3,29.8,39.680426098535285,19.133237179920354,158.3,16.537619565019597,0.9409172469179656,1.1420985543371607,7.448878928575259,1,-0.32404888270647075
Manitoba,MB,2024,3,2024-03,20-24,9.2,80.9,45.7,30.3,39.86842105263158,19.246031103816616,159.0,16.561875508048484,0.9418922814454346,1.1427281946120573,7.448878928575259,1,-0.30577573021032284
Manitoba,MB,2024,4,2024-04,20-24,9.7,79.2,48.5,25.9,34.81182795698924,19.349233806037446,160.0,16.54661822194421,0.9432634353097243,1.1442539155586757,7.448878928575259,1,-0.1675499868447989
Manitoba,MB,2024,5,2024-05,20-24,6.5,85.2,55.7,27.9,33.37320574162679,19.441715828318223,161.1,16.512183539476357,0.9450727861821105,1.1467540142205765,7.448878928575259,1,-0.739721313498138
Manitoba,MB,2024,6,2024-06,20-24,7.5,87.9,62.5,23.4,27.240977881257272,19.5223477123942,160.7,16.62193668791747,0.9473624117338731,1.1503067876413327,7.448878928575259,1,-0.8475951110647268
Manitoba,MB,2024,7,2024-07,20-24,7.9,87.6,64.3,21.6,25.145518044237487,19.59,162.2,16.525288224414307,0.9501743896362731,1.1549905328644847,7.448878928575259,1,-0.7763404047373047
Manitoba,MB,2024,8,2024-08,20-24,6.4,86.2,64.5,21.7,25.174013921113687,19.64354323287091,161.5,16.642277416950854,0.9535507975605891,1.160883546933602,7.448878928575259,1,-0.8371770486555459
Manitoba,MB,2024,9,2024-09,20-24,6.3,78.5,52.3,26.1,33.29081632653061,19.68184795274207,160.4,16.789082581882383,0.9575337131781061,1.1680641268922662,7.448878928575259,1,-0.44119450297680324
Manitoba,MB,2024,10,2024-10,20-24,6.3,81.6,52.2,29.5,36.1077111383109,19.703784701348336,161.4,16.703657631734735,0.9621652141600755,1.176610569784,7.448878928575259,1,-0.5969640693157136
Manitoba,MB,2024,11,2024-11,20-24,9.4,78.3,49.4,26.1,34.569536423841065,19.708224020424872,161.2,16.72814982378805,0.9674873781777809,1.1866011726523804,7.448878928575259,1,-0.184155153508025
Manitoba,MB,2024,12,2024-12,20-24,8.9,77.9,49.8,25.5,33.864541832669325,19.69403645170668,160.0,16.841478359404793,0.9735422829025125,1.1981142325410028,7.448878928575259,1,-0.22700419440293917
Manitoba,MB,2015,1,2015-01,25-29,5.1,84.9,57.9,9.4,13.967310549777118,25.735248196496045,124.3,28.328441950809104,0.8444530708919936,1.0586623520226655,7.017636081688439,0,-0.00557101726604949
Manitoba,MB,2015,2,2015-02,25-29,5.6,86.2,58.9,9.1,13.382352941176471,25.63897740875402,125.2,28.01959332230646,0.8536443452081983,1.0702988615647027,7.017636081688439,0,-0.07204777049455634
Manitoba,MB,2015,3,2015-03,25-29,5.8,86.1,58.0,9.8,14.454277286135694,25.558557027197747,126.6,27.622824370034223,0.8617752249084111,1.080746628253089,7.017636081688439,0,0.009478827176273316
Manitoba,MB,2015,4,2015-04,25-29,3.9,85.0,58.6,9.8,14.327485380116958,25.49321807368602,126.5,27.573988639779365,0.8688988883307482,1.0900620681785689,7.017636081688439,0,-0.04707630478938185
Manitoba,MB,2015,5,2015-05,25-29,5.8,86.7,58.0,10.5,15.328467153284672,25.44219157007693,126.8,27.453689760061327,0.8750685138133943,1.098301597431973,7.017636081688439,0,-0.04153374232041185
Manitoba,MB,2015,6,2015-06,25-29,4.2,87.6,61.0,9.6,13.59773371104816,25.404708538228743,127.3,27.305571451242326,0.8803372796945235,1.1055216321041215,7.017636081688439,0,-0.29487029252889957
Manitoba,MB,2015,7,2015-07,25-29,6.0,87.0,60.7,8.1,11.773255813953488,25.38,127.1,27.321939417781277,0.8847583643122677,1.1117785882857756,7.017636081688439,0,-0.040734886124524396
Manitoba,MB,2015,8,2015-08,25-29,6.4,87.2,61.5,7.5,10.869565217391305,25.367296977248923,127.8,27.158688645634463,0.8883849460048037,1.1171288820677576,7.017636081688439,0,-0.0035821183925022573
Manitoba,MB,2015,9,2015-09,25-29,6.3,86.4,60.0,8.5,12.408759124087592,25.365830491833876,127.4,27.242384278219546,0.8912702031102989,1.1216289295408792,7.017636081688439,0,0.07173813169530803
Manitoba,MB,2015,10,2015-10,25-29,5.8,85.0,59.3,8.7,12.794117647058822,25.37483156561319,128.0,27.124307257539257,0.8934673139668987,1.1253351467959176,7.017636081688439,0,0.20300093132801486
Manitoba,MB,2015,11,2015-11,25-29,7.8,86.4,59.3,8.4,12.40768094534712,25.3935312204452,127.7,27.20806506842142,0.8950294569127729,1.128303949923687,7.017636081688439,0,0.22950756180318652
Manitoba,MB,2015,12,2015-12,25-29,7.2,85.2,57.5,10.0,14.814814814814813,25.421160478188337,126.4,27.517802867311072,0.8960098102860841,1.1305917550149938,7.017636081688439,0,0.27365110393218733
Manitoba,MB,2016,1,2016-01,25-29,7.1,84.4,57.8,9.3,13.85991058122206,25.456950360700795,126.9,27.44796873997547,0.8964615524249878,1.1322549781606266,7.1419331273684685,0,0.3679583491532199
Manitoba,MB,2016,2,2016-02,25-29,6.9,84.4,57.9,9.5,14.094955489614241,25.500131889840965,126.6,27.55968045677323,0.8964378616676487,1.1333500354513937,7.1419331273684685,0,0.33367295913980927
Manitoba,MB,2016,3,2016-03,25-29,8.8,85.6,56.5,10.6,15.7973174366617,25.54993608746734,127.8,27.354225392548667,0.8959919163522255,1.1339333429780971,7.1419331273684685,0,0.40968794795266134
Manitoba,MB,2016,4,2016-04,25-29,7.6,85.3,57.8,10.1,14.874815905743743,25.605593975437994,128.1,27.349612768847027,0.8951768948168818,1.1340613168315348,7.1419331273684685,0,0.3234029527355868
Manitoba,MB,2016,5,2016-05,25-29,6.6,84.6,59.9,8.5,12.426900584795321,25.666336575611396,128.9,27.244348347230638,0.8940459753997778,1.13379037310251,7.1419331273684685,0,0.31798851178373616
Manitoba,MB,2016,6,2016-06,25-29,5.8,85.7,59.4,10.8,15.384615384615385,25.731394909846067,130.0,27.08229314261299,0.89265233643907,1.1331769278818216,7.1419331273684685,0,0.12427915971739574
Manitoba,MB,2016,7,2016-07,25-29,7.7,87.6,60.3,10.1,14.346590909090912,25.8,129.0,27.365000000000002,0.8910491562729272,1.132277397260274,7.1419331273684685,0,0.05600561103205489
Manitoba,MB,2016,8,2016-08,25-29,7.3,86.6,60.6,9.4,13.428571428571429,25.871382867931704,129.2,27.398234991522884,0.8892896132395068,1.1311481973286672,7.1419331273684685,0,0.1308377537286992
Manitoba,MB,2016,9,2016-09,25-29,5.9,83.8,58.3,10.5,15.261627906976743,25.94477453549973,129.0,27.518556401703492,0.8874268856769643,1.1298457441777987,7.1419331273684685,0,0.3083380561458942
Manitoba,MB,2016,10,2016-10,25-29,6.9,83.4,58.3,9.7,14.26470588235294,26.019406024562006,129.4,27.512405172416514,0.8855141519234708,1.1284264538984763,7.1419331273684685,0,0.4594018398311149
Manitoba,MB,2016,11,2016-11,25-29,7.0,82.9,58.2,9.3,13.777777777777779,26.094508356977087,127.9,27.915411305264975,0.8836045903171824,1.1269467425814976,7.1419331273684685,0,0.4797383406669602
Manitoba,MB,2016,12,2016-12,25-29,6.4,82.6,58.9,8.9,13.126843657817112,26.16931255460351,127.8,28.017341082031503,0.8817513791962549,1.12546302631766,7.1419331273684685,0,0.44168733987418607
Manitoba,MB,2017,1,2017-01,25-29,5.4,84.1,60.2,9.6,13.753581661891118,26.24304963929921,129.6,27.70605915815675,0.8800076968988592,1.1240317211977726,7.216943600747415,0,0.19800986048505967
Manitoba,MB,2017,2,2017-02,25-29,6.9,85.1,61.3,8.5,12.177650429799428,26.314950632922738,129.5,27.80342177876181,0.8784267217631513,1.1227092433126327,7.216943600747415,0,0.2196118689970917
Manitoba,MB,2017,3,2017-03,25-29,5.9,86.0,61.9,9.5,13.305322128851541,26.384246557332617,129.9,27.790797037775484,0.8770616321272884,1.1215520087530382,7.216943600747415,0,0.010928928054121398
Manitoba,MB,2017,4,2017-04,25-29,6.3,84.6,61.8,8.3,11.840228245363768,26.45016843438681,130.2,27.79603914005358,0.875965606329439,1.1206164336097963,7.216943600747415,0,0.2190559841891251
Manitoba,MB,2017,5,2017-05,25-29,5.2,84.7,62.5,8.6,12.09563994374121,26.511947285943855,130.2,27.860961500762432,0.8751918227077601,1.119958933973705,7.216943600747415,0,0.08645368093662552
Manitoba,MB,2017,6,2017-06,25-29,4.7,86.3,64.5,8.6,11.76470588235294,26.56881413386224,130.2,27.920721919091413,0.8747934596004118,1.1196359259355648,7.216943600747415,0,-0.16392370723616775
Manitoba,MB,2017,7,2017-07,25-29,4.6,87.1,65.9,8.0,10.825439783491204,26.62,130.1,27.996014604150663,0.874823695345557,1.1197038255861784,7.216943600747415,0,-0.2793760352411078
Manitoba,MB,2017,8,2017-08,25-29,5.1,87.4,64.9,9.1,12.297297297297296,26.665030347320258,130.4,27.978855653927106,0.8753156398458367,1.1201977028724672,7.216943600747415,0,-0.2620436378633682
Manitoba,MB,2017,9,2017-09,25-29,4.2,86.0,62.8,10.8,14.673913043478262,26.704608403204567,130.9,27.913354047123494,0.8762221292618207,1.121067243165841,7.216943600747415,0,-0.17822287735019474
Manitoba,MB,2017,10,2017-10,25-29,4.5,86.1,62.1,11.4,15.510204081632653,26.739731836138784,131.4,27.843712393300528,0.8774759313185527,1.122240785693824,7.216943600747415,0,-0.15089350727506734
Manitoba,MB,2017,11,2017-11,25-29,4.4,84.7,60.9,11.6,16.0,26.771398314609097,132.0,27.7499740484575,0.879009813741083,1.1236466696839467,7.216943600747415,0,0.01829938116975723
Manitoba,MB,2017,12,2017-12,25-29,5.8,85.2,59.7,12.2,16.968011126564672,26.800605507101654,131.5,27.885877174974784,0.880756544254465,1.1252132343637415,7.216943600747415,0,0.08484125870132325
Manitoba,MB,2018,1,2018-01,25-29,7.1,84.5,59.9,10.5,14.914772727272727,26.82835108210237,132.3,27.74594963574193,0.8826488905837379,1.1268688189607297,7.240181948965281,0,0.31911887497604713
Manitoba,MB,2018,2,2018-02,25-29,6.8,83.6,59.1,11.0,15.691868758915836,26.855632708097403,132.6,27.711326887522077,0.884619620453954,1.128541762702443,7.240181948965281,0,0.40058974741865033
Manitoba,MB,2018,3,2018-03,25-29,7.7,85.0,59.6,11.0,15.58073654390935,26.883448053572895,133.0,27.656599849098583,0.8866015015901677,1.1301604048164144,7.240181948965281,0,0.3316376397515455
Manitoba,MB,2018,4,2018-04,25-29,7.3,85.4,60.8,10.6,14.84593837535014,26.91279478701477,134.0,27.480172736815646,0.8885273017174163,1.1316530845301644,7.240181948965281,0,0.264563355643672
Manitoba,MB,2018,5,2018-05,25-29,6.4,88.5,64.5,10.4,13.885180240320427,26.944670576909182,133.7,27.57445438807479,0.8903297885607542,1.1329481410712257,7.240181948965281,0,-0.21084684804773693
Manitoba,MB,2018,6,2018-06,25-29,6.1,86.3,62.0,11.3,15.416098226466577,26.980073091742298,133.7,27.610684373804343,0.8919417298452332,1.1339739136671294,7.240181948965281,0,0.017708743036464452
Manitoba,MB,2018,7,2018-07,25-29,5.8,86.0,64.1,9.3,12.670299727520437,27.02,134.4,27.50752604166667,0.8932958932958933,1.1346587415453986,7.240181948965281,0,0.03572598426834513
Manitoba,MB,2018,8,2018-08,25-29,7.6,86.8,63.3,9.3,12.809917355371903,27.065243427972188,134.2,27.594649269987297,0.8943415387133395,1.1349535221301696,7.240181948965281,0,0.11327580356448645
Manitoba,MB,2018,9,2018-09,25-29,5.9,85.7,62.7,10.3,14.10958904109589,27.11577333316374,134.0,27.687430494851714,0.8950938942003811,1.134899385631994,7.240181948965281,0,0.05967695471284203
Manitoba,MB,2018,10,2018-10,25-29,4.9,85.1,62.2,11.2,15.25885558583106,27.171354130882857,135.0,27.538670584874428,0.8955846799353734,1.134560020458029,7.240181948965281,0,0.04765335666948267
Manitoba,MB,2018,11,2018-11,25-29,5.8,85.9,62.1,11.5,15.625,27.231750236438145,134.3,27.743739583772516,0.8958456160966786,1.133999115015432,7.240181948965281,0,0.01850173765734205
Manitoba,MB,2018,12,2018-12,25-29,6.3,86.0,63.5,9.7,13.251366120218577,27.296726065138255,134.3,27.809937035461964,0.8959084228626556,1.1332803577113573,7.240181948965281,0,0.04950193636796498
Manitoba,MB,2019,1,2019-01,25-29,6.3,86.9,63.7,10.4,14.035087719298245,27.366046032291308,134.1,27.922142045997457,0.8958048204116641,1.1324674369529664,7.244788994133717,0,-0.07226855519592362
Manitoba,MB,2019,2,2019-02,25-29,6.4,85.6,62.6,10.4,14.246575342465754,27.439474553205947,135.2,27.769275930047375,0.8955665289220637,1.1316240411474132,7.244788994133717,0,0.11271844150857008
Manitoba,MB,2019,3,2019-03,25-29,6.8,85.5,61.5,11.1,15.28925619834711,27.516776043190863,136.1,27.66335695892425,0.8952252685722127,1.130813858701853,7.244788994133717,0,0.17874570339314907
Manitoba,MB,2019,4,2019-04,25-29,6.4,85.7,63.3,9.8,13.406292749658006,27.597714917554104,137.1,27.54235845072459,0.8948127595404731,1.1301005780234472,7.244788994133717,0,0.12879304586837992
Manitoba,MB,2019,5,2019-05,25-29,6.8,85.9,63.0,10.1,13.81668946648427,27.68205559160435,137.5,27.54616186415466,0.8943607220052031,1.1295478875193503,7.244788994133717,0,0.1452862554133034
Manitoba,MB,2019,6,2019-06,25-29,5.2,84.8,63.9,9.6,13.061224489795917,27.76956248065032,137.3,27.67349152523656,0.8939008761447608,1.1292194755967184,7.244788994133717,0,0.0976498202809462
Manitoba,MB,2019,7,2019-07,25-29,6.0,84.8,64.5,8.6,11.76470588235294,27.86,137.4,27.74340975254731,0.8934649421375085,1.1291790306627103,7.244788994133717,0,0.1708831430039669
Manitoba,MB,2019,8,2019-08,25-29,6.4,85.5,65.8,7.8,10.597826086956523,27.95303529264255,137.3,27.8563295988042,0.8930795139359501,1.1294705278940336,7.244788994133717,0,0.11394076702021579
Manitoba,MB,2019,9,2019-09,25-29,5.5,84.6,63.8,9.8,13.31521739130435,28.047946412288937,136.9,28.032580481091557,0.892750680589173,1.1300590895456082,7.244788994133717,0,0.10792286708244447
Manitoba,MB,2019,10,2019-10,25-29,5.2,84.3,62.2,11.4,15.489130434782608,28.14391414032978,138.0,27.904282987323352,0.8924794049204129,1.1308901246419003,7.244788994133717,0,0.12904906347571374
Manitoba,MB,2019,11,2019-11,25-29,5.5,86.0,62.7,12.2,16.288384512683578,28.2401192581565,137.6,28.081063353904533,0.8922666497529029,1.131909042207381,7.244788994133717,0,-0.06590829807416139
Manitoba,MB,2019,12,2019-12,25-29,7.1,83.8,59.0,12.8,17.82729805013928,28.335742547160496,137.4,28.217161382934755,0.8921133779098765,1.1330612512665237,7.244788994133717,0,0.3447618600423148
Manitoba,MB,2020,1,2020-01,25-29,6.8,83.4,57.0,14.8,20.61281337047354,28.429964788732395,137.5,28.29039950704226,0.8920205522145687,1.134292160843791,7.1675752754084385,1,0.3529524218756128
Manitoba,MB,2020,2,2020-02,25-29,7.3,83.2,57.4,13.8,19.382022471910112,28.521966764263606,138.3,28.217773698628836,0.8919891354902125,1.1355471799636565,7.1675752754084385,1,0.43708557246640806
Manitoba,MB,2020,3,2020-03,25-29,9.5,82.1,55.8,12.7,18.54014598540146,28.61092925514553,137.4,28.491196472600347,0.8920200905600426,1.1367717176505931,7.1675752754084385,1,0.7603122873791008
Manitoba,MB,2020,4,2020-04,25-29,14.5,75.7,50.7,9.0,15.07537688442211,28.696033042768807,136.3,28.806564351260764,0.8921143802472926,1.1379111829290638,7.1675752754084385,1,2.000308480507117
Manitoba,MB,2020,5,2020-05,25-29,12.7,81.2,58.4,6.8,10.429447852760736,28.776458908524855,136.8,28.78171776431954,0.8922729673751961,1.1389109848235417,7.1675752754084385,1,1.1597980809875252
Manitoba,MB,2020,6,2020-06,25-29,11.0,84.4,58.4,10.7,15.48480463096961,28.851387633805004,137.9,28.626476526434878,0.8924968147669884,1.1397165323584981,7.1675752754084385,1,0.6213779921240692
Manitoba,MB,2020,7,2020-07,25-29,8.7,86.5,61.4,11.1,15.310344827586206,28.92,137.9,28.69455402465555,0.8927868852459017,1.140273234558399,7.1675752754084385,1,0.12580063828249274
Manitoba,MB,2020,8,2020-08,25-29,7.9,87.0,63.7,9.9,13.451086956521738,28.98182836442013,137.2,28.902614183394938,0.8931414347543137,1.140540426325735,7.1675752754084385,1,-0.04175139442464304
Manitoba,MB,2020,9,2020-09,25-29,7.4,89.2,64.9,10.9,14.379947229551448,29.037811388051335,137.2,28.958444192202077,0.8935478917111752,1.1405331460750683,7.1675752754084385,1,-0.36357212298552694
Manitoba,MB,2020,10,2020-10,25-29,7.9,88.6,62.4,12.4,16.577540106951876,29.089239307798007,138.1,28.820674643660123,0.893990977654576,1.14028035809898,7.1675752754084385,1,-0.2234297166603728
Manitoba,MB,2020,11,2020-11,25-29,10.6,88.1,62.2,10.1,13.96957123098202,29.137402360565034,138.4,28.805817037458894,0.8944554141226098,1.1398110266900516,7.1675752754084385,1,0.11469422272726369
Manitoba,MB,2020,12,2020-12,25-29,8.7,83.6,60.3,9.7,13.857142857142858,29.183590783257248,137.5,29.040325883048535,0.8949259226533703,1.1391541161408623,7.1675752754084385,1,0.4306979319745896
Manitoba,MB,2021,1,2021-01,25-29,7.4,83.6,60.6,10.5,14.767932489451477,29.229094812779113,138.5,28.875602149880887,0.8953872247849474,1.1383385907439967,7.164184251439015,1,0.31801412739854545
Manitoba,MB,2021,2,2021-02,25-29,7.9,84.0,58.0,13.1,18.424753867791843,29.275204686035472,138.9,28.837868114951792,0.8958240420554343,1.1373934147920348,7.164184251439015,1,0.3259028058846367
Manitoba,MB,2021,3,2021-03,25-29,9.6,85.0,57.0,13.7,19.377652050919377,29.323210639931172,139.6,28.740317305219076,0.8962210960029252,1.1363475525775542,7.164184251439015,1,0.39207974391614053
Manitoba,MB,2021,4,2021-04,25-29,9.8,85.2,59.5,11.3,15.960451977401133,29.374402911370662,140.6,28.585723174596666,0.89656310816551,1.135229968393142,7.164184251439015,1,0.40769192247127983
Manitoba,MB,2021,5,2021-05,25-29,9.5,88.2,62.9,10.6,14.421768707482993,29.430071737258793,141.5,28.457735444879397,0.8968348000812822,1.1340696265313766,7.164184251439015,1,0.033168036933284496
Manitoba,MB,2021,6,2021-06,25-29,8.9,85.9,61.7,10.3,14.305555555555557,29.491507354500442,141.9,28.43675471303399,0.8970208932883347,1.1328954912848361,7.164184251439015,1,0.2500820656977692
Manitoba,MB,2021,7,2021-07,25-29,8.5,86.8,63.3,9.8,13.406292749658006,29.56,142.8,28.323158263305324,0.8971061093247588,1.1317365269461077,7.164184251439015,1,0.11529634814324487
Manitoba,MB,2021,8,2021-08,25-29,9.0,86.9,64.5,8.3,11.401098901098901,29.636474166343213,143.2,28.317112973532897,0.8970799928593846,1.1306173679417535,7.164184251439015,1,0.15523079244414023
Manitoba,MB,2021,9,2021-09,25-29,6.7,85.4,64.5,8.9,12.125340599455042,29.720391368839433,143.6,28.31819323845025,0.896951381083988,1.1295453292342705,7.164184251439015,1,0.09951545338474592
Manitoba,MB,2021,10,2021-10,25-29,5.9,84.2,64.3,8.8,12.038303693570453,29.810847378478186,144.6,28.207947389766797,0.8967339343210836,1.128523395920149,7.164184251439015,1,0.17512826636140724
Manitoba,MB,2021,11,2021-11,25-29,5.9,86.8,64.2,11.5,15.191545574636722,29.906937966249682,144.7,28.279314355439624,0.8964413128931847,1.1275545530958695,7.164184251439015,1,-0.14539179676357009
Manitoba,MB,2021,12,2021-12,25-29,7.2,85.7,64.0,9.7,13.16146540027137,30.00775890314419,144.0,28.512580638352112,0.8960871771228037,1.1266417858579139,7.164184251439015,1,0.09068595535955513
Manitoba,MB,2022,1,2022-01,25-29,7.4,85.6,63.6,10.0,13.586956521739133,30.112405960151154,146.1,28.20075253591843,0.8956851873324562,1.125788079302771,7.27294980254659,1,0.16170793488124205
Manitoba,MB,2022,2,2022-02,25-29,6.5,85.4,61.4,13.1,17.583892617449663,30.219974908260816,147.4,28.05188647776653,0.8952490038446548,1.1249964185269221,7.27294980254659,1,0.11197953393597875
Manitoba,MB,2022,3,2022-03,25-29,4.1,85.8,62.3,14.7,19.09090909090909,30.329561518463485,149.9,27.68407107914454,0.8947922869819119,1.12426978862685,7.27294980254659,1,-0.13612603880879057
Manitoba,MB,2022,4,2022-04,25-29,4.1,85.7,65.6,11.4,14.805194805194805,30.440261561748535,151.1,27.564452602159125,0.8943286970667436,1.1236111746990423,7.27294980254659,1,-0.10934460978908404
Manitoba,MB,2022,5,2022-05,25-29,5.4,87.2,66.2,11.4,14.690721649484534,30.551170809106267,153.8,27.179219414538135,0.893871894421662,1.1230235618399802,7.27294980254659,1,-0.1084712746674148
Manitoba,MB,2022,6,2022-06,25-29,4.2,88.2,69.4,10.2,12.814070351758792,30.661385031526958,155.3,27.013805582348205,0.8934355393691796,1.1225099351461474,7.27294980254659,1,-0.3307170784177614
Manitoba,MB,2022,7,2022-07,25-29,2.3,87.2,70.7,9.8,12.173913043478262,30.77,155.3,27.109499356085,0.8930332922318126,1.1220732797140303,7.27294980254659,1,-0.41713438120051355
Manitoba,MB,2022,8,2022-08,25-29,5.8,87.8,68.3,10.1,12.882653061224492,30.87626223872509,154.6,27.326290949634934,0.8926771061097163,1.121716264667283,7.27294980254659,1,-0.15764894771549842
Manitoba,MB,2022,9,2022-09,25-29,3.1,87.5,70.1,10.7,13.242574257425744,30.980021284739546,155.2,27.31212250183305,0.8923721052136193,1.1214402952382467,7.27294980254659,1,-0.39627735625042476
Manitoba,MB,2022,10,2022-10,25-29,3.8,87.0,68.9,11.1,13.874999999999998,31.081277428289248,156.7,27.1390924321996,0.8921217065318964,1.121246460686437,7.27294980254659,1,-0.24329249976839185
Manitoba,MB,2022,11,2022-11,25-29,2.2,86.1,71.5,9.2,11.400247831474596,31.180030959620932,157.0,27.17329768184799,0.8919293270529188,1.1211358502713664,7.27294980254659,1,-0.3033887284224875
Manitoba,MB,2022,12,2022-12,25-29,3.9,86.0,70.7,8.7,10.957178841309823,31.2762821689813,155.5,27.52011130399271,0.8917983837650593,1.1211095532525486,7.27294980254659,1,-0.16029566089491967
Manitoba,MB,2023,1,2023-01,25-29,5.4,85.4,68.3,9.9,12.65984654731458,31.370031346616283,156.2,27.478902298340422,0.8917322936566913,1.1211686588894976,7.521597135153957,1,0.07025524226614649
Manitoba,MB,2023,2,2023-02,25-29,6.2,85.7,69.5,8.9,11.35204081632653,31.461278782772585,156.9,27.435879346417202,0.8917344737161869,1.1213142564417264,7.521597135153957,1,0.12149127167367002
Manitoba,MB,2023,3,2023-03,25-29,6.6,86.6,68.9,10.6,13.333333333333334,31.550024767696897,157.7,27.373697773241148,0.891808340931919,1.12154743516875,7.521597135153957,1,0.062227182581552486
Manitoba,MB,2023,4,2023-04,25-29,4.3,81.9,67.5,9.8,12.677878395860287,31.636269591635177,159.4,27.155787872493622,0.8919573122922602,1.1218692843300806,7.521597135153957,1,0.4172178520373367
Manitoba,MB,2023,5,2023-05,25-29,5.8,86.1,71.7,8.8,10.931677018633541,31.72001354483412,159.1,27.279012277007727,0.8921848047855828,1.122280893185232,7.521597135153957,1,0.05199800092089054
Manitoba,MB,2023,6,2023-06,25-29,6.2,87.7,74.3,8.1,9.830097087378642,31.801256917540393,158.5,27.452409954211134,0.892494235400261,1.1227833509937197,7.521597135153957,1,-0.12031777652761415
Manitoba,MB,2023,7,2023-07,25-29,7.5,85.9,72.9,7.2,8.98876404494382,31.88,159.3,27.38217827997489,0.8928890211246654,1.1233777470150546,7.521597135153957,1,0.23721115702443873
Manitoba,MB,2023,8,2023-08,25-29,8.3,87.8,74.6,7.2,8.80195599022005,31.956243082459608,159.5,27.413247396598972,0.8933725789471696,1.1240651705087512,7.521597135153957,1,0.08747246596951842
Manitoba,MB,2023,9,2023-09,25-29,5.6,88.7,76.1,9.4,10.994152046783626,32.02998645516587,159.2,27.528284527186376,0.8939483258561478,1.124846710734326,7.521597135153957,1,-0.3109935976825405
Manitoba,MB,2023,10,2023-10,25-29,3.8,90.4,81.7,7.5,8.408071748878923,32.10123040836483,159.6,27.52036873824886,0.8946196788399696,1.1257234569512884,7.521597135153957,1,-0.6980448743815014
Manitoba,MB,2023,11,2023-11,25-29,5.1,89.7,80.5,7.6,8.626560726447218,32.16997523230312,159.8,27.544786365205727,0.8953900548870093,1.1266964984191534,7.521597135153957,1,-0.48409179240048633
Manitoba,MB,2023,12,2023-12,25-29,2.8,87.9,79.4,9.4,10.585585585585584,32.23622121722739,158.2,27.880663514836524,0.8962628709856418,1.1277669243974384,7.521597135153957,1,-0.5452466894909397
Manitoba,MB,2024,1,2024-01,25-29,4.6,91.9,81.3,10.8,11.726384364820849,32.299968653383715,157.5,28.05995689523319,0.8972415441242354,1.1289358241456506,7.772775281742245,1,-0.8627190726384363
Manitoba,MB,2024,2,2024-02,25-29,4.5,89.8,79.8,10.9,12.017640573318634,32.36121783101873,158.3,27.97109052260984,0.8983294912911648,1.1302042869233067,7.772775281742245,1,-0.6102110511189219
Manitoba,MB,2024,3,2024-03,25-29,6.4,91.2,79.5,11.5,12.637362637362637,32.41996904037903,159.0,27.898504804716108,0.899530129474806,1.1315734019899246,7.772775281742245,1,-0.5746044592844094
Manitoba,MB,2024,4,2024-04,25-29,5.1,89.9,81.6,10.1,11.014176663031625,32.47622257171076,160.0,27.77224470858953,0.9008468756635252,1.13304425860501,7.772775281742245,1,-0.5361979919913528
Manitoba,MB,2024,5,2024-05,25-29,5.3,88.8,79.9,11.4,12.486308871851039,32.5299787152605,161.1,27.62827025273444,0.9022831468456983,1.13461794602808,7.772775281742245,1,-0.3660520842435638
Manitoba,MB,2024,6,2024-06,25-29,4.2,88.3,83.9,8.7,9.395248380129589,32.58123776127486,160.7,27.740683613481234,0.9038423600097025,1.1362955535186536,7.772775281742245,1,-0.4325981767469221
Manitoba,MB,2024,7,2024-07,25-29,5.2,86.6,81.3,9.3,10.264900662251657,32.63,162.2,27.525275893958085,0.9055279321439018,1.1380781703362348,7.772775281742245,1,-0.09980862190279365
Manitoba,MB,2024,8,2024-08,25-29,9.1,89.2,81.0,9.2,10.199556541019955,32.67626572168251,161.5,27.68377744501059,0.907343280236673,1.139966885740342,7.772775281742245,1,-0.03193913349890235
Manitoba,MB,2024,9,2024-09,25-29,6.5,86.2,79.2,10.9,12.097669256381797,32.72003521656895,160.4,27.91096520266239,0.9092918212763943,1.1419627889904942,7.772775281742245,1,0.03350135576023846
Manitoba,MB,2024,10,2024-10,25-29,7.6,87.0,76.0,14.2,15.742793791574277,32.76130877490553,161.4,27.773023997065984,0.9113769722514276,1.1440669693461942,7.772775281742245,1,0.0672397651227522
Manitoba,MB,2024,11,2024-11,25-29,5.8,85.5,76.7,14.2,15.62156215621562,32.80008668693883,161.2,27.840396159679944,0.9136021501501508,1.146280516066961,7.772775281742245,1,0.05450118021466218
Manitoba,MB,2024,12,2024-12,25-29,7.6,85.9,76.4,13.4,14.922048997772826,32.83636924291538,160.0,28.080226385386858,0.9159707719609435,1.1486045184123146,7.772775281742245,1,0.16111869749701133
New Brunswick,NB,2015,1,2015-01,20-24,17.0,78.4,20.3,8.1,28.52112676056338,13.020751889385089,123.1,14.416965739424755,0.866932270790818,1.243926688139813,5.870188850223781,0,0.9577394964563961
New Brunswick,NB,2015,2,2015-02,20-24,17.8,80.0,18.7,9.8,34.385964912280706,13.126849045473442,124.2,14.405712760853701,0.8779196175951245,1.2358262428419025,5.870188850223781,0,0.928468749114538
New Brunswick,NB,2015,3,2015-03,20-24,13.9,77.8,20.7,8.4,28.865979381443296,13.22157635363529,125.5,14.35936937848996,0.888081131844055,1.2282391908249188,5.870188850223781,0,0.7763707607626409
New Brunswick,NB,2015,4,2015-04,20-24,16.1,76.4,20.7,7.0,25.27075812274368,13.305594458519408,124.9,14.520036226550802,0.8974460019522187,1.2211510521995552,5.870188850223781,0,0.9792954705500075
New Brunswick,NB,2015,5,2015-05,20-24,16.4,82.3,22.9,6.6,22.372881355932204,13.379564004775352,126.1,14.46181263957875,0.9060434163343091,1.214547347076443,5.870188850223781,0,0.678776820699083
New Brunswick,NB,2015,6,2015-06,20-24,19.6,84.6,23.4,5.7,19.587628865979383,13.44414563705257,126.2,14.520103409907014,0.9139025634050113,1.2084135955662179,5.870188850223781,0,0.7701539342473356
New Brunswick,NB,2015,7,2015-07,20-24,16.1,84.1,26.8,3.4,11.258278145695364,13.5,126.3,14.568883610451305,0.9210526315789472,1.2027353177795654,5.870188850223781,0,0.5265160864502478
New Brunswick,NB,2015,8,2015-08,20-24,12.2,86.2,28.4,3.9,12.074303405572756,13.547787738267113,126.2,14.632040164229853,0.9275228092708039,1.1974980338271206,5.870188850223781,0,0.10081978241387272
New Brunswick,NB,2015,9,2015-09,20-24,16.3,72.1,19.7,6.0,23.346303501945524,13.588169496503292,125.6,14.745760369214958,0.9333422848952612,1.1926872638195227,5.870188850223781,0,1.1831576471273069
New Brunswick,NB,2015,10,2015-10,20-24,17.9,73.2,18.1,7.5,29.296875,13.621805919357609,125.9,14.747038497287068,0.9385402468669518,1.1882885278674507,5.870188850223781,0,1.2387382165586536
New Brunswick,NB,2015,11,2015-11,20-24,13.3,68.9,18.6,6.8,26.77165354330708,13.649357651479468,125.8,14.788612463407402,0.9431458836005572,1.1842873460815424,5.870188850223781,0,1.1325931914888099
New Brunswick,NB,2015,12,2015-12,20-24,15.1,68.7,17.9,6.9,27.822580645161292,13.671485337518202,125.5,14.847995629511798,0.9471883835107526,1.1806692385724409,5.870188850223781,0,1.2627271290026842
New Brunswick,NB,2016,1,2016-01,20-24,16.1,70.1,16.8,8.1,32.53012048192771,13.688849622122984,126.0,14.807858757899703,0.9506969350121803,1.1774197254508183,5.7350633153505335,0,1.2670383152183822
New Brunswick,NB,2016,2,2016-02,20-24,17.0,66.7,15.6,7.9,33.61702127659575,13.702111149943159,126.4,14.77529865298459,0.9537007265195169,1.1745243268273162,5.7350633153505335,0,1.5365794017827674
New Brunswick,NB,2016,3,2016-03,20-24,14.7,65.8,16.4,7.5,31.380753138075317,13.711930565628043,126.9,14.727629126044933,0.9562289464474335,1.1719685628125802,5.7350633153505335,0,1.4292787876215212
New Brunswick,NB,2016,4,2016-04,20-24,12.8,70.2,18.5,7.5,28.846153846153843,13.718968513826864,127.7,14.642877121649187,0.9583107832105808,1.1697379535172765,5.7350633153505335,0,1.0578724578267191
New Brunswick,NB,2016,5,2016-05,20-24,13.6,78.7,23.6,5.1,17.770034843205572,13.72388563918894,128.1,14.602385734749822,0.9599754252236311,1.1678180190520497,5.7350633153505335,0,0.6412876133834404
New Brunswick,NB,2016,6,2016-06,20-24,8.1,88.1,29.2,4.9,14.369501466275661,13.727342586363562,128.5,14.560597622734265,0.961252060901252,1.166194279527548,5.7350633153505335,0,-0.2943250366828349
New Brunswick,NB,2016,7,2016-07,20-24,11.5,88.6,29.1,3.8,11.55015197568389,13.73,129.4,14.46212519319938,0.9621698786581014,1.1648522550544325,5.7350633153505335,0,-0.04557458936673379
New Brunswick,NB,2016,8,2016-08,20-24,7.4,83.1,29.0,3.3,10.21671826625387,13.732518524747551,129.0,14.509630038163497,0.9627580669088478,1.1637774657433504,5.7350633153505335,0,-0.04744128865174332
New Brunswick,NB,2016,9,2016-09,20-24,8.5,73.0,22.2,5.8,20.71428571428571,13.735558805255504,129.4,14.467980410790764,0.9630458140681564,1.162955431704952,5.7350633153505335,0,0.6224982073513189
New Brunswick,NB,2016,10,2016-10,20-24,9.3,74.5,21.6,6.6,23.404255319148934,13.739781486173136,129.4,14.472428257846971,0.9630623085506902,1.162371673049894,5.7350633153505335,0,0.5949857430357574
New Brunswick,NB,2016,11,2016-11,20-24,12.2,72.6,20.8,5.9,22.097378277153556,13.745847212149735,128.9,14.534980411295644,0.962836738771115,1.162011709888826,5.7350633153505335,0,0.9032551790630303
New Brunswick,NB,2016,12,2016-12,20-24,14.1,71.1,20.5,5.0,19.607843137254903,13.754416627834615,128.4,14.600677463970854,0.9623982931440943,1.1618610623324,5.7350633153505335,0,1.1135847188892585
New Brunswick,NB,2017,1,2017-01,20-24,13.9,70.8,18.7,6.7,26.377952755905515,13.766150377877018,130.1,14.422185215254705,0.9617761600842949,1.1619052504912688,5.659080445078043,0,1.160932221839971
New Brunswick,NB,2017,2,2017-02,20-24,11.2,70.6,19.3,7.0,26.61596958174905,13.781709106926243,130.0,14.449591932877283,0.9609995280063808,1.1621297944760842,5.659080445078043,0,0.9649396626985288
New Brunswick,NB,2017,3,2017-03,20-24,11.4,71.7,18.8,7.7,29.056603773584904,13.801753459631643,130.5,14.415164724504159,0.9600975853250139,1.162520214397499,5.659080445078043,0,0.9255581134009732
New Brunswick,NB,2017,4,2017-04,20-24,15.5,72.9,17.8,7.9,30.73929961089494,13.82694408064239,131.2,14.364424376460043,0.9590995204548639,1.1630620303661643,5.659080445078043,0,1.1742087352446413
New Brunswick,NB,2017,5,2017-05,20-24,12.8,82.3,23.6,6.4,21.333333333333336,13.857941614607823,131.2,14.396626845053705,0.9580345218105931,1.163740762492732,5.659080445078043,0,0.4278693178003549
New Brunswick,NB,2017,6,2017-06,20-24,7.5,82.9,25.7,6.3,19.6875,13.89540670617733,131.1,14.446559374919678,0.9569317778068632,1.1645419308878577,5.659080445078043,0,-0.012659348486567875
New Brunswick,NB,2017,7,2017-07,20-24,6.0,84.8,28.3,4.8,14.501510574018125,13.94,131.2,14.481874999999999,0.955820476858345,1.1654510556621882,5.659080445078043,0,-0.24165251768909948
New Brunswick,NB,2017,8,2017-08,20-24,5.7,84.6,28.3,4.7,14.242424242424242,13.99208029237222,131.3,14.524908940215791,0.9547290252858683,1.1664549153238755,5.659080445078043,0,-0.26335089057904365
New Brunswick,NB,2017,9,2017-09,20-24,10.3,70.0,19.8,6.2,23.846153846153847,14.050798986178494,131.6,14.552613235684866,0.9536827010349359,1.167545321971061,5.659080445078043,0,0.906425610130758
New Brunswick,NB,2017,10,2017-10,20-24,11.8,71.5,19.4,6.7,25.67049808429119,14.115005635949844,131.4,14.641364293607028,0.9527059999572275,1.168715346099374,5.659080445078043,0,0.9096263090688398
New Brunswick,NB,2017,11,2017-11,20-24,8.0,72.2,20.6,6.9,25.09090909090909,14.183549796217772,132.4,14.60134318145379,0.9518234179044138,1.169958058204454,5.659080445078043,0,0.5974744945534428
New Brunswick,NB,2017,12,2017-12,20-24,7.6,73.4,21.1,7.1,25.177304964539005,14.255281021513822,132.1,14.708514786013126,0.951059450728167,1.1712665287819393,5.659080445078043,0,0.4720828487730751
New Brunswick,NB,2018,1,2018-01,20-24,18.6,72.7,18.6,5.8,23.770491803278684,14.329048866368947,132.5,14.739995173479903,0.9504385942801648,1.1726338283274593,5.568094359874211,0,1.3211023135428506
New Brunswick,NB,2018,2,2018-02,20-24,15.3,72.5,18.8,6.5,25.691699604743086,14.40370288531468,133.5,14.705803020737008,0.9499853444120789,1.174053027336653,5.568094359874211,0,1.096094020447947
New Brunswick,NB,2018,3,2018-03,20-24,14.3,74.6,18.7,7.7,29.166666666666668,14.478092632882577,133.8,14.748610058758556,0.9497241969755827,1.1755171963051596,5.568094359874211,0,0.8909029596879202
New Brunswick,NB,2018,4,2018-04,20-24,14.7,72.4,19.6,5.9,23.137254901960784,14.551067663603572,134.1,14.78978764018767,0.9496796478223515,1.1770194057286074,5.568094359874211,0,1.0360624350580532
New Brunswick,NB,2018,5,2018-05,20-24,13.9,82.0,25.0,4.1,14.089347079037799,14.621477532009218,133.9,14.883550318243882,0.949876192804058,1.1785527261026356,5.568094359874211,0,0.4038534738851605
New Brunswick,NB,2018,6,2018-06,20-24,8.7,86.6,28.3,4.1,12.654320987654321,14.688171792631032,134.0,14.940282203997084,0.9503383277723778,1.1801102279228848,5.568094359874211,0,-0.259771319989889
New Brunswick,NB,2018,7,2018-07,20-24,11.6,88.5,28.8,3.3,10.2803738317757,14.75,134.8,14.91413204747774,0.9510905485789821,1.1816849816849815,5.568094359874211,0,-0.14648567168613438
New Brunswick,NB,2018,8,2018-08,20-24,11.0,88.3,27.7,4.4,13.70716510903427,14.80607002798554,134.7,14.981940199067772,0.9521493255599007,1.1832607259424706,5.568094359874211,0,-0.19671516997776642
New Brunswick,NB,2018,9,2018-09,20-24,10.2,78.5,23.1,5.8,20.06920415224913,14.856523027808569,134.2,15.089002151194544,0.9534990269885864,1.1847838714805154,5.568094359874211,0,0.27743375581888463
New Brunswick,NB,2018,10,2018-10,20-24,4.5,76.6,23.1,7.0,23.25581395348837,14.901758470027483,135.1,15.034120499368953,0.9551159956228353,1.1861914971421714,5.568094359874211,0,-0.02334836647602619
New Brunswick,NB,2018,11,2018-11,20-24,7.6,77.3,21.6,7.7,26.27986348122867,14.942175825201097,134.1,15.187312192206631,0.9569765742204546,1.187420681770506,5.568094359874211,0,0.12817800541854626
New Brunswick,NB,2018,12,2018-12,20-24,10.1,74.8,20.9,6.6,24.0,14.978174563888178,133.3,15.315267764875907,0.9590571055392535,1.1884085042085863,5.568094359874211,0,0.42455856671723885
New Brunswick,NB,2019,1,2019-01,20-24,12.6,73.6,18.9,7.4,28.13688212927757,15.0101541566472,134.0,15.26779113097771,0.9613339323370248,1.18909204329947,5.541641421840087,0,0.6908448101863834
New Brunswick,NB,2019,2,2019-02,20-24,13.1,76.5,19.7,7.4,27.30627306273063,15.038514074036941,134.7,15.217145273134632,0.963783397371577,1.189408377886224,5.541641421840087,0,0.574872371770775
New Brunswick,NB,2019,3,2019-03,20-24,9.0,73.2,19.2,8.1,29.67032967032967,15.063653786616136,135.9,15.107991251771738,0.9663818434007218,1.1892945868119118,5.541641421840087,0,0.4866925889711193
New Brunswick,NB,2019,4,2019-04,20-24,13.1,72.4,19.2,6.5,25.291828793774318,15.085972764943318,136.4,15.074912667608311,0.9691056131822481,1.1886877489195975,5.541641421840087,0,0.8452899858339992
New Brunswick,NB,2019,5,2019-05,20-24,11.8,82.6,24.3,5.5,18.456375838926174,15.105870479577236,136.7,15.061668956593834,0.9719310494739667,1.187524943052345,5.541641421840087,0,0.16862878218319743
New Brunswick,NB,2019,6,2019-06,20-24,8.3,82.6,26.6,4.3,13.915857605177992,15.123746401076605,136.3,15.123746401076602,0.9748344950336891,1.1857432480532122,5.541641421840087,0,-0.1069653159528406
New Brunswick,NB,2019,7,2019-07,20-24,12.5,89.7,28.9,3.2,9.968847352024921,15.14,137.1,15.05165572574763,0.9777922926192032,1.183279742765273,5.541641421840087,0,-0.18299093794789104
New Brunswick,NB,2019,8,2019-08,20-24,10.0,90.5,30.1,3.3,9.880239520958083,15.155005336426102,137.4,15.033677054984553,0.9807744938814568,1.1801124177880398,5.541641421840087,0,-0.4098797236826049
New Brunswick,NB,2019,9,2019-09,20-24,6.1,76.4,23.7,5.8,19.66101694915254,15.1690348285134,136.6,15.135720696386356,0.9837259860439421,1.176382910746827,5.541641421840087,0,0.08127954862208402
New Brunswick,NB,2019,10,2019-10,20-24,9.4,75.2,21.2,6.9,24.555160142348754,15.182335483940228,136.8,15.126844491674362,0.9865853652232638,1.1722737710234348,5.541641421840087,0,0.397237997151577
New Brunswick,NB,2019,11,2019-11,20-24,7.5,77.5,22.0,7.6,25.675675675675674,15.195154310385034,137.3,15.084483120943043,0.9892912275360508,1.1679675479996308,5.541641421840087,0,0.13525862050685636
New Brunswick,NB,2019,12,2019-12,20-24,6.7,75.8,22.8,6.5,22.18430034129693,15.207738315526262,136.4,15.196588947259745,0.9917821690989301,1.1636467910571824,5.541641421840087,0,0.14480068923844644
New Brunswick,NB,2020,1,2020-01,20-24,12.3,74.6,20.5,6.6,24.354243542435423,15.220334507042255,137.3,15.109479922140268,0.9939967860285089,1.1594940495778914,5.565256461313809,1,0.651311074312282
New Brunswick,NB,2020,2,2020-02,20-24,10.3,69.9,20.7,5.2,20.07722007722008,15.233189892611454,137.6,15.08927167414928,0.995873674441415,1.1556918729435244,5.565256461313809,1,0.7767272822295311
New Brunswick,NB,2020,3,2020-03,20-24,17.8,70.4,19.9,4.0,16.73640167364017,15.24655147991231,136.6,15.213067106237537,0.9973514304542723,1.152422810535852,5.565256461313809,1,1.2738805098192363
New Brunswick,NB,2020,4,2020-04,20-24,27.5,62.0,13.9,4.8,25.668449197860966,15.260666276623155,134.6,15.45340871845272,0.9983686501836938,1.1498694117366703,5.565256461313809,1,2.4141047601839425
New Brunswick,NB,2020,5,2020-05,20-24,33.3,74.8,18.3,2.6,12.440191387559809,15.275781290422437,135.6,15.35463856847034,0.9988639297463044,1.1482142259277484,5.565256461313809,1,2.1375864212656777
New Brunswick,NB,2020,6,2020-06,20-24,22.2,88.5,22.8,5.9,20.557491289198605,15.292143528988612,136.6,15.25855902636272,0.9987758652587239,1.1476398024908638,5.565256461313809,1,0.5538184817732271
New Brunswick,NB,2020,7,2020-07,20-24,16.5,84.0,23.2,6.1,20.81911262798635,15.31,137.1,15.220663749088256,0.9980430528375734,1.1483286908077994,5.565256461313809,1,0.3974746045755559
New Brunswick,NB,2020,8,2020-08,20-24,8.7,80.1,23.1,7.4,24.262295081967213,15.329603070754377,136.6,15.29593629973515,0.9966313960673647,1.1503976366062791,5.565256461313809,1,0.022295494636775676
New Brunswick,NB,2020,9,2020-09,20-24,18.4,75.5,19.7,5.9,23.046875,15.351226547026837,136.3,15.351226547026833,0.994616028404165,1.1537001709978394,5.565256461313809,1,0.9918483387815938
New Brunswick,NB,2020,10,2020-10,20-24,21.0,75.3,18.4,6.4,25.80645161290323,15.375149594211612,137.0,15.29659043570104,0.9920993907719491,1.1580240214399373,5.565256461313809,1,1.2101660010997761
New Brunswick,NB,2020,11,2020-11,20-24,21.6,76.7,19.7,5.4,21.51394422310757,15.40165137770311,136.8,15.345358792258287,0.9891839240946764,1.1631569153900556,5.565256461313809,1,1.162336904101583
New Brunswick,NB,2020,12,2020-12,20-24,16.7,74.6,19.5,6.4,24.710424710424714,15.431011062895772,136.9,15.363380627265839,0.9859720692963014,1.1688865803056852,5.565256461313809,1,0.9140114222397427
New Brunswick,NB,2021,1,2021-01,20-24,16.5,74.1,18.0,7.8,30.23255813953488,15.463507815183785,138.2,15.250912555785455,0.982566267300806,1.1750007436442707,5.593309071044332,1,0.9561389648633742
New Brunswick,NB,2021,2,2021-02,20-24,14.3,77.0,19.4,8.1,29.454545454545457,15.499420799961586,138.7,15.23122606369693,0.9790689590321454,1.1812871328633017,5.593309071044332,1,0.6318371563403854
New Brunswick,NB,2021,3,2021-03,20-24,19.8,78.7,18.4,8.1,30.566037735849054,15.539029182623633,139.2,15.21529940798564,0.9755825854142741,1.1875334754202702,5.593309071044332,1,0.9470740206582645
New Brunswick,NB,2021,4,2021-04,20-24,11.8,76.6,21.0,7.2,25.531914893617024,15.582612128564067,140.3,15.138346636659172,0.9722095873711751,1.1935274987726172,5.593309071044332,1,0.4924906533126139
New Brunswick,NB,2021,5,2021-05,20-24,14.2,85.2,26.0,4.6,15.032679738562091,15.630448803177346,141.4,15.066691455962319,0.9690524058268027,1.1990569303778353,5.593309071044332,1,0.19687439989689584
New Brunswick,NB,2021,6,2021-06,20-24,11.6,85.7,27.4,4.5,14.106583072100316,15.682818371857968,141.5,15.106488650772018,0.9662134817051137,1.2039094976934122,5.593309071044332,1,-0.03485938479692574
New Brunswick,NB,2021,7,2021-07,20-24,12.4,88.2,27.9,4.7,14.417177914110429,15.74,142.5,15.055171929824558,0.9637952559300874,1.2078729281767955,5.593309071044332,1,-0.10550215542663828
New Brunswick,NB,2021,8,2021-08,20-24,10.6,85.3,28.9,3.3,10.248447204968945,15.80228261203772,143.0,15.061895944200986,0.9618781788047888,1.2107871976496436,5.593309071044332,1,-0.07499194857739488
New Brunswick,NB,2021,9,2021-09,20-24,14.9,72.8,19.6,6.7,25.475285171102662,15.869994168564599,143.3,15.094767656492355,0.9604547381487244,1.2127012753902762,5.593309071044332,1,0.9510772797885879
New Brunswick,NB,2021,10,2021-10,20-24,10.1,74.8,22.5,5.9,20.774647887323948,15.943472389213328,144.5,15.038721706918867,0.9594954311605208,1.2137163790411676,5.593309071044332,1,0.49434122589830887
New Brunswick,NB,2021,11,2021-11,20-24,14.6,79.1,21.4,7.3,25.435540069686414,16.023054993617155,144.6,15.103336069363886,0.9589707550387929,1.2139337262448087,5.593309071044332,1,0.56626449909109
New Brunswick,NB,2021,12,2021-12,20-24,12.3,74.6,21.0,6.9,24.731182795698928,16.10907970140938,144.3,15.215991429674972,0.9588512069821596,1.2134545346436816,5.593309071044332,1,0.6244343352834768
New Brunswick,NB,2022,1,2022-01,20-24,20.8,75.2,20.0,5.5,21.568627450980394,16.201884232222607,145.5,15.177435194858703,0.9591072841892408,1.2123800218802734,5.638243028228304,1,1.2311002640359627
New Brunswick,NB,2022,2,2022-02,20-24,14.9,78.1,20.4,8.2,28.671328671328673,16.301806305690114,147.0,15.115212241262327,0.9597094838586544,1.2108114055970676,5.638243028228304,1,0.6427491369247814
New Brunswick,NB,2022,3,2022-03,20-24,10.2,75.6,22.6,6.7,22.866894197952217,16.40918364144528,149.5,14.960346022267503,0.9606283031890225,1.2088499034365434,5.638243028228304,1,0.4757834401264504
New Brunswick,NB,2022,4,2022-04,20-24,10.7,74.0,21.8,6.7,23.50877192982456,16.524353959120578,150.9,14.925576173811361,0.9618342393789592,1.206596733041196,5.638243028228304,1,0.6132127406983898
New Brunswick,NB,2022,5,2022-05,20-24,11.0,84.1,27.0,5.4,16.666666666666668,16.647654978349355,153.8,14.753415952854464,0.9632977896270855,1.2041531120535045,5.638243028228304,1,0.10119714718016064
New Brunswick,NB,2022,6,2022-06,20-24,5.7,85.0,28.7,6.0,17.291066282420747,16.77942441876505,154.4,14.812406400762148,0.9649894511320251,1.201620258115946,5.638243028228304,1,-0.3587776846288228
New Brunswick,NB,2022,7,2022-07,20-24,7.3,87.4,31.5,3.7,10.511363636363635,16.92,153.9,14.985029239766082,0.9668797210923882,1.1990993888710195,5.638243028228304,1,-0.4207959001833577
New Brunswick,NB,2022,8,2022-08,20-24,8.6,87.4,31.3,3.5,10.057471264367816,17.069414629242498,153.6,15.146882903422867,0.9689378080535326,1.1966736297000773,5.638243028228304,1,-0.3650921691565659
New Brunswick,NB,2022,9,2022-09,20-24,11.4,79.7,24.4,6.7,21.54340836012862,17.22648196390038,153.1,15.336182179488057,0.9711277659477566,1.194353736939973,5.638243028228304,1,0.2355378801170763
New Brunswick,NB,2022,10,2022-10,20-24,12.1,77.3,22.7,7.3,24.333333333333332,17.389710848935078,154.4,15.351150185944627,0.9734123600540755,1.1921323746664543,5.638243028228304,1,0.4210310237257082
New Brunswick,NB,2022,11,2022-11,20-24,16.0,77.6,21.3,7.6,26.297577854671278,17.557610129309282,155.9,15.35023900336661,0.975754355651522,1.1900022069552494,5.638243028228304,1,0.6937363709719899
New Brunswick,NB,2022,12,2022-12,20-24,12.9,76.7,22.5,7.0,23.728813559322035,17.728688649985738,153.4,15.752413709211575,0.9781165180191295,1.1879558978820879,5.638243028228304,1,0.4135111444410198
New Brunswick,NB,2023,1,2023-01,20-24,16.1,80.0,22.2,7.6,25.503355704697988,17.9014552559258,154.9,15.75189381137951,0.9804616124359119,1.185986111522716,5.625897151135298,1,0.4625265938703278
New Brunswick,NB,2023,2,2023-02,20-24,9.8,77.6,22.8,8.5,27.15654952076677,18.074418792092207,155.6,15.832540368651463,0.9827524041809028,1.1840855119528628,5.625897151135298,1,0.11158725461474929
New Brunswick,NB,2023,3,2023-03,20-24,9.7,78.3,23.2,8.5,26.813880126182966,18.2460881034477,155.8,15.96239928433839,0.984951658533135,1.1822467632482585,5.625897151135298,1,0.03135133124360636
New Brunswick,NB,2023,4,2023-04,20-24,8.6,77.6,21.8,10.1,31.661442006269592,18.414972034953625,157.4,15.946383026456026,0.9870221407716234,1.1804625294846476,5.625897151135298,1,-0.006258153383549125
New Brunswick,NB,2023,5,2023-05,20-24,8.7,86.9,28.7,7.2,20.055710306406688,18.579579431572732,157.3,16.099152425450495,0.9889266161754012,1.1787254747377602,5.625897151135298,1,-0.5693570763053375
New Brunswick,NB,2023,6,2023-06,20-24,4.9,86.3,29.7,7.5,20.161290322580644,18.738419138267716,157.6,16.20587898823534,0.9906278500234996,1.1770282630833269,5.625897151135298,1,-0.8441764192122109
New Brunswick,NB,2023,7,2023-07,20-24,4.7,88.8,32.9,5.6,14.545454545454545,18.89,158.3,16.26473152242577,0.9920886075949366,1.1753635585970914,5.625897151135298,1,-1.0168845389525065
New Brunswick,NB,2023,8,2023-08,20-24,10.5,89.9,31.7,5.1,13.858695652173914,19.0328308617323,158.9,16.325832891467037,0.9932716541687436,1.1737240253547843,5.625897151135298,1,-0.6644839225741056
New Brunswick,NB,2023,9,2023-09,20-24,14.1,78.9,23.7,7.4,23.79421221864952,19.165420568427237,159.3,16.398285144234976,0.9941397550239498,1.1721023274321358,5.625897151135298,1,0.21380914085699776
New Brunswick,NB,2023,10,2023-10,20-24,9.6,77.0,23.0,9.1,28.34890965732087,19.286277965046377,158.8,16.553650419621036,0.9946556754395774,1.17049112890489,5.625897151135298,1,-0.05090719894718276
New Brunswick,NB,2023,11,2023-11,20-24,10.1,79.3,22.4,10.6,32.121212121212125,19.393911896552364,158.5,16.677540640379096,0.9947821806946562,1.1688830938487773,5.625897151135298,1,-0.17660041258504586
New Brunswick,NB,2023,12,2023-12,20-24,6.2,76.8,23.2,10.3,30.74626865671642,19.486831207907716,157.8,16.831781328503304,0.9944820360682116,1.167270886339528,5.625897151135298,1,-0.3621525571322854
New Brunswick,NB,2024,1,2024-01,20-24,12.5,77.1,21.6,9.9,31.428571428571427,19.563544744074203,158.5,16.823414186860024,0.9937180068392722,1.165647170452886,5.829710833013901,1,0.09067170520230322
New Brunswick,NB,2024,2,2024-02,20-24,8.3,74.0,23.0,8.9,27.89968652037618,19.622561350014372,158.9,16.83168730023259,0.9924528582868649,1.1640046102645818,5.829710833013901,1,-0.04600613851437857
New Brunswick,NB,2024,3,2024-03,20-24,12.7,73.3,21.2,9.0,29.80132450331126,19.662389870690596,159.8,16.77086194853021,0.9906493556900112,1.1623358698503459,5.829710833013901,1,0.33615229399473007
New Brunswick,NB,2024,4,2024-04,20-24,11.9,76.4,22.8,9.1,28.526645768025077,19.681539151064925,162.0,16.55922090302561,0.9882702643277474,1.1606336132859219,5.829710833013901,1,0.15281915150337408
New Brunswick,NB,2024,5,2024-05,20-24,11.6,83.4,28.4,6.8,19.31818181818182,19.67851803609978,161.9,16.566905548612723,0.9852783494790965,1.1588905046470406,5.829710833013901,1,-0.2718118412969084
New Brunswick,NB,2024,6,2024-06,20-24,9.0,83.9,30.8,5.6,15.384615384615385,19.65183537075733,162.0,16.534229389100144,0.981636376423075,1.1570992080094318,5.829710833013901,1,-0.4852579547733511
New Brunswick,NB,2024,7,2024-07,20-24,10.3,85.0,31.7,4.8,13.150684931506849,19.6,162.9,16.399508901166357,0.9773071104387291,1.1552523874488403,5.829710833013901,1,-0.41763966119462964
New Brunswick,NB,2024,8,2024-08,20-24,5.9,85.2,31.8,6.8,17.616580310880828,19.52152076879003,161.8,16.444890486934984,0.9722533168050772,1.1533427070409963,5.829710833013901,1,-0.7673001975574761
New Brunswick,NB,2024,9,2024-09,20-24,2.8,73.8,25.7,8.8,25.507246376811597,19.41490652208937,160.7,16.46703023622141,0.9664377608011292,1.1513628308616284,5.829710833013901,1,-0.3510104579368242
New Brunswick,NB,2024,10,2024-10,20-24,4.4,70.9,23.4,9.3,28.440366972477065,19.278666104860875,161.6,16.260409592156787,0.9598232077059436,1.1493054229864836,5.829710833013901,1,-0.014162479138121811
New Brunswick,NB,2024,11,2024-11,20-24,9.0,74.4,23.6,8.9,27.384615384615387,19.111308362066577,161.6,16.119253278153924,0.9523724227985332,1.1471631474912907,5.829710833013901,1,0.16287219814369724
New Brunswick,NB,2024,12,2024-12,20-24,12.8,71.8,21.6,8.4,28.000000000000004,18.91134213866816,160.3,16.079949678730316,0.9440481713579002,1.1449286684517788,5.829710833013901,1,0.6037238395100131
New Brunswick,NB,2015,1,2015-01,25-29,10.2,84.1,27.1,3.8,12.297734627831714,22.656530616626586,123.1,25.08598800200003,0.8590521784045445,1.2291218349982866,5.579102928508771,0,1.0133141203269427
New Brunswick,NB,2015,2,2015-02,25-29,9.8,85.0,27.8,3.6,11.464968152866241,22.843975067896295,124.2,25.069515312031115,0.8616474427814145,1.2210949589947864,5.579102928508771,0,0.8665171265557973
New Brunswick,NB,2015,3,2015-03,25-29,11.3,89.4,28.8,3.4,10.559006211180124,23.015636686726953,125.5,24.99626518247716,0.8643242383025712,1.2136951691456852,5.579102928508771,0,0.5016187712031138
New Brunswick,NB,2015,4,2015-04,25-29,14.6,87.7,26.1,4.3,14.144736842105262,23.17229273123497,124.9,25.28729783240453,0.8670700375974872,1.2068962323399954,5.579102928508771,0,1.0071822217342044
New Brunswick,NB,2015,5,2015-05,25-29,17.4,89.4,25.9,4.0,13.377926421404682,23.314720459538197,126.1,25.20060585753415,0.8698723132956568,1.2006719154666687,5.579102928508771,0,1.1006837330279167
New Brunswick,NB,2015,6,2015-06,25-29,11.3,89.9,28.3,3.8,11.838006230529594,23.443697129754323,126.2,25.319935965019923,0.8727185380265752,1.194995985414662,5.579102928508771,0,0.40164929155532647
New Brunswick,NB,2015,7,2015-07,25-29,11.6,87.8,29.3,2.0,6.3897763578274756,23.56,126.3,25.425399841646872,0.8755961844197139,1.189842209072978,5.579102928508771,0,0.6710645775254189
New Brunswick,NB,2015,8,2015-08,25-29,11.9,89.8,29.2,2.7,8.46394984326019,23.664406328392953,126.2,25.558308895086842,0.8784927251045678,1.1851843533305733,5.579102928508771,0,0.4455680659409778
New Brunswick,NB,2015,9,2015-09,25-29,5.8,85.6,30.1,2.3,7.098765432098765,23.757693373050788,125.6,25.781636996391896,0.8813956327106319,1.1809961850764086,5.579102928508771,0,0.29711928439007956
New Brunswick,NB,2015,10,2015-10,25-29,7.8,86.6,29.7,2.3,7.187499999999999,23.840638392090348,125.9,25.810000102000906,0.884292379867378,1.1772514711994793,5.579102928508771,0,0.37842950938156145
New Brunswick,NB,2015,11,2015-11,25-29,8.7,85.3,28.8,2.5,7.987220447284344,23.91401864362925,125.8,25.910021789560147,0.8871704392043006,1.1739239785887452,5.579102928508771,0,0.6140220174023167
New Brunswick,NB,2015,12,2015-12,25-29,6.1,81.3,27.2,3.6,11.688311688311687,23.97861138578503,125.5,26.04210941739043,0.890017283350895,1.1709874741331705,5.579102928508771,0,0.8111058765603039
New Brunswick,NB,2016,1,2016-01,25-29,10.4,83.8,26.2,3.9,12.956810631229237,24.03519387667468,126.0,25.999975598339354,0.8928203849366326,1.1684157247217444,5.524929191088427,0,0.9567161852325535
New Brunswick,NB,2016,2,2016-02,25-29,9.5,83.6,27.0,3.5,11.475409836065573,24.084543374415755,126.4,25.97091188238028,0.8955672165910088,1.1661824972434294,5.524929191088427,0,0.8921718522534058
New Brunswick,NB,2016,3,2016-03,25-29,9.5,83.9,27.3,3.4,11.074918566775244,24.12743713712571,126.9,25.914654702838725,0.8982452509435175,1.1642615585871932,5.524929191088427,0,0.8631644598740674
New Brunswick,NB,2016,4,2016-04,25-29,12.5,83.3,26.3,3.1,10.544217687074829,24.164652422921673,127.7,25.792029171842,0.9008419606236318,1.1626266756420183,5.524929191088427,0,1.2573093088690044
New Brunswick,NB,2016,5,2016-05,25-29,7.4,84.3,28.0,3.3,10.543130990415335,24.19696648992113,128.1,25.745874571243167,0.9033448182608457,1.1612516152968715,5.524929191088427,0,0.6211492709460071
New Brunswick,NB,2016,6,2016-06,25-29,8.6,84.3,28.4,2.6,8.38709677419355,24.225156596241504,128.5,25.69563302776433,0.9057412964846532,1.1601101444407216,5.524929191088427,0,0.7501827768803012
New Brunswick,NB,2016,7,2016-07,25-29,7.9,85.0,28.5,2.9,9.235668789808917,24.25,129.4,25.543083462132916,0.9080188679245284,1.1591760299625469,5.524929191088427,0,0.613485818567431
New Brunswick,NB,2016,8,2016-08,25-29,11.2,82.5,26.4,3.1,10.508474576271187,24.272273959314052,129.0,25.64582124538376,0.9101650052099649,1.1584230387513166,5.524929191088427,0,1.2382415426066384
New Brunswick,NB,2016,9,2016-09,25-29,7.6,85.1,26.9,4.7,14.873417721518988,24.29275573230108,129.4,25.588119059603066,0.9121671809704555,1.1578249376960006,5.524929191088427,0,0.5652230035096019
New Brunswick,NB,2016,10,2016-10,25-29,8.3,84.1,25.8,5.1,16.50485436893204,24.312222577078323,129.4,25.608623935516036,0.9140128678354761,1.157355493685575,5.524929191088427,0,0.754214609239941
New Brunswick,NB,2016,11,2016-11,25-29,6.6,82.6,26.3,4.7,15.161290322580644,24.331451751763193,128.9,25.72829227125929,0.9156895384345198,1.1569884736090095,5.524929191088427,0,0.7452435789271185
New Brunswick,NB,2016,12,2016-12,25-29,8.5,84.8,26.2,5.0,16.025641025641026,24.351220514473113,128.4,25.849465390363587,0.9171846653970775,1.156697644355276,5.524929191088427,0,0.6609821691213523
New Brunswick,NB,2017,1,2017-01,25-29,6.9,79.9,25.2,4.7,15.719063545150503,24.372306123325316,130.1,25.533784201454573,0.9184857213526283,1.1564567728133475,5.548215266265552,0,1.1236857497163255
New Brunswick,NB,2017,2,2017-02,25-29,10.3,79.7,24.7,4.2,14.53287197231834,24.395485836437228,130.0,25.577728611587645,0.9195801789306637,1.156239625872196,5.548215266265552,0,1.4902180327537007
New Brunswick,NB,2017,3,2017-03,25-29,9.2,80.9,24.8,4.8,16.216216216216214,24.421536911926264,130.5,25.506938552456315,0.920455510760673,1.1560199704207925,5.548215266265552,0,1.2425286665428683
New Brunswick,NB,2017,4,2017-04,25-29,12.7,80.4,24.8,3.5,12.367491166077738,24.45123660790965,131.2,25.401703884589065,0.9210991894721385,1.1557715733481106,5.548215266265552,0,1.6737096154309474
New Brunswick,NB,2017,5,2017-05,25-29,11.4,84.9,26.6,3.8,12.499999999999998,24.48536218250481,131.2,25.437155986855227,0.9214986876945502,1.1554682015431215,5.548215266265552,0,0.9967995045722852
New Brunswick,NB,2017,6,2017-06,25-29,14.1,87.9,27.3,3.2,10.491803278688524,24.524690893829217,131.1,25.497447512043646,0.9216414780573954,1.155083621894796,5.548215266265552,0,0.9060415211087248
New Brunswick,NB,2017,7,2017-07,25-29,10.6,83.9,27.9,2.4,7.920792079207921,24.57,131.2,25.525083841463413,0.9215150331901601,1.1545916012921087,5.548215266265552,0,1.0239277436233276
New Brunswick,NB,2017,8,2017-08,25-29,10.5,87.6,29.7,2.0,6.309148264984227,24.62174088990616,131.3,25.559354785180574,0.9211144930411732,1.1539783507353536,5.548215266265552,0,0.5658897350475303
New Brunswick,NB,2017,9,2017-09,25-29,7.5,85.9,29.9,2.3,7.142857142857144,24.679061475522868,131.6,25.56045652822011,0.9204656668341225,1.153279857670117,5.548215266265552,0,0.46250312681923145
New Brunswick,NB,2017,10,2017-10,25-29,5.8,89.9,31.0,3.3,9.620991253644315,24.740783799596358,131.4,25.66338532636973,0.9196020311115415,1.152544553653314,5.548215266265552,0,-0.2037506839673863
New Brunswick,NB,2017,11,2017-11,25-29,8.1,88.1,30.0,2.7,8.256880733944955,24.80572990487332,132.4,25.536412281225324,0.9185570624159596,1.1518208702418542,5.548215266265552,0,0.2631455638687219
New Brunswick,NB,2017,12,2017-12,25-29,8.2,86.9,29.0,3.5,10.76923076923077,24.872721834100496,132.1,25.663527524510958,0.9173642372899036,1.1511572389926465,5.548215266265552,0,0.4015190855292761
New Brunswick,NB,2018,1,2018-01,25-29,8.4,88.4,29.3,3.6,10.94224924012158,24.940581630024045,132.5,25.655858688092653,0.9160570322759104,1.1506020914626065,5.5776985504161605,0,0.2431139796470422
New Brunswick,NB,2018,2,2018-02,25-29,9.7,88.5,29.4,3.2,9.815950920245399,25.00813133539071,133.5,25.532646449541225,0.9146689239165074,1.150203859208643,5.5776985504161605,0,0.3794185335046605
New Brunswick,NB,2018,3,2018-03,25-29,10.1,88.0,29.0,3.3,10.21671826625387,25.074192992947204,133.8,25.542694356791504,0.9132333887542213,1.1500109737876671,5.5776985504161605,0,0.4790571366485968
New Brunswick,NB,2018,4,2018-04,25-29,6.9,85.0,29.2,3.0,9.316770186335404,25.13758864543971,134.1,25.54998756430598,0.91178390333159,1.1500718667565917,5.5776985504161605,0,0.5102818694799053
New Brunswick,NB,2018,5,2018-05,25-29,6.8,86.0,29.4,3.3,10.091743119266056,25.197140335614964,133.9,25.648769437971012,0.91035394419114,1.1504349696723266,5.5776985504161605,0,0.3679481670326455
New Brunswick,NB,2018,6,2018-06,25-29,7.8,88.0,30.4,2.7,8.157099697885197,25.251670106219645,134.0,25.68509429460998,0.9089769878753984,1.1511487140917858,5.5776985504161605,0,0.22604128811341115
New Brunswick,NB,2018,7,2018-07,25-29,6.7,87.5,31.2,2.1,6.306306306306307,25.3,134.8,25.581528189910973,0.9076865109269028,1.1522615315718765,5.5776985504161605,0,0.18620533351044335
New Brunswick,NB,2018,8,2018-08,25-29,6.2,86.6,29.8,3.4,10.240963855421684,25.341433777357352,134.7,25.642445611386837,0.9065137990574039,1.1537984174129987,5.5776985504161605,0,0.235390747980706
New Brunswick,NB,2018,9,2018-09,25-29,6.5,86.1,28.9,3.9,11.890243902439025,25.377202069311412,134.2,25.774311788726862,0.9054813746555499,1.1556906218895049,5.5776985504161605,0,0.30972909767195816
New Brunswick,NB,2018,10,2018-10,25-29,7.5,87.3,29.3,3.9,11.746987951807228,25.409017224536242,135.1,25.634707977085785,0.9046095692792208,1.157845959019219,5.5776985504161605,0,0.2854851669437701
New Brunswick,NB,2018,11,2018-11,25-29,7.0,87.1,28.9,4.2,12.688821752265861,25.438591591706192,134.1,25.85592866479906,0.9039187144862881,1.1601722428199794,5.5776985504161605,0,0.2309282591720215
New Brunswick,NB,2018,12,2018-12,25-29,8.2,83.2,27.4,3.9,12.460063897763579,25.46763751949558,133.3,26.040802654968093,0.9034291418346256,1.1625772873096276,5.5776985504161605,0,0.7984262602557672
New Brunswick,NB,2019,1,2019-01,25-29,8.5,86.4,27.8,4.7,14.461538461538462,25.497867356578496,134.0,25.935517318669017,0.9031611828821106,1.164968906505984,5.635931653089131,0,0.45852837516111106
New Brunswick,NB,2019,2,2019-02,25-29,8.7,86.4,28.8,3.6,11.111111111111112,25.53099345162927,134.7,25.834256922472676,0.9031351691866161,1.1672549144268896,5.635931653089131,0,0.49152125241675143
New Brunswick,NB,2019,3,2019-03,25-29,6.4,83.7,27.8,4.5,13.93188854489164,25.56872815332226,135.9,25.643985631330565,0.9033714323060176,1.1693431250901838,5.635931653089131,0,0.6033291492777324
New Brunswick,NB,2019,4,2019-04,25-29,10.8,85.0,28.1,3.1,9.935897435897436,25.612783810331504,136.4,25.594006109590786,0.9038903037981885,1.1711413525136896,5.635931653089131,0,0.9040035731847974
New Brunswick,NB,2019,5,2019-05,25-29,7.2,86.7,29.9,3.5,10.479041916167665,25.664872771331343,136.7,25.589774387216252,0.9047121152210037,1.172557410715246,5.635931653089131,0,0.332266472460595
New Brunswick,NB,2019,6,2019-06,25-29,7.0,89.1,30.4,3.9,11.370262390670554,25.726707384996203,136.3,25.726707384996196,0.9058571981323414,1.1734991137126907,5.635931653089131,0,0.007144318167465376
New Brunswick,NB,2019,7,2019-07,25-29,10.9,88.2,29.9,2.7,8.282208588957056,25.8,137.1,25.64945295404814,0.9073458840900701,1.1738742755238518,5.635931653089131,0,0.5237579469658292
New Brunswick,NB,2019,8,2019-08,25-29,11.0,87.5,29.7,2.7,8.333333333333334,25.885776315478985,137.4,25.678539387189122,0.9091811143501188,1.1736184283113082,5.635931653089131,0,0.6143134944468148
New Brunswick,NB,2019,9,2019-09,25-29,8.4,86.1,28.4,4.4,13.414634146341466,25.982315432416936,136.6,25.925253246254965,0.9112962689606281,1.172777976816598,5.635931653089131,0,0.4855274256384372
New Brunswick,NB,2019,10,2019-10,25-29,8.9,83.7,28.7,3.2,10.031347962382446,26.087209802258677,136.8,25.99186181321533,0.9136073376677722,1.17142704392601,5.635931653089131,0,0.8161826707986454
New Brunswick,NB,2019,11,2019-11,25-29,11.2,81.1,26.8,3.3,10.963455149501659,26.19805187644981,137.3,26.007243049964373,0.9160303102177427,1.1696397525258244,5.635931653089131,0,1.3613798771434498
New Brunswick,NB,2019,12,2019-12,25-29,8.9,83.7,29.4,2.5,7.836990595611286,26.312434106435997,136.4,26.293143465595495,0.9184811763567328,1.1674902255023185,5.635931653089131,0,0.7789232282617292
New Brunswick,NB,2020,1,2020-01,25-29,10.6,85.2,28.5,3.4,10.658307210031348,26.427948943661974,137.3,26.235465702994365,0.9208759258309147,1.1650525857417868,5.643374281367113,1,0.7802278966186469
New Brunswick,NB,2020,2,2020-02,25-29,7.5,86.0,29.9,3.4,10.21021021021021,26.5421888395734,137.6,26.291426881059984,0.9231305483864816,1.162400956130507,5.643374281367113,1,0.360115931871594
New Brunswick,NB,2020,3,2020-03,25-29,11.2,84.8,28.5,3.1,9.81012658227848,26.65274624561592,136.6,26.594211663817347,0.9251610337696246,1.1596094595547546,5.643374281367113,1,0.8452248687076244
New Brunswick,NB,2020,4,2020-04,25-29,16.3,78.8,24.5,3.1,11.231884057971014,26.757213613234285,134.6,27.095157618750616,0.9268833717265189,1.1567522189008272,5.643374281367113,1,2.0245527275133726
New Brunswick,NB,2020,5,2020-05,25-29,14.6,81.5,26.4,2.9,9.897610921501707,26.853183393874154,135.6,26.991806022013623,0.9282135520033562,1.1539033570550012,5.643374281367113,1,1.539656634760669
New Brunswick,NB,2020,6,2020-06,25-29,7.5,85.3,30.2,2.9,8.76132930513595,26.938248038981097,136.6,26.87908644006679,0.9290675643463246,1.1511369969035516,5.643374281367113,1,0.37135783901441144
New Brunswick,NB,2020,7,2020-07,25-29,9.3,87.2,30.2,3.1,9.30930930930931,27.01,137.1,26.852392414296133,0.9293613985016054,1.1485272613327762,5.643374281367113,1,0.3311128245217936
New Brunswick,NB,2020,8,2020-08,25-29,10.9,89.1,29.9,3.5,10.479041916167665,27.066988738504076,136.6,27.00754440013254,0.929042238377272,1.1461409024310856,5.643374281367113,1,0.2479089256072288
New Brunswick,NB,2020,9,2020-09,25-29,12.2,87.6,28.0,4.4,13.580246913580249,27.111591756576836,136.3,27.11159175657683,0.9281820445289286,1.14401518909543,5.643374281367113,1,0.5479200991236713
New Brunswick,NB,2020,10,2020-10,25-29,6.8,87.4,31.2,3.2,9.30232558139535,27.14714356642906,137.0,27.008435533607887,0.926883971674072,1.1421800194249119,5.643374281367113,1,0.03196323127559708
New Brunswick,NB,2020,11,2020-11,25-29,9.0,89.6,31.7,2.7,7.848837209302327,27.17697868027191,136.8,27.07764761784401,0.9252511745301921,1.1406652915186162,5.643374281367113,1,-0.015167131554787402
New Brunswick,NB,2020,12,2020-12,25-29,11.4,87.4,29.5,3.2,9.785932721712538,27.204431610316473,136.9,27.0852010846321,0.9233868078147753,1.1395009034756303,5.643374281367113,1,0.49328020333172135
New Brunswick,NB,2021,1,2021-01,25-29,13.1,84.8,28.1,3.0,9.646302250803858,27.23283686877362,138.2,26.858434625281074,0.9213940262453234,1.1387167533950515,5.700668435335268,1,1.0070136954215714
New Brunswick,NB,2021,2,2021-02,25-29,10.6,85.1,29.4,2.9,8.978328173374614,27.265528967854443,138.7,26.793738992924013,0.9193759845393233,1.1383427393759669,5.700668435335268,1,0.723174584504669
New Brunswick,NB,2021,3,2021-03,25-29,9.0,86.8,29.5,3.9,11.676646706586826,27.30584241977009,139.2,26.736970702691547,0.9174358374142618,1.138408759517468,5.700668435335268,1,0.3626349110337645
New Brunswick,NB,2021,4,2021-04,25-29,9.5,89.2,29.1,5.1,14.912280701754382,27.357111736731362,140.3,26.57715131658221,0.9156767395876407,1.138944711918645,5.700668435335268,1,0.1458571496297499
New Brunswick,NB,2021,5,2021-05,25-29,8.3,90.6,30.2,5.1,14.44759206798867,27.422671430949375,141.4,26.4335934656181,0.914201845776947,1.1399804946785885,5.700668435335268,1,-0.12704452124782994
New Brunswick,NB,2021,6,2021-06,25-29,10.8,90.9,30.4,4.2,12.138728323699421,27.505856014635395,141.5,26.495040104556917,0.9131143106996692,1.141546005896394,5.700668435335268,1,0.08526697868582522
New Brunswick,NB,2021,7,2021-07,25-29,8.1,87.1,30.4,3.8,11.111111111111112,27.61,142.5,26.40872280701754,0.9125172890733056,1.1436711436711438,5.700668435335268,1,0.2751494487618324
New Brunswick,NB,2021,8,2021-08,25-29,12.5,87.9,29.8,3.0,9.146341463414636,27.73729303605988,143.0,26.437713572132598,0.9124850176615261,1.1463581531815719,5.700668435335268,1,0.625998810665364
New Brunswick,NB,2021,9,2021-09,25-29,10.1,85.5,29.7,3.2,9.726443768996962,27.88534531905388,143.3,26.523186092024027,0.9129760614127346,1.149498667924979,5.700668435335268,1,0.6575058061000714
New Brunswick,NB,2021,10,2021-10,25-29,12.7,88.1,30.3,2.6,7.902735562310031,28.050622182025077,144.5,26.45882216892746,0.9139200673215122,1.1529566684782777,5.700668435335268,1,0.6198818675695037
New Brunswick,NB,2021,11,2021-11,25-29,9.1,84.2,30.1,2.9,8.787878787878787,28.229588958017736,144.6,26.60921836084244,0.9152466823824433,1.1565961354184076,5.700668435335268,1,0.700363154524557
New Brunswick,NB,2021,12,2021-12,25-29,8.9,85.8,31.1,2.7,7.988165680473372,28.41871098007628,144.3,26.843176067805935,0.9168855535901166,1.16028104932231,5.700668435335268,1,0.4591478580581357
New Brunswick,NB,2022,1,2022-01,25-29,6.5,81.9,30.1,3.0,9.06344410876133,28.614453581243556,145.5,26.80515479809963,0.9187663279391072,1.1638753907668946,5.753960159185232,1,0.6857508394957784
New Brunswick,NB,2022,2,2022-02,25-29,8.8,83.8,31.4,1.7,5.135951661631419,28.81328209456397,147.0,26.71598877203448,0.9208186524240026,1.1672431403291035,5.753960159185232,1,0.7044067850267014
New Brunswick,NB,2022,3,2022-03,25-29,11.0,86.2,30.3,3.0,9.00900900900901,29.011661853081936,149.5,26.45009706070279,0.922972174039393,1.1702482785858745,5.753960159185232,1,0.6747421713919728
New Brunswick,NB,2022,4,2022-04,25-29,7.3,87.6,32.3,2.9,8.238636363636365,29.206058189840263,150.9,26.380289803016748,0.9251565397798501,1.172754786114122,5.753960159185232,1,0.13684447885416848
New Brunswick,NB,2022,5,2022-05,25-29,7.7,89.2,32.2,3.6,10.055865921787708,29.39293643788338,153.8,26.048486583117715,0.9273013966399638,1.1746266434907864,5.753960159185232,1,0.027006796724375226
New Brunswick,NB,2022,6,2022-06,25-29,6.9,89.7,33.8,2.9,7.901907356948229,29.568761930255658,154.4,26.102475719519724,0.9293363916143231,1.1757278312928,5.753960159185232,1,-0.12149130303320321
New Brunswick,NB,2022,7,2022-07,25-29,8.7,86.3,32.2,2.3,6.666666666666667,29.73,153.9,26.33007797270955,0.9311911716975009,1.1759223300970874,5.753960159185232,1,0.4421913964699565
New Brunswick,NB,2022,8,2022-08,25-29,6.6,88.7,34.0,2.5,6.8493150684931505,29.87401272836684,153.6,26.50929645101823,0.9328099399176685,1.175119069160537,5.753960159185232,1,-0.08262542311466448
New Brunswick,NB,2022,9,2022-09,25-29,4.5,84.9,33.7,2.2,6.128133704735376,30.00174918943058,153.1,26.709591211753022,0.934195123437323,1.173406772459841,5.753960159185232,1,0.13322186231462585
New Brunswick,NB,2022,10,2022-10,25-29,8.5,84.7,32.1,2.4,6.956521739130435,30.115055205470632,154.4,26.584728137989938,0.9353637054525328,1.1709191126516585,5.753960159185232,1,0.5820406056764583
New Brunswick,NB,2022,11,2022-11,25-29,6.7,87.0,32.4,3.9,10.743801652892563,30.215776598767466,155.9,26.417000323361158,0.9363326691593772,1.167789762392637,5.753960159185232,1,0.14282383732112391
New Brunswick,NB,2022,12,2022-12,25-29,6.6,88.2,32.0,4.9,13.279132791327916,30.305759191601435,153.4,26.927477039213006,0.9371189977539337,1.1641523943394163,5.753960159185232,1,-0.07440055619241308
New Brunswick,NB,2023,1,2023-01,25-29,7.1,87.8,32.0,4.6,12.568306010928959,30.386848806252146,154.9,26.73807290053045,0.9377396744322739,1.1601406811486668,5.8241878563788125,1,0.048151018593528404
New Brunswick,NB,2023,2,2023-02,25-29,1.8,87.4,33.5,5.4,13.881748071979436,30.460891264999976,155.6,26.68264446927697,0.9382116823904757,1.1558882954770302,5.8241878563788125,1,-0.4394968527111914
New Brunswick,NB,2023,3,2023-03,25-29,2.7,89.9,34.9,4.8,12.09068010075567,30.52973239012521,155.8,26.7086169754433,0.9385520048246152,1.1515289099811445,5.8241878563788125,1,-0.6502996483011065
New Brunswick,NB,2023,4,2023-04,25-29,3.4,89.9,35.2,4.3,10.886075949367088,30.595218003907593,157.4,26.493826009737003,0.9387776249307664,1.1471961973176845,5.8241878563788125,1,-0.5520914078358343
New Brunswick,NB,2023,5,2023-05,25-29,3.2,87.8,35.5,3.5,8.974358974358974,30.659193928627413,157.3,26.566103830082106,0.938905525905006,1.143023830143289,5.8241878563788125,1,-0.32974706889631605
New Brunswick,NB,2023,6,2023-06,25-29,5.7,88.1,35.7,2.6,6.788511749347258,30.723505986564962,157.6,26.571153971883277,0.9389526909434095,1.1391454811145978,5.8241878563788125,1,-0.11046102528307233
New Brunswick,NB,2023,7,2023-07,25-29,4.5,91.4,37.0,3.5,8.641975308641975,30.79,158.3,26.510909665192663,0.9389361032420522,1.1356948228882835,5.8241878563788125,1,-0.6214425413869652
New Brunswick,NB,2023,8,2023-08,25-29,8.5,91.2,36.3,2.7,6.923076923076923,30.860521791212808,158.9,26.47129716892577,0.93887274599701,1.1328055281209852,5.8241878563788125,1,-0.18316672013261695
New Brunswick,NB,2023,9,2023-09,25-29,6.4,90.4,36.7,3.0,7.556675062972292,30.93691718248371,159.3,26.47019342104538,0.9387796024043583,1.1306112694693484,5.8241878563788125,1,-0.3020595876516878
New Brunswick,NB,2023,10,2023-10,25-29,6.5,90.9,36.6,3.4,8.5,31.021031996092407,158.8,26.62573464148233,0.9386736556601731,1.129245719590036,5.8241878563788125,1,-0.3710015054957814
New Brunswick,NB,2023,11,2023-11,25-29,7.7,90.7,36.2,3.5,8.816120906801007,31.114712054319195,158.5,26.756689293398775,0.9385718889605299,1.1288425511396916,5.8241878563788125,1,-0.2404000261944873
New Brunswick,NB,2023,12,2023-12,25-29,7.0,89.9,36.7,3.1,7.78894472361809,31.2198031794445,157.8,26.966154457276836,0.9384912855015038,1.1295354367749684,5.8241878563788125,1,-0.24204374131981157
New Brunswick,NB,2024,1,2024-01,25-29,9.2,88.9,35.3,3.3,8.549222797927463,31.33815119374785,158.5,26.94883285620083,0.9384488284791712,1.1314580491525141,6.067508414958528,1,0.10515103756026274
New Brunswick,NB,2024,2,2024-02,25-29,5.7,87.8,34.9,5.2,12.967581047381547,31.471601919509627,158.9,26.995464705029335,0.9384615010896074,1.1347440609289794,6.067508414958528,1,-0.12697074329760327
New Brunswick,NB,2024,3,2024-03,25-29,9.6,86.0,33.6,4.2,11.11111111111111,31.62200117901037,159.8,26.971706887979426,0.9385462865288878,1.1395271447610296,6.067508414958528,1,0.4909210898474094
New Brunswick,NB,2024,4,2024-04,25-29,5.9,87.3,34.6,5.7,14.1439205955335,31.79119479452937,162.0,26.74777685490341,0.9387201679930884,1.1459409733052899,6.067508414958528,1,-0.01592803389126714
New Brunswick,NB,2024,5,2024-05,25-29,10.2,87.4,34.1,4.5,11.658031088082902,31.981028588347126,161.9,26.924114864680128,0.9390001286782843,1.1541192192184213,6.067508414958528,1,0.39038156022694187
New Brunswick,NB,2024,6,2024-06,25-29,7.1,90.5,36.3,5.3,12.740384615384617,32.19334838274435,162.0,27.086132003506506,0.9394031517805526,1.1641955551571046,6.067508414958528,1,-0.31857574214763257
New Brunswick,NB,2024,7,2024-07,25-29,9.0,87.3,35.8,3.8,9.595959595959597,32.43,162.9,27.134493554327804,0.9399462204959664,1.1763036537779357,6.067508414958528,1,0.2535321605648611
New Brunswick,NB,2024,8,2024-08,25-29,8.7,87.6,36.1,3.9,9.75,32.69282926239473,161.8,27.54037471238814,0.9406463180206028,1.190577187737589,6.067508414958528,1,0.13666717506829829
New Brunswick,NB,2024,9,2024-09,25-29,8.3,86.2,35.8,3.8,9.595959595959597,32.98368199220948,160.7,27.97558093054233,0.9415204275505396,1.207149829692765,6.067508414958528,1,0.20974055767548783
New Brunswick,NB,2024,10,2024-10,25-29,3.2,85.9,36.6,5.1,12.230215827338128,33.30440401172278,161.6,28.09028630444192,0.9425855322818476,1.2261552523000228,6.067508414958528,1,-0.29046593929512204
New Brunswick,NB,2024,11,2024-11,25-29,6.5,85.7,36.9,3.4,8.436724565756824,33.65684114321548,161.6,28.387546087996718,0.9438586154106048,1.2477271282160554,6.067508414958528,1,0.034503869451818124
New Brunswick,NB,2024,12,2024-12,25-29,7.4,83.7,35.0,4.1,10.485933503836316,34.0428392089688,160.3,28.945969957470034,0.945356660132891,1.271999130097583,6.067508414958528,1,0.2973235189508096
Newfoundland and Labrador,NL,2015,1,2015-01,20-24,14.3,76.7,13.4,6.3,31.979695431472084,15.073997981793198,126.2,16.63674077309109,0.8296453269254829,1.3246423513349685,5.631326322802396,0,0.2943350425180959
Newfoundland and Labrador,NL,2015,2,2015-02,20-24,21.3,80.2,12.6,6.2,32.97872340425532,15.085614976888952,127.5,16.479801877367446,0.8314415615108023,1.3150245071278732,5.631326322802396,0,0.6535897455501924
Newfoundland and Labrador,NL,2015,3,2015-03,20-24,21.3,80.2,11.7,7.1,37.765957446808514,15.093964315855997,128.9,16.309834469564073,0.8340823884820263,1.3062943676016663,5.631326322802396,0,0.6964787231702432
Newfoundland and Labrador,NL,2015,4,2015-04,20-24,22.0,81.4,13.0,5.8,30.851063829787233,15.099311743172448,128.3,16.39191325509121,0.8374911132053663,1.2984113353083881,5.631326322802396,0,0.6591111006645842
Newfoundland and Labrador,NL,2015,5,2015-05,20-24,17.6,84.7,15.1,5.5,26.699029126213592,15.101923003316495,129.6,16.23029456516409,0.8415910410470547,1.291334812800006,5.631326322802396,0,0.18435888782401175
Newfoundland and Labrador,NL,2015,6,2015-06,20-24,14.2,88.8,17.3,5.0,22.42152466367713,15.102063840766293,129.9,16.192962216741584,0.8463054773733315,1.2850242026284957,5.631326322802396,0,-0.29325106913096183
Newfoundland and Labrador,NL,2015,7,2015-07,20-24,10.3,89.5,20.6,2.9,12.340425531914894,15.1,129.8,16.203222907036466,0.8515577275503969,1.279438907345884,5.631326322802396,0,-0.6255173794415335
Newfoundland and Labrador,NL,2015,8,2015-08,20-24,11.7,87.4,17.9,4.7,20.796460176991154,15.09599722549578,130.0,16.174006258136952,0.8572710969444893,1.2745383295041455,5.631326322802396,0,-0.39404941888315115
Newfoundland and Labrador,NL,2015,9,2015-09,20-24,14.0,78.2,13.3,6.4,32.48730964467005,15.090321261731782,129.6,16.21782597534626,0.8633688909218521,1.2702818716552615,5.631326322802396,0,0.291960228689326
Newfoundland and Labrador,NL,2015,10,2015-10,20-24,7.9,77.8,15.2,5.9,27.96208530805687,15.083237853186192,129.7,16.197715078267414,0.8697744148486778,1.2666289363512473,5.631326322802396,0,-0.1331046860569778
Newfoundland and Labrador,NL,2015,11,2015-11,20-24,9.2,74.1,14.5,5.2,26.39593908629442,15.075012744337153,129.3,16.23896384434462,0.8764109740912092,1.2635389261440833,5.631326322802396,0,0.1646785028371994
Newfoundland and Labrador,NL,2015,12,2015-12,20-24,12.0,76.8,13.5,6.3,31.818181818181817,15.065911679662808,128.6,16.317499210334642,0.883201874015691,1.2609712435857552,5.631326322802396,0,0.19836021910799329
Newfoundland and Labrador,NL,2016,1,2016-01,20-24,22.8,78.1,10.3,7.4,41.80790960451977,15.056200403641359,129.2,16.23125216372947,0.890070419988312,1.2588852912282693,5.5426314139724235,0,0.9478300025886891
Newfoundland and Labrador,NL,2016,2,2016-02,20-24,18.8,76.7,12.1,6.1,33.51648351648351,15.04614466075095,129.6,16.170348627815805,0.8969399173753172,1.2572404716236105,5.5426314139724235,0,0.7462181165103554
Newfoundland and Labrador,NL,2016,3,2016-03,20-24,15.7,76.4,13.2,5.6,29.787234042553195,15.036010195469707,130.3,16.07264482009981,0.9037336715429509,1.2559961873237682,5.5426314139724235,0,0.5578094304555701
Newfoundland and Labrador,NL,2016,4,2016-04,20-24,19.0,79.4,13.2,5.5,29.411764705882355,15.02606275227585,130.9,15.988388900021551,0.9103749878574022,1.2551118408807411,5.5426314139724235,0,0.6525416181439425
Newfoundland and Labrador,NL,2016,5,2016-05,20-24,16.1,77.0,12.5,6.3,33.51063829787233,15.016568075647509,131.5,15.905381420555925,0.9167871716849161,1.2545468348465183,5.5426314139724235,0,0.595401294203775
Newfoundland and Labrador,NL,2016,6,2016-06,20-24,11.5,83.5,16.3,5.2,24.186046511627907,15.007791910062823,133.0,15.716806640651003,0.9228935283917349,1.2542605717730915,5.5426314139724235,0,-0.07044761091927809
Newfoundland and Labrador,NL,2016,7,2016-07,20-24,12.9,88.3,19.1,3.2,14.349775784753364,15.0,134.2,15.568181818181818,0.9286173633440514,1.2542124542124542,5.5426314139724235,0,-0.2035406261820533
Newfoundland and Labrador,NL,2016,8,2016-08,20-24,9.6,86.6,19.4,3.4,14.912280701754387,14.993458089937175,133.9,15.596257064675747,0.933881981908109,1.254361884716598,5.5426314139724235,0,-0.35845864392205523
Newfoundland and Labrador,NL,2016,9,2016-09,20-24,15.8,81.0,13.4,6.3,31.979695431472084,14.988431924352497,134.5,15.521477768502331,0.9386106894501459,1.2546682658375163,5.5426314139724235,0,0.44118753810222255
Newfoundland and Labrador,NL,2016,10,2016-10,20-24,14.3,77.2,12.4,6.7,35.07853403141361,14.98518724772415,134.9,15.472104006576563,0.9427267913363625,1.2550910001271995,5.5426314139724235,0,0.5596145155753631
Newfoundland and Labrador,NL,2016,11,2016-11,20-24,19.2,81.0,11.3,7.7,40.526315789473685,14.983989804530284,134.0,15.574776467221342,0.9461535929329986,1.2555894901376408,5.5426314139724235,0,0.6802414635450451
Newfoundland and Labrador,NL,2016,12,2016-12,20-24,18.5,80.6,12.4,6.5,34.39153439153439,14.985105339249062,133.9,15.587568498892756,0.9488143996062867,1.256123138420834,5.5426314139724235,0,0.6479083249130405
Newfoundland and Labrador,NL,2017,1,2017-01,20-24,21.4,72.9,10.4,6.1,36.96969696969697,14.98879959635864,135.3,15.430081082381022,0.9506325167224383,1.2566513475287686,5.465113206051248,0,1.3434718706439208
Newfoundland and Labrador,NL,2017,2,2017-02,20-24,18.1,70.8,10.6,6.0,36.14457831325301,14.995338320337176,135.0,15.471116338649109,0.9515312496476879,1.2571335200134377,5.465113206051248,0,1.2081642661140188
Newfoundland and Labrador,NL,2017,3,2017-03,20-24,20.3,70.4,10.2,5.8,36.25,15.004987255662865,135.3,15.44674531849896,0.9514339037482602,1.257529058426836,5.465113206051248,0,1.4005790392870303
Newfoundland and Labrador,NL,2017,4,2017-04,20-24,16.4,76.7,11.7,6.7,36.413043478260875,15.01801214681381,135.6,15.425949792394668,0.9502637843903817,1.257797365320952,5.465113206051248,0,0.7558195947080316
Newfoundland and Labrador,NL,2017,5,2017-05,20-24,13.6,79.7,12.8,6.8,34.6938775510204,15.034678738268196,135.4,15.465880134872883,0.9479441969402799,1.2578978432477805,5.465113206051248,0,0.3661947336526949
Newfoundland and Labrador,NL,2017,6,2017-06,20-24,13.3,86.7,15.1,6.3,29.4392523364486,15.055252774504243,135.0,15.532931782287896,0.9443984467641694,1.257789894759313,5.465113206051248,0,-0.07341671949391404
Newfoundland and Labrador,NL,2017,7,2017-07,20-24,13.3,86.7,16.0,5.6,25.925925925925924,15.08,135.5,15.501052890528905,0.9395498392282957,1.2574329224075418,5.465113206051248,0,-0.06537251211984448
Newfoundland and Labrador,NL,2017,8,2017-08,20-24,8.1,82.1,17.4,4.1,19.069767441860463,15.109030368459221,135.5,15.530893824011526,0.9333945368417604,1.2567960618211589,5.465113206051248,0,-0.19595571881668242
Newfoundland and Labrador,NL,2017,9,2017-09,20-24,12.7,77.2,14.0,5.3,27.461139896373055,15.141830670487877,136.4,15.461910913155814,0.9262201306851854,1.2558873809356474,5.465113206051248,0,0.4433616018272771
Newfoundland and Labrador,NL,2017,10,2017-10,20-24,11.3,81.1,12.5,7.9,38.72549019607844,15.177731905917211,136.1,15.532733962496957,0.9183870689821362,1.2547246807631989,5.465113206051248,0,0.09843169444876922
Newfoundland and Labrador,NL,2017,11,2017-11,20-24,10.0,80.7,12.1,8.5,41.262135922330096,15.216065074578722,136.7,15.503615682547474,0.9102557999561204,1.2533257623159955,5.465113206051248,0,0.03211468022791238
Newfoundland and Labrador,NL,2017,12,2017-12,20-24,10.3,78.2,11.9,8.1,40.5,15.256161176303946,136.2,15.601534379634371,0.9021867718306418,1.2517084266062195,5.465113206051248,0,0.17269026179150912
Newfoundland and Labrador,NL,2018,1,2018-01,20-24,22.2,75.8,9.8,7.1,42.01183431952663,15.29735121092408,136.8,15.575044355469363,0.8945404328292713,1.249890474646064,5.418790996249068,0,1.2004198004964104
Newfoundland and Labrador,NL,2018,2,2018-02,20-24,15.5,72.9,9.6,7.9,45.142857142857146,15.338966178270656,137.3,15.560541436247618,0.8876772311755122,1.2478897074477115,5.418790996249068,0,0.8723847651601125
Newfoundland and Labrador,NL,2018,3,2018-03,20-24,17.1,72.2,9.8,7.2,42.35294117647059,15.380337078175199,137.5,15.579815389370923,0.8819576150928766,1.2457239260233406,5.418790996249068,0,1.0263874655533352
Newfoundland and Labrador,NL,2018,4,2018-04,20-24,17.7,75.7,11.7,6.0,33.898305084745765,15.420794910468912,137.7,15.5981097877982,0.8777420328049221,1.2434109313851494,5.418790996249068,0,0.8661244034319537
Newfoundland and Labrador,NL,2018,5,2018-05,20-24,18.6,74.2,11.6,5.6,32.558139534883715,15.459670674983318,137.8,15.62608464330377,0.8753909325351573,1.240968524545317,5.418790996249068,0,1.0117070028365882
Newfoundland and Labrador,NL,2018,6,2018-06,20-24,11.7,75.6,12.9,6.0,31.74603174603175,15.496295371549941,138.1,15.629078013521948,0.8752647625071108,1.2384145065160228,5.418790996249068,0,0.41843640290663525
Newfoundland and Labrador,NL,2018,7,2018-07,20-24,14.2,80.1,15.5,3.9,20.103092783505154,15.53,139.1,15.550468487898396,0.87772397094431,1.2357666783094656,5.418790996249068,0,0.36652868597084637
Newfoundland and Labrador,NL,2018,8,2018-08,20-24,10.3,75.5,15.2,4.0,20.833333333333336,15.560304695485064,138.9,15.603247701004161,0.8830022792750911,1.2330535211152986,5.418790996249068,0,0.32670262950568657
Newfoundland and Labrador,NL,2018,9,2018-09,20-24,20.5,69.1,9.1,6.4,41.29032258064516,15.587486134436876,138.3,15.698315452577603,0.8908265017470752,1.230346236833072,5.418790996249068,0,1.4263141057796895
Newfoundland and Labrador,NL,2018,10,2018-10,20-24,18.1,66.7,9.5,5.9,38.311688311688314,15.612010128607007,139.0,15.643833170835581,0.90079672581263,1.2277267075398317,5.418790996249068,0,1.3991086472787446
Newfoundland and Labrador,NL,2018,11,2018-11,20-24,16.1,68.1,9.0,7.0,43.75,15.634342489747256,137.8,15.80263669409988,0.9125130389241842,1.2252768153126021,5.418790996249068,0,1.1304230334973928
Newfoundland and Labrador,NL,2018,12,2018-12,20-24,18.3,69.9,9.6,6.4,40.0,15.654949029609396,136.9,15.927490752428259,0.9255755285341859,1.2230784422284084,5.418790996249068,0,1.159339044838687
Newfoundland and Labrador,NL,2019,1,2019-01,20-24,14.4,71.3,10.4,6.9,39.884393063583815,15.674295559945035,137.0,15.93553381927745,0.9395842820949739,1.2212134703642952,5.420521072012706,0,0.787591102995621
Newfoundland and Labrador,NL,2019,2,2019-02,20-24,16.7,74.1,11.1,6.3,36.206896551724135,15.69284789250595,138.0,15.838783796820318,0.954139387058993,1.2197637817972868,5.420521072012706,0,0.822650729830138
Newfoundland and Labrador,NL,2019,3,2019-03,20-24,18.6,72.3,9.3,7.3,43.97590361445783,15.711071839043916,139.1,15.731778979018694,0.9688409308786944,1.2188112586044133,5.420521072012706,0,1.0937197743212235
Newfoundland and Labrador,NL,2019,4,2019-04,20-24,18.1,72.3,10.6,6.1,36.52694610778443,15.729433211310546,139.7,15.682518891305445,0.9832890010064074,1.2184377828627113,5.420521072012706,0,1.0690170780620398
Newfoundland and Labrador,NL,2019,5,2019-05,20-24,21.1,79.4,12.0,5.7,32.20338983050848,15.748397821057614,140.0,15.667781022687915,0.9970836848945833,1.2187252366492087,5.420521072012706,0,0.8894004983224457
Newfoundland and Labrador,NL,2019,6,2019-06,20-24,15.7,81.5,15.1,4.2,21.761658031088082,15.768431480036893,139.4,15.755234562251115,1.0098250699956661,1.2197555020409412,5.420521072012706,0,0.3461747380038977
Newfoundland and Labrador,NL,2019,7,2019-07,20-24,13.5,81.5,17.0,2.8,14.14141414141414,15.79,140.1,15.697957411372828,1.021113243761996,1.2216104611149348,5.420521072012706,0,0.19724347348649676
Newfoundland and Labrador,NL,2019,8,2019-08,20-24,13.5,81.9,16.6,3.3,16.58291457286432,15.81345455330407,139.9,15.74375026232572,1.0306261079929477,1.2243336821279307,5.420521072012706,0,0.1628075701344781
Newfoundland and Labrador,NL,2019,9,2019-09,20-24,9.4,75.5,13.1,6.2,32.12435233160622,15.838687754727726,139.0,15.870972849671414,1.0383528218755862,1.227815478055513,5.420521072012706,0,0.19230674330671935
Newfoundland and Labrador,NL,2019,10,2019-10,20-24,11.5,73.8,12.1,6.3,34.23913043478261,15.865477579654756,139.7,15.81815749620315,1.0443603589438437,1.231907848052944,5.420521072012706,0,0.45883476031053466
Newfoundland and Labrador,NL,2019,11,2019-11,20-24,12.0,74.1,11.8,6.6,35.869565217391305,15.893602003469146,139.9,15.823544429710704,1.0487156927317163,1.2364627912755133,5.420521072012706,0,0.4774477315697752
Newfoundland and Labrador,NL,2019,12,2019-12,20-24,13.8,74.2,12.0,6.0,33.33333333333333,15.922839001554898,139.6,15.886719858643062,1.0514857967731834,1.2413323068785163,5.420521072012706,0,0.5894642204699421
Newfoundland and Labrador,NL,2020,1,2020-01,20-24,18.4,72.8,9.7,7.0,41.91616766467066,15.952966549295775,140.0,15.871302553864856,1.052737644602204,1.2463683940172081,5.440096871417618,1,1.0150588904097388
Newfoundland and Labrador,NL,2020,2,2020-02,20-24,21.3,76.3,11.7,5.3,31.176470588235293,15.983762622075773,140.3,15.867938255249134,1.052538209752761,1.2514230518468827,5.440096871417618,1,1.0310720496105188
Newfoundland and Labrador,NL,2020,3,2020-03,20-24,15.9,62.2,10.9,3.9,26.351351351351347,16.0150051952789,139.2,16.02459272233546,1.0509544657588221,1.2563482795228351,5.440096871417618,1,1.3970525779381402
Newfoundland and Labrador,NL,2020,4,2020-04,20-24,30.0,63.6,9.0,3.5,28.000000000000004,16.046472244288903,137.6,16.242777197858814,1.0480533861543697,1.2609960762003198,5.440096871417618,1,2.309059577053923
Newfoundland and Labrador,NL,2020,5,2020-05,20-24,32.2,71.4,11.1,2.6,18.978102189781023,16.077941744489795,138.2,16.20397481412219,1.0439019444733744,1.265218441034632,5.440096871417618,1,2.036061632016251
Newfoundland and Labrador,NL,2020,6,2020-06,20-24,28.2,76.3,12.0,3.5,22.58064516129032,16.109191671265577,139.5,16.084171421357997,1.0385671142497945,1.268867373181062,5.440096871417618,1,1.4889413590978295
Newfoundland and Labrador,NL,2020,7,2020-07,20-24,23.7,76.0,12.2,4.2,25.609756097560975,16.14,139.6,16.103388252149,1.0321158690176322,1.271794871794872,5.440096871417618,1,1.1670574528403732
Newfoundland and Labrador,NL,2020,8,2020-08,20-24,19.3,86.2,13.8,6.0,30.303030303030305,16.170188433891113,139.1,16.19150068799761,1.0246406214166932,1.2738886238623925,5.440096871417618,1,0.23459695227387137
Newfoundland and Labrador,NL,2020,9,2020-09,20-24,14.1,73.0,11.8,5.9,33.33333333333333,16.199753587393097,139.4,16.186195687451473,1.0163355405101508,1.2751790676941035,5.440096871417618,1,0.6048173210941613
Newfoundland and Labrador,NL,2020,10,2020-10,20-24,10.8,75.5,12.1,6.9,36.31578947368421,16.22873580277396,140.5,16.08820226616631,1.0074202344670926,1.2757323294315133,5.440096871417618,1,0.24146371440545567
Newfoundland and Labrador,NL,2020,11,2020-11,20-24,13.6,78.0,11.1,7.9,41.578947368421055,16.257175422301927,141.0,16.059245272361373,0.9981143114565393,1.2756145352161425,5.440096871417618,1,0.3137100227501121
Newfoundland and Labrador,NL,2020,12,2020-12,20-24,14.1,78.0,9.9,8.9,47.340425531914896,16.28511278824523,140.4,16.15558969270719,0.9886373796475063,1.2748918111895045,5.440096871417618,1,0.3265316241886386
Newfoundland and Labrador,NL,2021,1,2021-01,20-24,19.1,72.6,9.8,6.7,40.60606060606061,16.312588242871865,142.1,15.989244657011515,0.9792090472090877,1.2736302834931186,5.382919462068546,1,1.0487240821876191
Newfoundland and Labrador,NL,2021,2,2021-02,20-24,18.5,67.3,9.7,5.7,37.01298701298702,16.339642128450063,142.0,16.027040993833,0.9700489223102998,1.2718960782685003,5.382919462068546,1,1.297796539676346
Newfoundland and Labrador,NL,2021,3,2021-03,20-24,19.5,73.2,10.4,6.1,36.96969696969697,16.36631478724805,142.9,15.952098516098898,0.9613766131201614,1.2697553216571582,5.382919462068546,1,1.053482614736969
Newfoundland and Labrador,NL,2021,4,2021-04,20-24,19.9,77.1,11.3,5.9,34.302325581395344,16.392646561533837,143.5,15.910957876276221,0.9534117278077624,1.2672741398006204,5.382919462068546,1,0.8704833591747626
Newfoundland and Labrador,NL,2021,5,2021-05,20-24,13.5,79.3,12.8,6.4,33.33333333333333,16.41867779357564,144.3,15.847873679938969,0.94637387454212,1.2645186588403976,5.382919462068546,1,0.28525796039491286
Newfoundland and Labrador,NL,2021,6,2021-06,20-24,18.0,83.2,14.2,5.0,26.041666666666668,16.44444882564169,144.4,15.861756560005492,0.9404826614922617,1.2615550049179967,5.382919462068546,1,0.3928633338160646
Newfoundland and Labrador,NL,2021,7,2021-07,20-24,14.5,83.9,14.9,5.2,25.870646766169152,16.47,145.8,15.733858024691356,0.935957696827262,1.2584493041749503,5.382919462068546,1,0.1251658871230569
Newfoundland and Labrador,NL,2021,8,2021-08,20-24,16.1,82.4,14.4,4.9,25.38860103626943,16.49557180372393,145.8,15.758286872853324,0.9329478702273056,1.2552671735745868,5.382919462068546,1,0.32362921238891057
Newfoundland and Labrador,NL,2021,9,2021-09,20-24,15.6,73.5,11.9,5.4,31.213872832369944,16.522205303107437,145.6,15.805410910951105,0.931319197417234,1.2520721933675156,5.382919462068546,1,0.7837007815178243
Newfoundland and Labrador,NL,2021,10,2021-10,20-24,21.7,77.8,10.6,6.5,38.01169590643275,16.5511417092494,146.8,15.703666128996053,0.9308669756330608,1.2489274346261943,5.382919462068546,1,1.0164275389152748
Newfoundland and Labrador,NL,2021,11,2021-11,20-24,16.9,73.9,10.2,7.0,40.69767441860465,16.583622233248903,146.9,15.723772521359322,0.9313865021107842,1.2458959684230522,5.382919462068546,1,0.8779657440107512
Newfoundland and Labrador,NL,2021,12,2021-12,20-24,18.9,75.7,9.9,7.3,42.441860465116285,16.62088808620509,146.3,15.823736812077456,0.9326730740864141,1.2430408658305214,5.382919462068546,1,0.8983092263466584
Newfoundland and Labrador,NL,2022,1,2022-01,20-24,19.4,73.6,10.3,6.3,37.951807228915655,16.664180479216768,147.8,15.703941843122971,0.9345219887959475,1.240425197921056,5.454422247612737,1,1.085794337239477
Newfoundland and Labrador,NL,2022,2,2022-02,20-24,16.9,78.2,11.3,6.9,37.91208791208791,16.71474062338305,149.3,15.593334158250965,0.936728543475392,1.238112035767088,5.454422247612737,1,0.6649126144872516
Newfoundland and Labrador,NL,2022,3,2022-03,20-24,11.9,71.9,11.2,6.6,37.07865168539326,16.773809729803148,151.9,15.380593363173679,0.939088035360759,1.2361644504410512,5.454422247612737,1,0.707637713001057
Newfoundland and Labrador,NL,2022,4,2022-04,20-24,15.1,65.8,9.6,6.0,38.46153846153847,16.842629009575745,153.0,15.332663467649729,0.9413957616880402,1.234645513015395,5.454422247612737,1,1.3063128015667689
Newfoundland and Labrador,NL,2022,5,2022-05,20-24,13.1,79.0,12.8,6.5,33.67875647668394,16.922439673800024,155.8,15.128458317709327,0.9434470196932464,1.2336182945625533,5.454422247612737,1,0.45424697307669804
Newfoundland and Labrador,NL,2022,6,2022-06,20-24,14.5,81.1,15.9,3.6,18.461538461538463,17.01448293357527,156.2,15.171791920175899,0.9450371066123867,1.233145866154964,5.454422247612737,1,0.4271605455105327
Newfoundland and Labrador,NL,2022,7,2022-07,20-24,12.6,85.1,17.3,3.6,17.22488038277512,17.12,155.9,15.295257643788755,0.9459613196814562,1.2332912988650693,5.454422247612737,1,0.026093983360727473
Newfoundland and Labrador,NL,2022,8,2022-08,20-24,13.2,80.8,14.7,5.1,25.757575757575758,17.239723425287004,155.1,15.481664374073016,0.9460651269203769,1.2340910843212707,5.454422247612737,1,0.2695836282004684
Newfoundland and Labrador,NL,2022,9,2022-09,20-24,9.3,68.4,11.2,6.4,36.36363636363637,17.37235112610333,154.5,15.661352573985493,0.9453946794847082,1.235475396375836,5.454422247612737,1,0.6439073858040286
Newfoundland and Labrador,NL,2022,10,2022-10,20-24,14.0,73.4,9.7,8.0,45.19774011299435,17.516072360228442,156.4,15.599085327624582,0.9440462993139281,1.2373478294369846,5.454422247612737,1,0.722659424258838
Newfoundland and Labrador,NL,2022,11,2022-11,20-24,8.6,69.9,10.5,7.5,41.66666666666667,17.6690763854429,156.8,15.69520316253681,0.9421163083475097,1.239611977912948,5.454422247612737,1,0.49757709677596074
Newfoundland and Labrador,NL,2022,12,2022-12,20-24,10.6,70.3,10.8,7.0,39.32584269662921,17.829552459527335,154.6,16.063127415294304,0.9397010285249197,1.2421714362119607,5.454422247612737,1,0.5303869428219706
Newfoundland and Labrador,NL,2023,1,2023-01,20-24,17.3,69.3,10.2,6.0,37.03703703703704,17.995689840261083,155.9,16.077611716384634,0.9368967817856456,1.2449297987422365,5.506979541156185,1,1.0815134668142001
Newfoundland and Labrador,NL,2023,2,2023-02,20-24,15.1,67.6,10.6,5.7,34.96932515337423,18.165677785424755,157.4,16.074816735789355,0.9337998900691554,1.2477906599120099,5.506979541156185,1,1.0160773231690219
Newfoundland and Labrador,NL,2023,3,2023-03,20-24,15.4,68.7,10.9,5.6,33.93939393939394,18.337705552799036,157.0,16.268386975025642,0.9305066753149139,1.250657614129516,5.506979541156185,1,0.9265902628895241
Newfoundland and Labrador,NL,2023,4,2023-04,20-24,16.1,69.8,10.6,6.1,36.52694610778443,18.509962400163175,158.3,16.28635036619958,0.9271134594624133,1.2534342558029674,5.506979541156185,1,0.9111214675103536
Newfoundland and Labrador,NL,2023,5,2023-05,20-24,13.4,78.6,13.9,5.5,28.35051546391753,18.680637585297845,158.5,16.415782155660786,0.9237165644511188,1.2560241793405988,5.506979541156185,1,0.17456859007068445
Newfoundland and Labrador,NL,2023,6,2023-06,20-24,12.4,81.8,13.7,6.8,33.170731707317074,18.847920365983693,158.9,16.521089836220444,0.9204123122204954,1.258330979150645,5.506979541156185,1,-0.10931557820981534
Newfoundland and Labrador,NL,2023,7,2023-07,20-24,13.6,84.6,14.8,6.1,29.1866028708134,19.01,159.8,16.569312682519815,0.9172970247100355,1.26025824964132,5.506979541156185,1,-0.19253008457498963
Newfoundland and Labrador,NL,2023,8,2023-08,20-24,9.2,86.8,17.7,4.9,21.68141592920354,19.165065745127432,161.0,16.579964226918214,0.9144670238592039,1.2617095852208586,5.506979541156185,1,-0.6478304468735594
Newfoundland and Labrador,NL,2023,9,2023-09,20-24,8.4,74.7,12.5,7.2,36.548223350253814,19.311306859146576,160.8,16.727258646547256,0.9120186316074683,1.2625885802974899,5.506979541156185,1,-0.05226963563438295
Newfoundland and Labrador,NL,2023,10,2023-10,20-24,9.2,75.4,11.8,8.1,40.7035175879397,19.446912599836825,160.2,16.90780780241743,0.9100481698943166,1.262798829279437,5.506979541156185,1,-0.07845749161948891
Newfoundland and Labrador,NL,2023,11,2023-11,20-24,8.8,74.5,12.5,7.2,36.548223350253814,19.570072224978798,160.1,17.02551463503517,0.9086519606592153,1.2622439265749306,5.506979541156185,1,-0.08638390328890404
Newfoundland and Labrador,NL,2023,12,2023-12,20-24,12.6,71.1,11.9,6.2,34.254143646408835,19.67897499235296,159.8,17.152398207247984,0.9079263258416373,1.2608274665921935,5.506979541156185,1,0.35829404489833155
Newfoundland and Labrador,NL,2024,1,2024-01,20-24,11.2,73.3,11.9,7.1,37.368421052631575,19.771810159738926,159.8,17.233314299638945,0.907967587381061,1.2584530437394612,5.603535764506674,1,0.10806025456585495
Newfoundland and Labrador,NL,2024,2,2024-02,20-24,8.1,75.8,12.7,7.7,37.74509803921569,19.8467669849172,160.6,17.21247734464021,0.9088720672169573,1.255024252424958,5.603535764506674,1,-0.2599096179503522
Newfoundland and Labrador,NL,2024,3,2024-03,20-24,14.2,79.3,12.3,7.7,38.5,19.90203472566811,161.9,17.12181430949232,0.9107360872888067,1.2504446870568986,5.603535764506674,1,0.01578220339930536
Newfoundland and Labrador,NL,2024,4,2024-04,20-24,12.3,76.9,12.8,7.1,35.678391959798994,19.935802639771556,162.4,17.09806061787468,0.9136559695360732,1.2446179420435346,5.603535764506674,1,0.01795561405225769
Newfoundland and Labrador,NL,2024,5,2024-05,20-24,11.5,79.4,14.6,6.2,29.807692307692307,19.94625998500791,162.7,17.075486037155407,0.9177280358982346,1.2374476117930833,5.603535764506674,1,-0.17876485018293867
Newfoundland and Labrador,NL,2024,6,2024-06,20-24,11.5,82.2,15.2,6.3,29.30232558139535,19.931596019157304,162.5,17.08393312124078,0.923048608314781,1.2288372907137473,5.603535764506674,1,-0.34106123297672575
Newfoundland and Labrador,NL,2024,7,2024-07,20-24,9.1,84.8,18.5,4.4,19.21397379912664,19.889999999999997,163.1,16.98556407112201,0.9297140087251575,1.2186905732138005,5.603535764506674,1,-0.6432011646958927
Newfoundland and Labrador,NL,2024,8,2024-08,20-24,10.0,80.5,17.1,4.5,20.833333333333332,19.819661185316203,163.1,16.925496477180413,0.9378205590688512,1.2069110537014494,5.603535764506674,1,-0.31523736807463193
Newfoundland and Labrador,NL,2024,9,2024-09,20-24,10.2,72.5,11.3,8.1,41.75257731958763,19.718768832885797,161.9,16.9641497978615,0.9474645812853643,1.1934023265848825,5.603535764506674,1,0.1474760438600933
Newfoundland and Labrador,NL,2024,10,2024-10,20-24,13.3,75.5,11.4,8.1,41.53846153846153,19.58551220048952,161.9,16.849508488726674,0.9587423973141184,1.1780679862724013,5.603535764506674,1,0.2350224483213752
Newfoundland and Labrador,NL,2024,11,2024-11,20-24,14.2,73.5,10.7,8.2,43.386243386243386,19.41808054590735,162.1,16.684854937502337,0.9717503290946118,1.1608116271721989,5.603535764506674,1,0.45781309267041204
Newfoundland and Labrador,NL,2024,12,2024-12,20-24,12.8,73.5,10.5,8.7,45.3125,19.21466312691887,160.7,16.653903728651837,0.9865846985663613,1.1415368436924473,5.603535764506674,1,0.36165133411262335
Newfoundland and Labrador,NL,2015,1,2015-01,25-29,13.4,79.6,17.0,3.7,17.8743961352657,27.663760949845415,126.2,30.53170235840704,0.8450777244322385,1.126125631997544,5.740913186006193,0,1.20683468438433
Newfoundland and Labrador,NL,2015,2,2015-02,25-29,10.0,79.9,17.8,3.7,17.209302325581397,27.53834166400287,127.5,30.083388403408104,0.8355515920066016,1.127066640554904,5.740913186006193,0,0.8783224676588133
Newfoundland and Labrador,NL,2015,3,2015-03,25-29,13.9,81.7,17.5,3.6,17.061611374407583,27.425339389544035,128.9,29.634543739128457,0.8272166853386507,1.1282261258871928,5.740913186006193,0,1.1172082272218646
Newfoundland and Labrador,NL,2015,4,2015-04,25-29,15.4,80.0,17.4,2.8,13.86138613861386,27.32437910619203,128.3,29.663527694264328,0.8200197328943413,1.1295828113346384,5.740913186006193,0,1.4709489719217486
Newfoundland and Labrador,NL,2015,5,2015-05,25-29,13.8,80.0,18.7,2.0,9.66183574879227,27.235085793669043,129.6,29.270011828406922,0.8139074631395595,1.1311154202374778,5.740913186006193,0,1.3558548092375053
Newfoundland and Labrador,NL,2015,6,2015-06,25-29,9.3,82.9,19.7,2.8,12.444444444444445,27.157084431697392,129.9,29.11877785420774,0.8088266045402027,1.1328026759359484,5.740913186006193,0,0.5663235131704148
Newfoundland and Labrador,NL,2015,7,2015-07,25-29,9.8,84.9,20.6,2.3,10.043668122270741,27.09,129.8,29.069225731895223,0.804723885562209,1.1346233017702758,5.740913186006193,0,0.38386196323647576
Newfoundland and Labrador,NL,2015,8,2015-08,25-29,8.3,84.3,21.0,2.1,9.090909090909092,27.033457478299155,130.0,28.96392360848026,0.801546034671473,1.1365560210806978,5.740913186006193,0,0.31528888923221937
Newfoundland and Labrador,NL,2015,9,2015-09,25-29,7.6,83.6,20.0,3.1,13.41991341991342,26.987081846317253,129.6,29.00347775072959,0.7992397803339,1.1385795572074533,5.740913186006193,0,0.3226698010853936
Newfoundland and Labrador,NL,2015,10,2015-10,25-29,5.5,84.6,20.7,3.2,13.389121338912135,26.950498083777052,129.7,28.94182889824272,0.7977518510154125,1.1406726334907658,5.740913186006193,0,-0.004523705362257134
Newfoundland and Labrador,NL,2015,11,2015-11,25-29,11.6,83.6,19.1,3.0,13.574660633484163,26.923331170400928,129.3,29.00209829737568,0.7970289751819133,1.142813973270874,5.740913186006193,0,0.7322408783427482
Newfoundland and Labrador,NL,2015,12,2015-12,25-29,13.8,82.6,18.8,2.6,12.149532710280372,26.905206085911345,128.6,29.140332719020364,0.7970178812993133,1.1449822998880177,5.740913186006193,0,1.0601980745687047
Newfoundland and Labrador,NL,2016,1,2016-01,25-29,15.9,81.9,18.0,2.6,12.62135922330097,26.895747810030915,129.2,28.994809655370016,0.7976652978335228,1.147156336682419,5.708232468380961,0,1.3770477843513185
Newfoundland and Labrador,NL,2016,2,2016-02,25-29,14.6,82.3,18.1,2.9,13.80952380952381,26.894581322482086,129.6,28.90406585802248,0.7989179532504509,1.149314806994317,5.708232468380961,0,1.2072619534622424
Newfoundland and Labrador,NL,2016,3,2016-03,25-29,12.3,81.6,18.7,2.8,13.023255813953488,26.9013316029874,130.3,28.75600258456967,0.8007225760160134,1.1514364341639518,5.708232468380961,0,1.074085281903781
Newfoundland and Labrador,NL,2016,4,2016-04,25-29,16.9,82.9,18.0,2.6,12.62135922330097,26.915623631269323,130.9,28.639402430165227,0.8030258945961106,1.1534999415315452,5.708232468380961,0,1.4034686903415061
Newfoundland and Labrador,NL,2016,5,2016-05,25-29,15.7,84.9,19.0,2.4,11.214953271028037,26.937082387050374,131.5,28.531457225422052,0.8057746374566569,1.155484052437337,5.708232468380961,0,1.0542333971700424
Newfoundland and Labrador,NL,2016,6,2016-06,25-29,14.5,85.6,20.2,1.7,7.762557077625572,26.965332850053148,133.0,28.239258975926585,0.8089155330635714,1.1573674902215658,5.708232468380961,0,0.8836317039851913
Newfoundland and Labrador,NL,2016,7,2016-07,25-29,14.2,84.9,18.8,2.9,13.36405529953917,27.0,134.2,28.022727272727273,0.812395309882747,1.1591289782244554,5.708232468380961,0,0.9636227498980117
Newfoundland and Labrador,NL,2016,8,2016-08,25-29,16.5,85.2,18.8,2.4,11.320754716981133,27.040708816613506,133.9,28.12785705507083,0.816160696380102,1.1607472397862444,5.708232468380961,0,1.1500619400744938
Newfoundland and Labrador,NL,2016,9,2016-09,25-29,18.8,89.3,17.8,3.8,17.59259259259259,27.087084279616317,134.5,28.05040437729288,0.8201584210215579,1.1622009982471706,5.708232468380961,0,0.9035281158178371
Newfoundland and Labrador,NL,2016,10,2016-10,25-29,12.8,86.2,19.1,3.2,14.349775784753364,27.138751368730677,134.9,28.020576376140628,0.8243352122730028,1.1634689769474598,5.708232468380961,0,0.6647515203912214
Newfoundland and Labrador,NL,2016,11,2016-11,25-29,12.7,84.6,19.2,2.7,12.328767123287673,27.195335063679224,134.0,28.267588946165088,0.8286377986003574,1.1645298992273494,5.708232468380961,0,0.8157802815102144
Newfoundland and Labrador,NL,2016,12,2016-12,25-29,13.9,81.9,17.6,3.4,16.19047619047619,27.25646034418463,133.9,28.35228268562994,0.8330129084695439,1.1653624884270757,5.708232468380961,0,1.2518087277257817
Newfoundland and Labrador,NL,2017,1,2017-01,25-29,20.2,81.5,16.1,3.4,17.435897435897434,27.321752189969086,135.3,28.126125037148515,0.8374072703464487,1.165945467886868,5.672572686326551,0,1.972536298593737
Newfoundland and Labrador,NL,2017,2,2017-02,25-29,20.5,85.2,16.9,3.3,16.33663366336634,27.390835580755244,135.0,28.259902833132294,0.8417676126969934,1.1662575609469625,5.672572686326551,0,1.543132345274252
Newfoundland and Labrador,NL,2017,3,2017-03,25-29,20.8,80.8,16.6,2.4,12.631578947368421,27.463335496265827,135.3,28.271876662021867,0.8460406639871003,1.1662774909475924,5.672572686326551,0,2.099838944886271
Newfoundland and Labrador,NL,2017,4,2017-04,25-29,15.4,80.8,18.6,1.7,8.374384236453201,27.53887691622295,135.6,28.28692163088437,0.8501731526826556,1.1659839812289914,5.672572686326551,0,1.5452876878342303
Newfoundland and Labrador,NL,2017,5,2017-05,25-29,13.2,84.2,19.5,2.2,10.138248847926267,27.617084820349305,135.4,28.40915532295164,0.8541118072495815,1.1653557551313936,5.672572686326551,0,0.8974007979156916
Newfoundland and Labrador,NL,2017,6,2017-06,25-29,16.8,82.4,18.7,1.6,7.8817733990147785,27.697584188367635,135.0,28.576384081751645,0.8578033561537979,1.16437153599503,5.672572686326551,0,1.4609683228480403
Newfoundland and Labrador,NL,2017,7,2017-07,25-29,16.0,80.4,18.0,1.9,9.547738693467336,27.78,135.5,28.555653136531365,0.8611945278611945,1.1630100471601394,5.672572686326551,0,1.6214167298439106
Newfoundland and Labrador,NL,2017,8,2017-08,25-29,10.5,80.7,19.5,1.9,8.878504672897195,27.863828783024402,135.5,28.64182252641266,0.8642407726535266,1.1612603945249256,5.672572686326551,0,1.0118698109776425
Newfoundland and Labrador,NL,2017,9,2017-09,25-29,12.2,80.3,17.5,3.4,16.267942583732058,27.948053257439927,136.4,28.538841773268015,0.8669324280758832,1.159153214219476,5.672572686326551,0,1.2465535668767906
Newfoundland and Labrador,NL,2017,10,2017-10,25-29,13.1,80.3,17.3,3.3,16.019417475728154,28.031527691300244,136.1,28.687175718368376,0.8692685534891664,1.1567295249318676,5.672572686326551,0,1.3203242452577288
Newfoundland and Labrador,NL,2017,11,2017-11,25-29,15.6,82.4,18.0,2.5,12.195121951219512,28.1131063526597,136.7,28.64438305159438,0.8712482082543008,1.1540303453501617,5.672572686326551,0,1.3297387594970989
Newfoundland and Labrador,NL,2017,12,2017-12,25-29,15.8,82.0,17.7,2.6,12.807881773399016,28.191643509572636,136.2,28.829853745655715,0.872870451732207,1.151096694162415,5.672572686326551,0,1.3752246016031833
Newfoundland and Labrador,NL,2018,1,2018-01,25-29,13.5,80.6,16.9,3.7,17.96116504854369,28.26599343009275,136.8,28.779106614922643,0.8741343432837929,1.1479695900567102,5.5717048762116725,0,1.3139305107837183
Newfoundland and Labrador,NL,2018,2,2018-02,25-29,17.4,82.3,16.9,3.0,15.075376884422113,28.33501038227439,137.3,28.744316795905206,0.8750389422699801,1.1446900517211043,5.5717048762116725,0,1.5135984248448402
Newfoundland and Labrador,NL,2018,3,2018-03,25-29,14.3,80.9,18.2,2.1,10.344827586206897,28.39754863417184,137.5,28.76585623463928,0.8755833080516863,1.1412990978436544,5.5717048762116725,0,1.3614845721277096
Newfoundland and Labrador,NL,2018,4,2018-04,25-29,15.2,83.2,17.5,3.2,15.458937198067634,28.452462453838884,137.7,28.779621002993416,0.8757664999898254,1.1378377471124452,5.5717048762116725,0,1.1761679761851804
Newfoundland and Labrador,NL,2018,5,2018-05,25-29,11.8,84.5,18.3,3.5,16.05504587155963,28.498606109329835,137.8,28.80537630087922,0.875587577445316,1.1343470182155322,5.5717048762116725,0,0.669145352844549
Newfoundland and Labrador,NL,2018,6,2018-06,25-29,16.9,81.4,17.7,2.0,10.152284263959391,28.534833868698897,138.1,28.77933944493322,0.8750455997790729,1.130867929840973,5.5717048762116725,0,1.5659862407172607
Newfoundland and Labrador,NL,2018,7,2018-07,25-29,17.4,83.4,17.2,2.8,13.999999999999998,28.56,139.1,28.597641984184044,0.8741396263520157,1.1274415006768517,5.5717048762116725,0,1.3998670787286362
Newfoundland and Labrador,NL,2018,8,2018-08,25-29,19.7,84.1,16.8,2.8,14.285714285714285,28.573605680918156,138.9,28.65246252405004,0.8728824690725644,1.1241129087971629,5.5717048762116725,0,1.5445750607622524
Newfoundland and Labrador,NL,2018,9,2018-09,25-29,13.9,82.0,16.8,3.6,17.64705882352941,28.57773972766136,138.3,28.780931658720892,0.8713419500391517,1.1209439698196548,5.5717048762116725,0,1.1868095581937197
Newfoundland and Labrador,NL,2018,10,2018-10,25-29,11.1,78.2,15.7,4.3,21.5,28.57513786606836,139.0,28.633384549968017,0.8695996438977273,1.1180006587480404,5.5717048762116725,0,1.374029294934612
Newfoundland and Labrador,NL,2018,11,2018-11,25-29,9.7,82.6,17.8,3.7,17.209302325581397,28.568535821977946,137.8,28.876058764425455,0.8677371252942291,1.1153489505860052,5.5717048762116725,0,0.6732452898720268
Newfoundland and Labrador,NL,2018,12,2018-12,25-29,8.5,81.9,17.5,4.1,18.98148148148148,28.560669321228854,136.9,29.05789061571823,0.8658359688745932,1.1130548203372388,5.5717048762116725,0,0.6118556854384157
Newfoundland and Labrador,NL,2019,1,2019-01,25-29,18.3,79.8,16.5,2.3,12.234042553191488,28.55427408965991,137.0,29.030178657820905,0.8639777492847713,1.1111842430054488,5.477756740826657,0,1.87006694186789
Newfoundland and Labrador,NL,2019,2,2019-02,25-29,15.7,86.4,18.0,2.9,13.875598086124402,28.55208585310985,138.0,28.817606458265583,0.8622440411707,1.1098031935943236,5.477756740826657,0,0.8390218445766573
Newfoundland and Labrador,NL,2019,3,2019-03,25-29,14.6,83.9,18.6,2.0,9.70873786407767,28.556840337417466,139.1,28.594478157176827,0.8607164191783165,1.1089776471075565,5.477756740826657,0,1.0537368344187221
Newfoundland and Labrador,NL,2019,4,2019-04,25-29,16.1,82.8,17.6,2.3,11.557788944723615,28.571273268421503,139.7,28.486057110975725,0.8594764579535709,1.108773578548847,5.477756740826657,0,1.3525410151790174
Newfoundland and Labrador,NL,2019,5,2019-05,25-29,13.3,84.6,17.2,3.6,17.307692307692307,28.598120371960732,140.0,28.45172523196141,0.8586057321424,1.1092569629218874,5.477756740826657,0,0.8544182554375449
Newfoundland and Labrador,NL,2019,6,2019-06,25-29,14.8,83.5,17.4,2.8,13.86138613861386,28.640117373874048,139.4,28.616147883006388,0.8581858163907446,1.1104937752303772,5.477756740826657,0,1.1194799099643715
Newfoundland and Labrador,NL,2019,7,2019-07,25-29,15.2,85.9,18.5,2.2,10.628019323671499,28.7,140.1,28.532702831310967,0.8582982853445488,1.1125499904780043,5.477756740826657,0,0.8830219376711287
Newfoundland and Labrador,NL,2019,8,2019-08,25-29,17.4,85.5,18.1,2.0,9.950248756218905,28.779555206265744,139.9,28.65269750521358,0.8589949240929075,1.115455777972925,5.477756740826657,0,1.1413054265448805
Newfoundland and Labrador,NL,2019,9,2019-09,25-29,13.9,84.0,18.3,2.1,10.294117647058822,28.876774868951834,139.0,28.935636400459288,0.8602083594975434,1.1190980842411384,5.477756740826657,0,0.9279125420955533
Newfoundland and Labrador,NL,2019,10,2019-10,25-29,14.8,86.2,16.8,3.9,18.84057971014493,28.988702094426312,139.7,28.902240921393545,0.8618414288633236,1.1233280501130711,5.477756740826657,0,0.760416480211171
Newfoundland and Labrador,NL,2019,11,2019-11,25-29,13.0,87.2,16.6,4.8,22.42990654205607,29.112379989057988,139.9,28.98405522618032,0.8637969694951254,1.127996816419179,5.477756740826657,0,0.4461859494344996
Newfoundland and Labrador,NL,2019,12,2019-12,25-29,12.0,86.1,17.9,3.4,15.962441314553994,29.244851659215804,139.6,29.178513051106314,0.8659778186978291,1.1329555239899227,5.477756740826657,0,0.45165785959722715
Newfoundland and Labrador,NL,2020,1,2020-01,25-29,14.1,85.8,17.1,3.6,17.391304347826082,29.383160211267608,140.0,29.232746414948025,0.8682868137762965,1.1380553136557217,5.308379073951762,1,0.6958507891449462
Newfoundland and Labrador,NL,2020,2,2020-02,25-29,13.0,82.1,16.8,3.2,16.0,29.524348751582313,140.3,29.310404195411422,0.8706267920354077,1.1431473262470362,5.308379073951762,1,1.0172264503138215
Newfoundland and Labrador,NL,2020,3,2020-03,25-29,8.3,77.8,17.4,2.5,12.562814070351761,29.665460386528878,139.2,29.683219881492075,0.8729005907800429,1.148082702594326,5.308379073951762,1,1.0055689723791235
Newfoundland and Labrador,NL,2020,4,2020-04,25-29,17.4,72.3,13.9,2.7,16.265060240963855,29.803538222475094,137.6,30.168140615942875,0.8750110473150635,1.152712583528011,5.308379073951762,1,2.5363379697760466
Newfoundland and Labrador,NL,2020,5,2020-05,25-29,20.1,73.6,14.1,2.2,13.496932515337424,29.935625365789928,138.2,30.17028716617299,0.8768609989453505,1.1568881098785517,5.308379073951762,1,2.6565707684153206
Newfoundland and Labrador,NL,2020,6,2020-06,25-29,15.8,77.9,15.8,2.3,12.707182320441987,30.058764922842265,139.5,30.012078669079187,0.8783532829757812,1.1604604224764037,5.308379073951762,1,1.720536736409203
Newfoundland and Labrador,NL,2020,7,2020-07,25-29,17.2,86.5,17.8,1.8,9.183673469387754,30.17,139.6,30.101562798471825,0.8793907367112216,1.1632806621519942,5.308379073951762,1,0.8217721618205341
Newfoundland and Labrador,NL,2020,8,2020-08,25-29,20.8,80.4,15.0,2.5,14.285714285714285,30.267230206981417,139.1,30.307122314850673,0.8799046380881573,1.1652407168176333,5.308379073951762,1,1.8960934585917564
Newfoundland and Labrador,NL,2020,9,2020-09,25-29,15.6,86.5,16.1,3.9,19.5,30.35178116690212,139.4,30.326379150143595,0.8799400275694957,1.1663954627130328,5.308379073951762,1,0.6302089757299757
Newfoundland and Labrador,NL,2020,10,2020-10,25-29,12.2,86.5,15.7,5.2,24.88038277511962,30.425835006226386,140.5,30.16236099015823,0.8795703862497521,1.1668405231597492,5.308379073951762,1,0.3025026607777372
Newfoundland and Labrador,NL,2020,11,2020-11,25-29,11.7,84.2,15.1,5.3,25.98039215686275,30.491573851419208,141.0,30.120340741880653,0.8788691952234419,1.166671521479349,5.308379073951762,1,0.5322536544037098
Newfoundland and Labrador,NL,2020,12,2020-12,25-29,7.6,82.4,15.5,5.3,25.48076923076923,30.551179828945497,140.4,30.308192050154023,0.8779099355850771,1.1659840809933923,5.308379073951762,1,0.305174867683239
Newfoundland and Labrador,NL,2021,1,2021-01,25-29,7.0,79.0,14.9,5.1,25.5,30.606835065269667,142.1,30.000154895667208,0.876766088429178,1.1648738250234452,5.22316414195076,1,0.689459698785464
Newfoundland and Labrador,NL,2021,2,2021-02,25-29,19.4,77.6,13.0,4.1,23.9766081871345,30.66072168685664,142.0,30.07413745740152,0.8755111348502574,1.163436376891069,5.22316414195076,1,2.117287077454498
Newfoundland and Labrador,NL,2021,3,2021-03,25-29,16.1,77.9,13.8,3.9,22.033898305084744,30.71502182017131,142.9,29.937653061718173,0.8742185559428266,1.1617673599178213,5.22316414195076,1,1.7604459726347443
Newfoundland and Labrador,NL,2021,4,2021-04,25-29,14.4,79.3,15.4,3.0,16.304347826086957,30.771917591678122,143.5,29.867702127021378,0.8729618328014077,1.1599623974252742,5.22316414195076,1,1.4272662888710788
Newfoundland and Labrador,NL,2021,5,2021-05,25-29,13.0,79.3,16.3,2.4,12.834224598930483,30.83359112784197,144.3,29.76164484354069,0.871814446520512,1.158117112734985,5.22316414195076,1,1.2970922040179829
Newfoundland and Labrador,NL,2021,6,2021-06,25-29,13.3,83.7,17.6,2.0,10.20408163265306,30.90222455512781,144.4,29.807235757987428,0.8708498781946523,1.156327129168512,5.22316414195076,1,0.7946766560293336
Newfoundland and Labrador,NL,2021,7,2021-07,25-29,10.0,85.2,19.6,1.1,5.314009661835748,30.98,145.8,29.595320073159577,0.8701416089183489,1.1546880700474278,5.22316414195076,1,0.3033052971458285
Newfoundland and Labrador,NL,2021,8,2021-08,25-29,8.9,87.4,20.0,1.4,6.5420560747663545,31.06849155840068,145.8,29.679856419016286,0.8697436137462283,1.1532744027115116,5.22316414195076,1,-0.08347561053703316
Newfoundland and Labrador,NL,2021,9,2021-09,25-29,9.4,87.4,19.8,1.5,7.042253521126761,31.166841204180912,145.6,29.814708326847516,0.8696318435733789,1.1520759705734358,5.22316414195076,1,-0.04897765931899873
Newfoundland and Labrador,NL,2021,10,2021-10,25-29,11.8,84.8,18.0,2.1,10.44776119402985,31.273582880668155,146.8,29.67226749928971,0.869762743255003,1.1510614610641037,5.22316414195076,1,0.5259723826093471
Newfoundland and Labrador,NL,2021,11,2021-11,25-29,9.9,86.6,19.4,1.7,8.056872037914692,31.38725053119065,146.9,29.759842601447723,0.8700927576463034,1.150199561614409,5.22316414195076,1,0.10488851866637842
Newfoundland and Labrador,NL,2021,12,2021-12,25-29,11.2,86.2,18.7,2.0,9.66183574879227,31.506378099076723,146.3,29.99530665003237,0.8705783316024835,1.1494589596552471,5.22316414195076,1,0.2567768246238889
Newfoundland and Labrador,NL,2022,1,2022-01,25-29,16.9,83.6,16.8,1.9,10.16042780748663,31.629499527653728,147.8,29.80691560133087,0.8711759099787436,1.1488083426175193,5.198237387930888,1,1.1751649177794736
Newfoundland and Labrador,NL,2022,2,2022-02,25-29,14.9,82.5,17.2,1.8,9.473684210526317,31.75514876024996,149.3,29.62466825065962,0.8718419376302871,1.1482163979321203,5.198237387930888,1,1.1248737625885277
Newfoundland and Labrador,NL,2022,3,2022-03,25-29,12.8,81.0,18.3,0.7,3.684210526315789,31.881859740193757,151.9,29.233783393548304,0.8725328594123186,1.1476518130299465,5.198237387930888,1,1.1381026969012955
Newfoundland and Labrador,NL,2022,4,2022-04,25-29,10.8,82.5,18.3,1.5,7.575757575757576,32.008166410812436,153.0,29.13858896461433,0.8732051201800366,1.1470832753418974,5.198237387930888,1,0.7653515994921625
Newfoundland and Labrador,NL,2022,5,2022-05,25-29,6.0,86.9,19.1,2.8,12.785388127853881,32.13260271543432,155.8,28.72616184134409,0.8738151647886458,1.1464794722988692,5.198237387930888,1,-0.20240656077319522
Newfoundland and Labrador,NL,2022,6,2022-06,25-29,3.8,89.6,20.1,3.0,12.987012987012985,32.25370259738773,156.2,28.76058393153748,0.87431943809335,1.1458090913317567,5.198237387930888,1,-0.7555161582861544
Newfoundland and Labrador,NL,2022,7,2022-07,25-29,3.4,87.7,20.9,1.8,7.929515418502203,32.37,155.9,28.9198300192431,0.8746743849493488,1.145040819871461,5.198237387930888,1,-0.5883736629670949
Newfoundland and Labrador,NL,2022,8,2022-08,25-29,2.5,88.1,20.7,2.3,10.0,32.480394994600516,155.1,29.168134641078503,0.8748461161378772,1.1441521449404206,5.198237387930888,1,-0.7591494969426441
Newfoundland and Labrador,NL,2022,9,2022-09,25-29,5.1,87.7,19.8,2.6,11.607142857142856,32.58525216452291,154.5,29.375938763637322,0.8748394061442931,1.143155751927244,5.198237387930888,1,-0.47078533721481564
Newfoundland and Labrador,NL,2022,10,2022-10,25-29,6.5,85.2,18.0,3.5,16.27906976744186,32.685302221101,156.4,29.108170360373084,0.874668695379985,1.1420731258120913,5.198237387930888,1,0.005325585593424613
Newfoundland and Labrador,NL,2022,11,2022-11,25-29,7.5,88.2,18.7,3.4,15.384615384615385,32.781275875669465,156.8,29.119166931650692,0.8743484242563422,1.1409257515751146,5.198237387930888,1,-0.25333130486755273
Newfoundland and Labrador,NL,2022,12,2022-12,25-29,8.8,88.2,17.3,4.6,21.00456621004566,32.87390383956298,154.6,29.616991632948235,0.8738930331847521,1.1397351141964651,5.198237387930888,1,-0.18184203133240362
Newfoundland and Labrador,NL,2023,1,2023-01,25-29,10.1,82.8,18.1,2.4,11.707317073170731,32.96391682411543,155.9,29.45044397040118,0.8733169625766058,1.1385226986563037,5.340123870383397,1,0.6191747616519316
Newfoundland and Labrador,NL,2023,2,2023-02,25-29,8.5,81.1,16.2,4.1,20.19704433497537,33.05204554066146,157.4,29.247770498020735,0.8726346528432913,1.1373099899347818,5.340123870383397,1,0.6842791623166052
Newfoundland and Labrador,NL,2023,3,2023-03,25-29,8.3,83.3,17.7,3.3,15.714285714285714,33.139020700535724,157.0,29.399447557789493,0.8718605443961951,1.136118473012051,5.340123870383397,1,0.381310083904382
Newfoundland and Labrador,NL,2023,4,2023-04,25-29,5.5,85.1,19.2,3.0,13.513513513513514,33.22557301507214,158.3,29.2341665284226,0.8710090776467103,1.1349696328682721,5.340123870383397,1,-0.10061822023624523
Newfoundland and Labrador,NL,2023,5,2023-05,25-29,8.5,89.2,20.1,2.5,11.061946902654867,33.31243319560536,158.5,29.273607173046685,0.8700946930062237,1.1338849544835963,5.340123870383397,1,-0.2899631345296297
Newfoundland and Labrador,NL,2023,6,2023-06,25-29,5.4,86.7,20.7,2.1,9.210526315789473,33.40033195347,158.9,29.276963932782543,0.8691318308861214,1.1328859228381756,5.340123870383397,1,-0.3079577477632959
Newfoundland and Labrador,NL,2023,7,2023-07,25-29,7.0,86.7,21.0,1.5,6.666666666666667,33.49,159.8,29.1902304964539,0.8681349316977977,1.13199402291217,5.340123870383397,1,-0.13347124858318066
Newfoundland and Labrador,NL,2023,8,2023-08,25-29,7.8,87.1,20.3,2.3,10.176991150442477,33.58216804653,161.0,29.052399416651262,0.8671184358526386,1.1312307396857315,5.340123870383397,1,-0.08249855225679646
Newfoundland and Labrador,NL,2023,9,2023-09,25-29,8.7,86.4,19.5,2.6,11.76470588235294,33.677566804394665,160.8,29.17116768079666,0.8660967837620301,1.1306175581390128,5.340123870383397,1,0.07884615697580825
Newfoundland and Labrador,NL,2023,10,2023-10,25-29,8.2,82.9,19.4,2.0,9.345794392523366,33.776926984927854,160.2,29.366810113716404,0.865084415837367,1.1301759632521717,5.340123870383397,1,0.4230642804024978
Newfoundland and Labrador,NL,2023,11,2023-11,25-29,8.8,80.1,17.8,2.8,13.592233009708737,33.88097929946426,160.1,29.475676036396294,0.8640957724900351,1.1299274400053614,5.340123870383397,1,0.8066815209664319
Newfoundland and Labrador,NL,2023,12,2023-12,25-29,10.1,87.6,19.1,3.1,13.963963963963963,33.99045445933857,159.8,29.62643178104844,0.8631452941314206,1.1298934733787362,5.340123870383397,1,0.02197507694548445
Newfoundland and Labrador,NL,2024,1,2024-01,25-29,13.0,86.7,19.2,2.2,10.280373831775702,34.106083175884585,159.8,29.72721496671542,0.8622474211729176,1.1300955483524509,5.565135343199194,1,0.41422070867292476
Newfoundland and Labrador,NL,2024,2,2024-02,25-29,12.6,88.5,20.0,2.2,9.909909909909912,34.22859616043699,160.6,29.68538585645205,0.8614165940259124,1.1305551499066597,5.565135343199194,1,0.16266541836142748
Newfoundland and Labrador,NL,2024,3,2024-03,25-29,11.4,88.5,20.9,1.7,7.52212389380531,34.35872412433057,161.9,29.558972360204915,0.8606672531017917,1.1312937630215196,5.565135343199194,1,0.05547880635355495
Newfoundland and Labrador,NL,2024,4,2024-04,25-29,14.5,83.7,18.6,2.0,9.70873786407767,34.49719777889901,162.4,29.58672843167683,0.8600138388119486,1.1323328726771815,5.565135343199194,1,0.9447668977499083
Newfoundland and Labrador,NL,2024,5,2024-05,25-29,12.1,85.5,19.6,2.1,9.67741935483871,34.64474783547704,162.7,29.6584877751569,0.8594707915677697,1.1336939638538008,5.565135343199194,1,0.4744639054971243
Newfoundland and Labrador,NL,2024,6,2024-06,25-29,9.4,87.6,20.0,3.0,13.043478260869565,34.802105005399525,162.5,29.829865797961418,0.8590525517806428,1.1353985215315374,5.565135343199194,1,-0.07482865190211595
Newfoundland and Labrador,NL,2024,7,2024-07,25-29,7.2,85.9,19.8,3.3,14.285714285714285,34.970000000000006,163.1,29.863508072757007,0.8587735598619591,1.1374680306905371,5.565135343199194,1,-0.10035944516905045
Newfoundland and Labrador,NL,2024,8,2024-08,25-29,10.5,88.4,20.1,3.0,12.987012987012985,35.14916353061328,163.1,30.016509260712773,0.8586482562231061,1.1399239763109577,5.565135343199194,1,-0.0812315644658626
Newfoundland and Labrador,NL,2024,9,2024-09,25-29,10.5,87.7,20.3,2.7,11.73913043478261,35.34032630857429,161.9,30.403449347411502,0.858691081275473,1.142787843372963,5.565135343199194,1,-0.045166719764716555
Newfoundland and Labrador,NL,2024,10,2024-10,25-29,7.0,87.8,20.8,3.2,13.333333333333334,35.544219045216416,161.9,30.57885923006728,0.8589164754304484,1.1460811168566913,5.565135343199194,1,-0.4370732813880427
Newfoundland and Labrador,NL,2024,11,2024-11,25-29,9.2,88.8,21.0,2.8,11.76470588235294,35.76157245187454,162.1,30.727890292033265,0.859338879099421,1.1498252817423051,5.565135343199194,1,-0.3502160147367727
Newfoundland and Labrador,NL,2024,12,2024-12,25-29,9.5,88.9,20.8,3.0,12.605042016806722,35.99311723988373,160.7,31.196274712062678,0.8599727326937816,1.1540418230099703,5.565135343199194,1,-0.38942422311587704
Nova Scotia,NS,2015,1,2015-01,20-24,10.8,78.4,25.8,15.7,37.831325301204814,13.223864436619719,126.9,14.325853139671361,0.9463091236198881,1.169365205218744,6.399379573061779,0,0.5202836423627097
Nova Scotia,NS,2015,2,2015-02,20-24,12.6,75.4,23.5,15.5,39.743589743589745,13.355540381563964,128.0,14.344163390277389,0.9435349405627939,1.169683157159493,6.399379573061779,0,0.8209466501684727
Nova Scotia,NS,2015,3,2015-03,20-24,13.8,76.5,24.6,14.2,36.5979381443299,13.472606503216934,129.6,14.291254467822128,0.9411844059003575,1.170045196153918,6.399379573061779,0,0.8604943384928396
Nova Scotia,NS,2015,4,2015-04,20-24,17.1,72.7,23.9,11.5,32.48587570621469,13.575824163732396,129.5,14.411864300456456,0.9392352935573217,1.1704486628260333,6.399379573061779,0,1.2925032630628825
Nova Scotia,NS,2015,5,2015-05,20-24,15.5,82.6,30.1,10.8,26.405867970660147,13.665954725265097,130.2,14.42954781763302,0.9376653774584099,1.1708908977998578,6.399379573061779,0,0.6029188257530387
Nova Scotia,NS,2015,6,2015-06,20-24,10.6,82.0,34.9,7.9,18.457943925233646,13.743759549969635,130.2,14.511700031736371,0.9364524315283494,1.1713692416994104,6.399379573061779,0,0.2526082979082514
Nova Scotia,NS,2015,7,2015-07,20-24,9.5,86.8,38.5,7.3,15.938864628820962,13.81,130.1,14.592849730976175,0.9355742296918768,1.1718810351487061,6.399379573061779,0,-0.12412927895927339
Nova Scotia,NS,2015,8,2015-08,20-24,9.9,86.4,37.9,7.3,16.150442477876105,13.865437437510824,130.0,14.662700090167695,0.9350085458737184,1.1724236187717636,6.399379573061779,0,-0.08916812557198421
Nova Scotia,NS,2015,9,2015-09,20-24,11.5,78.0,27.8,12.3,30.673316708229425,13.910833224656619,129.5,14.76750422825999,0.934733153998604,1.1729943331926018,6.399379573061779,0,0.48370559602740343
Nova Scotia,NS,2015,10,2015-10,20-24,13.2,77.1,27.0,11.9,30.59125964010283,13.94694872359155,129.8,14.771623850352452,0.9347258279912652,1.1735905190352354,6.399379573061779,0,0.660399197918585
Nova Scotia,NS,2015,11,2015-11,20-24,10.8,78.3,28.5,12.0,29.629629629629626,13.974545296470158,129.2,14.869586800559095,0.9349643417764312,1.1742095169236832,6.399379573061779,0,0.3887999777307991
Nova Scotia,NS,2015,12,2015-12,20-24,10.3,75.7,26.8,12.7,32.151898734177216,13.994384305446895,128.9,14.925352850204124,0.9354264692788336,1.1748486674819647,6.399379573061779,0,0.4863198826079924
Nova Scotia,NS,2016,1,2016-01,20-24,11.7,75.3,25.5,13.2,34.10852713178294,14.007227112676057,129.4,14.881325713409126,0.9360899844231997,1.1755053113340936,6.314211057663758,0,0.6242821095534055
Nova Scotia,NS,2016,2,2016-02,20-24,8.4,75.8,25.5,14.6,36.408977556109726,14.013835080312116,129.6,14.865370198039415,0.9369326611342608,1.1761767891040897,6.314211057663758,0,0.35463082872346835
Nova Scotia,NS,2016,3,2016-03,20-24,12.2,75.3,26.7,11.6,30.287206266318538,14.014969570509475,130.1,14.809438445086782,0.9379322733367502,1.176860441415972,6.314211057663758,0,0.6795547033528853
Nova Scotia,NS,2016,4,2016-04,20-24,10.2,74.4,26.3,12.2,31.68831168831169,14.011391945422536,131.0,14.703939753411932,0.9390665949553922,1.1775536088937546,6.314211057663758,0,0.6091261852138219
Nova Scotia,NS,2016,5,2016-05,20-24,15.1,83.6,30.8,10.3,25.060827250608277,14.003863567205713,131.6,14.62903604788454,0.9403133999149198,1.1782536321614567,6.314211057663758,0,0.46567267571744925
Nova Scotia,NS,2016,6,2016-06,20-24,10.2,83.0,34.9,8.1,18.83720930232558,13.99314579801338,131.8,14.595657955856518,0.9416504621400666,1.1789578518430974,6.314211057663758,0,0.144514658804865
Nova Scotia,NS,2016,7,2016-07,20-24,10.8,84.9,35.3,8.3,19.036697247706428,13.98,131.2,14.6486318597561,0.9430555555555555,1.179663608562691,6.314211057663758,0,0.0670234781957999
Nova Scotia,NS,2016,8,2016-08,20-24,8.3,81.8,34.0,9.3,21.47806004618938,13.96518753531996,131.2,14.633110948308776,0.9445064540861203,1.1803682429442568,6.314211057663758,0,0.0626013007456403
Nova Scotia,NS,2016,9,2016-09,20-24,11.9,74.5,25.4,12.5,32.98153034300791,13.949469766127617,131.6,14.572213952115458,0.945980931656495,1.1810690956118137,6.314211057663758,0,0.7628968020579195
Nova Scotia,NS,2016,10,2016-10,20-24,7.9,74.6,23.5,16.2,40.806045340050375,13.933608054577464,131.6,14.55564412844253,0.9474567621914018,1.1817635071893757,6.314211057663758,0,0.4642952912522293
Nova Scotia,NS,2016,11,2016-11,20-24,8.2,75.6,24.5,15.5,38.75,13.918363762823871,130.9,14.617471797511167,0.9489117196155747,1.1824488183009627,6.314211057663758,0,0.41377186168420277
Nova Scotia,NS,2016,12,2016-12,20-24,8.0,73.4,23.2,15.8,40.51282051282051,13.904498253021202,130.6,14.636454037780167,0.9503235778537478,1.1831223695705935,6.314211057663758,0,0.5199726551905627
Nova Scotia,NS,2017,1,2017-01,20-24,12.3,74.4,21.7,16.2,42.74406332453825,13.892772887323945,131.7,14.501966231471977,0.9516701108306432,1.1837815016222821,6.303674071242303,0,0.8160492895915029
Nova Scotia,NS,2017,2,2017-02,20-24,10.8,73.7,22.2,15.9,41.732283464566926,13.883949027886462,131.4,14.525843931572995,0.9529290924709953,1.184423555080048,6.303674071242303,0,0.738666853213014
Nova Scotia,NS,2017,3,2017-03,20-24,16.4,72.9,21.2,14.2,40.11299435028249,13.878788036863153,131.8,14.476376216750847,0.954078296699537,1.1850458705679099,6.303674071242303,0,1.2127982660209946
Nova Scotia,NS,2017,4,2017-04,20-24,12.0,70.7,23.4,12.7,35.18005540166205,13.87805127640845,132.0,14.453674994123118,0.9550954974409923,1.1856457887098828,6.303674071242303,0,1.0176016848100207
Nova Scotia,NS,2017,5,2017-05,20-24,15.5,79.0,28.0,10.6,27.461139896373055,13.882500108676746,132.2,14.436434965509347,0.9559584686200947,1.1862206501299852,6.303674071242303,0,0.8071072153583748
Nova Scotia,NS,2017,6,2017-06,20-24,15.4,85.0,29.9,11.7,28.125,13.892895895822479,132.4,14.425421928083045,0.9566449841615756,1.1867677954522364,6.303674071242303,0,0.4592491966676737
Nova Scotia,NS,2017,7,2017-07,20-24,11.8,83.0,32.6,9.9,23.294117647058822,13.91,132.4,14.44318164652568,0.9571328179901616,1.1872845653006512,6.303674071242303,0,0.30181499725775623
Nova Scotia,NS,2017,8,2017-08,20-24,13.9,81.9,31.7,9.2,22.493887530562347,13.934258023061183,132.6,14.446546920967846,0.9574038608381705,1.187771922999524,6.303674071242303,0,0.5198455475865696
Nova Scotia,NS,2017,9,2017-09,20-24,15.3,75.4,24.9,12.2,32.88409703504043,13.964852525647744,133.3,14.402236316304752,0.9574564706682611,1.1882453226742544,6.303674071242303,0,1.0068099250459148
Nova Scotia,NS,2017,10,2017-10,20-24,10.1,73.0,24.5,13.8,36.0313315926893,14.000650308098592,132.8,14.493519586640463,0.9572931222506771,1.1887238411505132,6.303674071242303,0,0.73487874465761
Nova Scotia,NS,2017,11,2017-11,20-24,16.4,74.4,23.2,13.0,35.911602209944746,14.040518170752874,133.2,14.491142909341228,0.9569162903556632,1.1892265552539758,6.303674071242303,0,1.1232694789946078
Nova Scotia,NS,2017,12,2017-12,20-24,12.1,73.8,23.4,14.3,37.93103448275862,14.083322913949786,132.8,14.57910254213288,0.9563284497534618,1.189772541810317,6.303674071242303,0,0.8160529037058782
Nova Scotia,NS,2018,1,2018-01,20-24,11.8,74.3,21.5,16.6,43.569553805774284,14.12793133802817,133.5,14.548594462137995,0.9555320752143204,1.1903808776452078,6.2930840934982,0,0.772870646593653
Nova Scotia,NS,2018,2,2018-02,20-24,14.0,75.8,22.6,15.5,40.68241469816273,14.173210243327205,134.4,14.497485700903328,0.954529641508482,1.1910706395843236,6.2930840934982,0,0.8633490190179044
Nova Scotia,NS,2018,3,2018-03,20-24,14.5,76.7,24.7,13.4,35.170603674540686,14.218026430186095,135.0,14.478690248072839,0.9533236234061873,1.1918609044533404,6.2930840934982,0,0.8537430438439167
Nova Scotia,NS,2018,4,2018-04,20-24,14.1,74.3,25.2,12.1,32.43967828418231,14.26124669894366,135.7,14.447788429898893,0.9519164956776872,1.1927707490779274,6.2930840934982,0,0.9691186279831284
Nova Scotia,NS,2018,5,2018-05,20-24,13.2,83.2,31.4,10.8,25.59241706161137,14.301737849939107,135.2,14.542392092606352,0.950310733093223,1.1938192502837603,6.2930840934982,0,0.369312111839922
Nova Scotia,NS,2018,6,2018-06,20-24,11.3,84.8,35.2,8.7,19.81776765375854,14.338366683511593,135.3,14.56886149161682,0.9485088104230335,1.1950254848965163,6.2930840934982,0,0.13000543978330503
Nova Scotia,NS,2018,7,2018-07,20-24,12.1,87.9,36.3,9.0,19.867549668874172,14.37,136.0,14.525851102941175,0.9465132024373731,1.1964085297418632,6.2930840934982,0,0.022945633784547503
Nova Scotia,NS,2018,8,2018-08,20-24,11.0,85.2,37.3,7.0,15.80135440180587,14.395963242805577,136.2,14.530727215893515,0.9443323523501914,1.1979772460903833,6.2930840934982,0,0.09446772418537797
Nova Scotia,NS,2018,9,2018-09,20-24,10.9,75.3,29.0,10.4,26.39593908629442,14.417416427577828,135.5,14.627559582149534,0.9419985771502762,1.1996996329922849,6.2930840934982,0,0.6289040606497702
Nova Scotia,NS,2018,10,2018-10,20-24,12.6,79.9,28.7,12.4,30.170316301703163,14.435978213028168,136.6,14.528448790893467,0.9395501622701445,1.2015334739426689,6.2930840934982,0,0.5170368852895825
Nova Scotia,NS,2018,11,2018-11,20-24,13.1,75.5,28.0,10.6,27.461139896373055,14.45326725786818,135.6,14.653118851588703,0.9370253931422945,1.2034365524366486,6.2930840934982,0,0.7743985555266374
Nova Scotia,NS,2018,12,2018-12,20-24,9.6,76.2,27.8,12.8,31.527093596059114,14.47090222080944,134.9,14.747125891814512,0.9344625551992238,1.2053666519693398,6.2930840934982,0,0.45070623672198745
Nova Scotia,NS,2019,1,2019-01,20-24,12.3,72.0,23.4,13.9,37.26541554959786,14.49050176056338,135.0,14.75616095950704,0.9318999338734506,1.2072815560358408,6.376620595020081,0,0.8891908651996313
Nova Scotia,NS,2019,2,2019-02,20-24,14.0,72.7,24.1,12.8,34.68834688346883,14.513684535841568,135.7,14.703528235555044,0.9293758145974722,1.2091390481312667,6.376620595020081,0,0.9886823685006739
Nova Scotia,NS,2019,3,2019-03,20-24,12.8,72.9,23.3,14.2,37.86666666666667,14.54206920535562,136.8,14.613822836303097,0.9269284828037865,1.2108969117507322,6.376620595020081,0,0.9107592127575531
Nova Scotia,NS,2019,4,2019-04,20-24,13.9,78.0,24.7,15.1,37.93969849246231,14.577274427816901,137.4,14.585231455343003,0.9245962239249114,1.2125129303893367,6.376620595020081,0,0.7079371707943759
Nova Scotia,NS,2019,5,2019-05,20-24,12.3,87.0,29.9,15.2,33.70288248337029,14.620918861937012,137.8,14.586435562734328,0.9224173233933443,1.2139448875421954,6.376620595020081,0,0.0739926568302216
Nova Scotia,NS,2019,6,2019-06,20-24,8.2,86.5,34.3,12.6,26.865671641791046,14.674621166427633,137.4,14.682631330819788,0.9204300666415844,1.2151505667044205,6.376620595020081,0,-0.22616924459211588
Nova Scotia,NS,2019,7,2019-07,20-24,11.6,88.7,36.8,9.8,21.03004291845494,14.74,138.5,14.630913357400722,0.9186727391021471,1.216087751371115,6.376620595020081,0,-0.08645961223196275
Nova Scotia,NS,2019,8,2019-08,20-24,12.1,89.1,38.2,8.5,18.201284796573873,14.818034839049654,138.4,14.718998117762652,0.9171823887035316,1.2167178577144955,6.376620595020081,0,-0.09443449373047146
Nova Scotia,NS,2019,9,2019-09,20-24,9.8,80.3,30.6,12.7,29.33025404157044,14.907148430707787,138.4,14.807516116412955,0.9159911133582432,1.2170168326151887,6.376620595020081,0,0.21579356646738898
Nova Scotia,NS,2019,10,2019-10,20-24,11.6,80.2,27.6,14.9,35.05882352941177,15.005124339788733,138.0,14.948039627626493,0.915129773474797,1.216964255630922,6.376620595020081,0,0.31973266068678824
Nova Scotia,NS,2019,11,2019-11,20-24,12.8,82.0,28.9,14.1,32.79069767441861,15.109746131107535,138.4,15.008759749812198,0.9146292294616982,1.2165397063194263,6.376620595020081,0,0.2905663768838452
Nova Scotia,NS,2019,12,2019-12,20-24,8.6,80.6,29.5,14.9,33.55855855855856,15.218797369479322,137.9,15.171893896803262,0.9145203417274554,1.2157227642384278,6.376620595020081,0,0.01756848483927183
Nova Scotia,NS,2020,1,2020-01,20-24,11.4,78.1,26.9,14.9,35.64593301435407,15.33006161971831,138.5,15.216608095095845,0.9148339706805783,1.214493008945661,6.3761666370121155,1,0.357233569723032
Nova Scotia,NS,2020,2,2020-02,20-24,12.5,80.7,26.7,16.0,37.47072599531616,15.441322446639616,139.1,15.260933165720928,0.9156009767295743,1.212830019998853,6.3761666370121155,1,0.27901639990120847
Nova Scotia,NS,2020,3,2020-03,20-24,15.2,73.5,25.4,12.4,32.80423280423281,15.550363415058348,138.0,15.491204423805408,0.9168522202829564,1.2107133769557272,6.3761666370121155,1,0.8332802901155961
Nova Scotia,NS,2020,4,2020-04,20-24,28.5,64.1,18.9,8.9,32.01438848920864,15.654968089788731,136.6,15.755246984946604,0.9186185617492266,1.2081226593740244,6.3761666370121155,1,2.292081924529754
Nova Scotia,NS,2020,5,2020-05,20-24,26.5,73.6,21.8,11.1,33.73860182370821,15.75292003564589,136.5,15.86544089304336,0.9209308615368961,1.205037446811469,6.3761666370121155,1,1.5723281863970406
Nova Scotia,NS,2020,6,2020-06,20-24,19.5,84.6,30.5,11.1,26.682692307692307,15.842002817444868,137.6,15.82761146314123,0.9238199800544824,1.2014373188257794,6.3761666370121155,1,0.43279539013623913
Nova Scotia,NS,2020,7,2020-07,20-24,17.9,85.1,33.3,9.6,22.377622377622377,15.92,137.8,15.882452830188678,0.9273167777104785,1.197301854974705,6.3761666370121155,1,0.27153103887806035
Nova Scotia,NS,2020,8,2020-08,20-24,14.4,84.8,31.6,12.9,28.98876404494382,15.985369623217647,137.5,15.982463192377061,0.9314185321628191,1.1926375941027858,6.3761666370121155,1,0.0035256041184595355
Nova Scotia,NS,2020,9,2020-09,20-24,6.7,73.1,26.3,15.5,37.08133971291866,16.039267627369195,137.5,16.036351396891494,0.9359881900671213,1.1875589122018388,6.3761666370121155,1,0.08734268877409072
Nova Scotia,NS,2020,10,2020-10,20-24,11.0,75.6,26.3,14.8,36.009732360097324,16.0835244278169,138.4,15.976029773946014,0.9408551153283833,1.1822071445505413,6.3761666370121155,1,0.27890187765639973
Nova Scotia,NS,2020,11,2020-11,20-24,7.9,80.5,32.2,13.0,28.761061946902654,16.11997043992346,138.7,15.9775986750431,0.9458486718516399,1.1767236264275311,6.3761666370121155,1,-0.2320059885918524
Nova Scotia,NS,2020,12,2020-12,20-24,9.9,81.1,30.3,14.2,31.910112359550556,16.150436079051495,138.7,16.007795241294914,0.9507982235419279,1.1712496931114438,6.3761666370121155,1,-0.12541547473390396
Nova Scotia,NS,2021,1,2021-01,20-24,15.0,83.2,26.3,16.7,38.83720930232558,16.17675176056338,140.3,15.851026003445835,0.9555331343042429,1.1659266798809604,6.284278153590131,1,0.17277416393430545
Nova Scotia,NS,2021,2,2021-02,20-24,12.2,78.4,27.1,14.8,35.32219570405727,16.20074789982175,140.8,15.818166317670416,0.9598827680436223,1.1608959220147155,6.284278153590131,1,0.2476904637262287
Nova Scotia,NS,2021,3,2021-03,20-24,10.8,83.7,31.1,14.3,31.49779735682819,16.22425491218921,141.8,15.729403695720812,0.9636764886650984,1.1562987547913481,6.284278153590131,1,-0.13705259455280158
Nova Scotia,NS,2021,4,2021-04,20-24,12.3,81.4,27.7,15.8,36.321839080459775,16.249103213028167,142.3,15.69814099937489,0.9667436600736732,1.1522765134895347,6.284278153590131,1,0.11379856934801784
Nova Scotia,NS,2021,5,2021-05,20-24,17.8,83.1,30.4,11.1,26.746987951807228,16.277123217701245,143.1,15.637299191848207,0.9689136461743815,1.148970533387912,6.284278153590131,1,0.4403691650318556
Nova Scotia,NS,2021,6,2021-06,20-24,11.7,90.0,36.9,11.6,23.917525773195873,16.310145341571065,143.2,15.658081220897223,0.970015810872248,1.146522149765125,6.284278153590131,1,-0.4125872374551778
Nova Scotia,NS,2021,7,2021-07,20-24,12.1,91.0,37.8,11.1,22.699386503067483,16.35,144.2,15.587491331484053,0.9698795180722891,1.1450726978998382,6.284278153590131,1,-0.42227032356192806
Nova Scotia,NS,2021,8,2021-08,20-24,11.9,87.9,36.5,10.9,22.995780590717303,16.398056112523864,144.5,15.60084957833369,0.9684004362870481,1.144717882950548,6.284278153590131,1,-0.26316882427864285
Nova Scotia,NS,2021,9,2021-09,20-24,6.2,79.2,30.2,15.3,33.62637362637363,16.453836615371294,144.6,15.643092591273641,0.9657394524591142,1.1453708895951786,6.284278153590131,1,-0.19948720266835748
Nova Scotia,NS,2021,10,2021-10,20-24,4.2,77.2,30.4,14.9,32.89183222958057,16.51640294894366,145.9,15.562662751240778,0.962123758138616,1.1468992723915008,6.284278153590131,1,-0.2133195913171956
Nova Scotia,NS,2021,11,2021-11,20-24,13.1,79.3,30.2,12.3,28.941176470588236,16.58481655364278,146.0,15.616422299397543,0.9577805448756606,1.1491705858972903,6.284278153590131,1,0.3139553365829142
Nova Scotia,NS,2021,12,2021-12,20-24,11.9,76.0,32.5,8.8,21.307506053268767,16.65813886987053,145.4,15.750190104095262,0.9529370042203478,1.15205238467033,6.284278153590131,1,0.37984783303935793
Nova Scotia,NS,2022,1,2022-01,20-24,8.1,73.5,32.3,9.4,22.54196642685852,16.73543133802817,147.2,15.629778690186296,0.9478203277228178,1.15541222326838,6.26903012985897,1,0.2710269961918433
Nova Scotia,NS,2022,2,2022-02,20-24,8.3,73.7,27.1,14.7,35.16746411483253,16.815755398517574,148.8,15.53592724066669,0.942657706933171,1.1591176562492214,6.26903012985897,1,0.2981219178755102
Nova Scotia,NS,2022,3,2022-03,20-24,7.6,72.6,29.5,12.2,29.25659472422062,16.89817249174064,151.4,15.343964751004258,0.9376763334015077,1.1630362381706403,6.26903012985897,1,0.3574970335158878
Nova Scotia,NS,2022,4,2022-04,20-24,10.1,76.7,28.2,14.7,34.26573426573427,16.98174405809859,152.4,15.31866971382614,0.9331033986779688,1.16703552359039,6.26903012985897,1,0.3150168226377665
Nova Scotia,NS,2022,5,2022-05,20-24,8.7,83.2,35.6,11.8,24.89451476793249,17.06553153799332,155.7,15.067976545829362,0.9291660943126533,1.170983067066256,6.26903012985897,1,-0.0975073408596363
Nova Scotia,NS,2022,6,2022-06,20-24,10.8,87.5,35.4,13.4,27.459016393442624,17.148596371826713,156.5,15.063918761769184,0.9260916118556679,1.1747464231560232,6.26903012985897,1,-0.1864930844678064
Nova Scotia,NS,2022,7,2022-07,20-24,9.0,87.2,36.2,13.5,27.16297786720322,17.23,156.7,15.116108806636888,0.9241071428571427,1.1781931464174455,6.26903012985897,1,-0.3161801428526561
Nova Scotia,NS,2022,8,2022-08,20-24,9.9,85.9,38.4,10.0,20.66115702479339,17.309032084094,155.7,15.282974860377795,0.9233810624039128,1.1812167349524638,6.26903012985897,1,-0.21708520793070127
Nova Scotia,NS,2022,9,2022-09,20-24,10.0,75.6,31.6,10.9,25.647058823529413,17.38589517040522,155.2,15.400295995821248,0.9238464797297511,1.1838144610396353,6.26903012985897,1,0.3499148864693473
Nova Scotia,NS,2022,10,2022-10,20-24,10.7,74.7,33.0,8.6,20.673076923076923,17.461020026408452,157.1,15.279781846788682,0.9253776876051562,1.186009540501652,6.26903012985897,1,0.4837925086947061
Nova Scotia,NS,2022,11,2022-11,20-24,9.4,75.3,31.6,10.9,25.647058823529413,17.53483741957914,158.5,15.208844001619195,0.9278489788006291,1.187825189161227,6.26903012985897,1,0.37082635522561125
Nova Scotia,NS,2022,12,2022-12,20-24,6.8,75.2,32.9,10.7,24.541284403669728,17.607778117392694,156.4,15.477169416167266,0.9311346460866814,1.1892846228410698,6.26903012985897,1,0.11574760839734499
Nova Scotia,NS,2023,1,2023-01,20-24,14.3,72.0,27.1,11.3,29.427083333333332,17.680272887323945,157.3,15.45197403169014,0.935108982233796,1.1904110573638786,6.241185939288037,1,0.8621430967696573
Nova Scotia,NS,2023,2,2023-02,20-24,11.1,73.7,26.8,14.0,34.31372549019608,17.75275249684831,158.4,15.40757354484988,0.9396462800124825,1.191227708552364,6.241185939288037,1,0.5384539932211625
Nova Scotia,NS,2023,3,2023-03,20-24,10.4,72.3,25.0,15.4,38.11881188118812,17.825647713441207,158.4,15.47083913765991,0.9446208321932563,1.1917577922292324,6.241185939288037,1,0.5505862749581469
Nova Scotia,NS,2023,4,2023-04,20-24,6.9,71.8,26.3,15.6,37.23150357995227,17.899389304577465,159.3,15.447071843357104,0.9499069315465913,1.192024524217187,6.241185939288037,1,0.32525480673759194
Nova Scotia,NS,2023,5,2023-05,20-24,9.1,74.0,28.7,13.5,31.990521327014214,17.9744080377325,158.8,15.560653305965207,0.9553788708430022,1.1920511203389357,6.241185939288037,1,0.3341346087439421
Nova Scotia,NS,2023,6,2023-06,20-24,7.4,81.8,36.0,11.6,24.369747899159663,18.051134680381743,159.4,15.56825432989636,0.9609109428530053,1.1918607964171837,6.241185939288037,1,-0.24020855390102272
Nova Scotia,NS,2023,7,2023-07,20-24,6.6,83.5,41.7,7.5,15.24390243902439,18.13,162.1,15.37582819247378,0.9663774403470715,1.1914767682746374,6.241185939288037,1,-0.34830788102697713
Nova Scotia,NS,2023,8,2023-08,20-24,9.2,84.4,39.5,9.0,18.556701030927837,18.211434764062695,163.0,15.359613461285392,0.9716526560957175,1.190922251734003,6.241185939288037,1,-0.20260724988287884
Nova Scotia,NS,2023,9,2023-09,20-24,10.0,75.6,31.2,12.0,27.777777777777775,18.295869740045287,162.7,15.459278995161192,0.9766108828694575,1.1902204626179842,6.241185939288037,1,0.33503132395964047
Nova Scotia,NS,2023,10,2023-10,20-24,9.5,79.3,30.0,15.9,34.640522875817,18.383735695422533,162.2,15.581406071074062,0.9811264134387657,1.1893946167492906,6.241185939288037,1,0.05543495150666666
Nova Scotia,NS,2023,11,2023-11,20-24,8.5,78.5,35.8,10.3,22.342733188720178,18.475463397669884,162.5,15.630242034428722,0.9850735405741575,1.188467929950627,6.241185939288037,1,0.014607622379080235
Nova Scotia,NS,2023,12,2023-12,20-24,9.1,76.4,30.4,14.4,32.142857142857146,18.571483614262828,162.1,15.750244971442209,0.9883265570461423,1.1874636180446951,6.241185939288037,1,0.14900953615008009
Nova Scotia,NS,2024,1,2024-01,20-24,11.1,77.9,26.7,18.1,40.40178571428572,18.672227112676058,162.0,15.845459397007044,0.9907597556252031,1.1864048968542076,6.437384151190143,1,0.18771210510095038
Nova Scotia,NS,2024,2,2024-02,20-24,8.5,79.4,31.0,16.2,34.32203389830508,18.778124660385053,162.8,15.857018966132893,0.9922474290818516,1.1853149822018674,6.437384151190143,1,-0.09409803767283374
Nova Scotia,NS,2024,3,2024-03,20-24,6.4,76.6,30.1,16.7,35.68376068376068,18.889607024865345,163.7,15.863461977662574,0.9926638701865887,1.1842170899103772,6.437384151190143,1,-0.09151678574916179
Nova Scotia,NS,2024,4,2024-04,20-24,9.0,79.5,32.8,14.5,30.655391120507403,19.00710497359155,164.3,15.90384513843273,0.991883371709913,1.1831344358024491,6.437384151190143,1,-0.07450134988097541
Nova Scotia,NS,2024,5,2024-05,20-24,10.1,81.4,34.9,13.2,27.442827442827443,19.13104927403918,164.7,15.968676374915217,0.989780226422329,1.1820902357007859,6.437384151190143,1,-0.11785175461050257
Nova Scotia,NS,2024,6,2024-06,20-24,9.9,79.5,35.9,11.2,23.7791932059448,19.261870693683825,165.0,16.048640446146567,0.9862287270943262,1.181107705428091,6.437384151190143,1,-0.04419942410769969
Nova Scotia,NS,2024,7,2024-07,20-24,10.9,81.7,39.8,8.3,17.255717255717258,19.399999999999995,165.9,16.076039783001804,0.9811031664964249,1.180210060807076,6.437384151190143,1,-0.10269148004483641
Nova Scotia,NS,2024,8,2024-08,20-24,11.0,83.9,41.5,7.9,15.991902834008098,19.54586796046326,165.0,16.285261805240523,0.9742778373991192,1.179420517660443,6.437384151190143,1,-0.27390309686128284
Nova Scotia,NS,2024,9,2024-09,20-24,9.8,72.8,30.6,13.0,29.81651376146789,19.699905342549265,164.1,16.503622711559782,0.9656270325728841,1.1787622918108975,6.437384151190143,1,0.21681705523441996
Nova Scotia,NS,2024,10,2024-10,20-24,7.5,75.2,28.8,17.1,37.254901960784316,19.862542913732394,164.6,16.589326166861245,0.955025044788268,1.1782585990811485,6.437384151190143,1,-0.11290417387652253
Nova Scotia,NS,2024,11,2024-11,20-24,7.7,74.7,28.2,17.1,37.748344370860934,20.034211441488274,165.2,16.671932311855937,0.9423461668157511,1.1779326552939,6.437384151190143,1,-0.09029472186087424
Nova Scotia,NS,2024,12,2024-12,20-24,6.0,79.4,34.7,14.2,29.03885480572597,20.21534169329264,163.6,16.987188870937686,0.9274646914257916,1.1778076762718577,6.437384151190143,1,-0.5649452020228529
Nova Scotia,NS,2015,1,2015-01,25-29,9.8,82.5,36.2,4.3,10.617283950617283,23.176658364823076,126.9,25.108046561891666,0.8186279345685896,1.2685020153950874,6.070177796694968,0,1.1614578634779997
Nova Scotia,NS,2015,2,2015-02,25-29,10.7,84.0,35.5,5.3,12.990196078431374,23.387341934965523,128.0,25.11855337897957,0.832299666843077,1.248684644154335,6.070177796694968,0,1.072450062204197
Nova Scotia,NS,2015,3,2015-03,25-29,10.2,84.7,36.9,4.4,10.653753026634384,23.580892527704783,129.6,25.013759261159066,0.8445436384558737,1.231063906591035,6.070177796694968,0,0.950317221104612
Nova Scotia,NS,2015,4,2015-04,25-29,11.0,87.3,36.9,5.2,12.351543942992874,23.758121886808656,129.5,25.221218582154595,0.8554287612443652,1.2155311628659409,6.070177796694968,0,0.6948467393409988
Nova Scotia,NS,2015,5,2015-05,25-29,10.0,88.2,37.1,6.1,14.120370370370368,23.919841756046527,130.2,25.256376692876316,0.865023947046039,1.20197777313966,6.070177796694968,0,0.480254502550104
Nova Scotia,NS,2015,6,2015-06,25-29,9.1,86.7,36.9,5.9,13.785046728971965,24.066863879187625,130.2,25.411613761838087,0.8733981076983685,1.1902950975728204,6.070177796694968,0,0.548764790120946
Nova Scotia,NS,2015,7,2015-07,25-29,6.2,86.0,36.6,7.2,16.43835616438356,24.2,130.1,25.57182936202921,0.8806201550387596,1.1803744963261436,6.070177796694968,0,0.31605325897176906
Nova Scotia,NS,2015,8,2015-08,25-29,6.5,85.3,37.7,5.6,12.933025404157043,24.32006186225291,130.0,25.71846541933245,0.8867590009046892,1.1721073295602529,6.070177796694968,0,0.41254149164012643
Nova Scotia,NS,2015,9,2015-09,25-29,7.0,86.6,37.0,6.8,15.525114155251144,24.427861209715477,129.5,25.932202469541586,0.8918835571336219,1.16538495743579,6.070177796694968,0,0.2814366705795712
Nova Scotia,NS,2015,10,2015-10,25-29,7.4,87.0,37.1,6.8,15.489749430523919,24.52420978615596,129.8,25.974312329366644,0.8960627355629818,1.160098740113449,6.070177796694968,0,0.2692160583333571
Nova Scotia,NS,2015,11,2015-11,25-29,9.6,86.3,37.3,5.3,12.441314553990612,24.60991933534352,129.2,26.186135144166798,0.8993654480302363,1.1561400377538673,6.070177796694968,0,0.5521078858101675
Nova Scotia,NS,2015,12,2015-12,25-29,8.9,86.3,36.3,6.7,15.58139534883721,24.685801601047178,128.9,26.32801066799038,0.9018606063728433,1.153400210517697,6.070177796694968,0,0.46291708366355766
Nova Scotia,NS,2016,1,2016-01,25-29,10.0,83.8,33.4,7.9,19.128329297820827,24.752668327035387,129.4,26.297318997366226,0.9036171224282412,1.1517706185656105,6.148460631357478,0,0.8790037376579024
Nova Scotia,NS,2016,2,2016-02,25-29,10.9,83.6,33.5,7.6,18.491484184914842,24.811331257077192,129.6,26.318964232767645,0.9047039080338898,1.1511426220582566,6.148460631357478,0,0.9924184549037381
Nova Scotia,NS,2016,3,2016-03,25-29,9.9,84.2,35.7,6.0,14.388489208633093,24.862602134941582,130.1,26.27199253267559,0.9051898750272417,1.151407581156295,6.148460631357478,0,0.8239479022994187
Nova Scotia,NS,2016,4,2016-04,25-29,10.8,82.2,33.8,6.7,16.543209876543212,24.907292704397115,131.0,26.138397439213687,0.9051439352457465,1.1524568560203818,6.148460631357478,0,1.1723494004780166
Nova Scotia,NS,2016,5,2016-05,25-29,9.2,84.8,36.3,6.2,14.588235294117647,24.946214709212786,131.6,26.059885008731214,0.9046350005268583,1.1541818068111744,6.148460631357478,0,0.7066047005060078
Nova Scotia,NS,2016,6,2016-06,25-29,7.7,84.4,37.4,5.7,13.225058004640372,24.98017989315753,131.8,26.055768063822693,0.9037319827080261,1.1564737936893374,6.148460631357478,0,0.6015416043101157
Nova Scotia,NS,2016,7,2016-07,25-29,7.1,86.8,39.2,5.5,12.304250559284116,25.01,131.2,26.206171875000003,0.9025037936267071,1.1592241768155163,6.148460631357478,0,0.23381346912727655
Nova Scotia,NS,2016,8,2016-08,25-29,9.3,84.9,37.8,4.9,11.475409836065575,25.036486773509143,131.2,26.23392545112934,0.9010193451203512,1.1623243163503743,6.148460631357478,0,0.6833279297690845
Nova Scotia,NS,2016,9,2016-09,25-29,8.4,85.6,35.9,7.7,17.660550458715598,25.06045195745387,131.6,26.179222134125922,0.8993475490264058,1.165665572454578,6.148460631357478,0,0.5140603211570806
Nova Scotia,NS,2016,10,2016-10,25-29,8.4,87.3,36.4,8.0,18.01801801801802,25.082707295602884,131.6,26.202471014156586,0.897557317182332,1.1691393052887675,6.148460631357478,0,0.30738513223241526
Nova Scotia,NS,2016,11,2016-11,25-29,6.0,83.2,34.7,8.9,20.412844036697248,25.104064531725115,130.9,26.365021172642553,0.8957175614255776,1.1726368750136094,6.148460631357478,0,0.5331599558178625
Nova Scotia,NS,2016,12,2016-12,25-29,9.7,86.6,35.8,7.9,18.07780320366133,25.125335409589443,130.6,26.447974620469438,0.8938971935935895,1.17604964178977,6.148460631357478,0,0.49399655474477555
Nova Scotia,NS,2017,1,2017-01,25-29,10.7,85.0,34.9,7.6,17.882352941176467,25.14733167296462,131.7,26.25003357434177,0.8921651255238302,1.179268965777889,6.236878504535482,0,0.8126377739747603
Nova Scotia,NS,2017,2,2017-02,25-29,11.8,84.3,34.0,7.6,18.269230769230766,25.17086506561953,131.4,26.33458656694098,0.8905902690537465,1.1821862071386333,6.236878504535482,0,0.9986839031188653
Nova Scotia,NS,2017,3,2017-03,25-29,12.3,85.6,37.1,5.2,12.293144208037825,25.196747331323106,131.8,26.281660389784854,0.8892415360207868,1.184692726032667,6.236878504535482,0,0.9005572708004096
Nova Scotia,NS,2017,4,2017-04,25-29,11.5,83.5,36.0,5.6,13.461538461538462,25.22579021384404,132.0,26.272087194304618,0.8881878382624111,1.1866798826206342,6.236878504535482,0,1.0716140366460063
Nova Scotia,NS,2017,5,2017-05,25-29,8.8,85.0,38.9,5.0,11.389521640091116,25.258805456951247,132.2,26.266673829004333,0.887498087616067,1.1880390370632,6.236878504535482,0,0.6161146487088854
Nova Scotia,NS,2017,6,2017-06,25-29,8.5,86.9,39.9,5.1,11.333333333333332,25.296604804413693,132.4,26.26624430125961,0.8872411959192065,1.1886615495210224,6.236878504535482,0,0.35768625664489573
Nova Scotia,NS,2017,7,2017-07,25-29,5.9,87.3,42.1,4.5,9.656652360515022,25.34,132.4,26.311302870090636,0.8874860750092833,1.1884387801547565,6.236878504535482,0,0.03805061773757342
Nova Scotia,NS,2017,8,2017-08,25-29,8.3,83.0,38.9,4.5,10.368663594470046,25.38942507148805,132.6,26.322859816763348,0.8882749448779396,1.1873065361508122,6.236878504535482,0,0.7977557898112586
Nova Scotia,NS,2017,9,2017-09,25-29,7.4,85.4,38.6,6.4,14.222222222222221,25.443803182691504,133.3,26.240711496928085,0.8895432581335881,1.1853784127985902,6.236878504535482,0,0.42808229477132725
Nova Scotia,NS,2017,10,2017-10,25-29,7.6,85.1,38.2,6.7,14.922048997772826,25.5016797814325,132.8,26.399423403256268,0.8911997755388227,1.1828124524132588,6.236878504535482,0,0.46488915531975755
Nova Scotia,NS,2017,11,2017-11,25-29,7.6,87.2,39.3,6.8,14.750542299349242,25.561600315533617,133.2,26.381989514849735,0.8931532578562462,1.1797666973099705,6.236878504535482,0,0.21529225410600009
Nova Scotia,NS,2017,12,2017-12,25-29,6.2,87.8,38.6,8.6,18.220338983050848,25.622110232817466,132.8,26.52409340554654,0.8953124658484655,1.1763991898038733,6.236878504535482,0,-0.017501287578656505
Nova Scotia,NS,2018,1,2018-01,25-29,6.7,86.2,38.7,7.4,16.052060737527114,25.68175498110615,133.5,26.4464364496447,0.8975861602780691,1.1728679722101418,6.329048137769315,0,0.2350893618665634
Nova Scotia,NS,2018,2,2018-02,25-29,8.5,87.7,38.6,7.6,16.45021645021645,25.739080008222274,134.4,26.327976370017534,0.899883101907663,1.1693310868439253,6.329048137769315,0,0.254145979397106
Nova Scotia,NS,2018,3,2018-03,25-29,7.4,87.2,39.8,6.8,14.592274678111588,25.792630761988416,135.0,26.26549565929154,0.9021120514998539,1.1659465760203709,6.329048137769315,0,0.20922900222356264
Nova Scotia,NS,2018,4,2018-04,25-29,8.1,87.5,40.4,6.0,12.931034482758621,25.84095269022673,135.7,26.178960730205745,0.9041817698172294,1.1628724820546552,6.329048137769315,0,0.2556111372528636
Nova Scotia,NS,2018,5,2018-05,25-29,7.2,89.1,42.9,5.1,10.625,25.88259124075979,135.2,26.3181156125995,0.9060010176223966,1.1602668472619253,6.329048137769315,0,-0.04552499668749044
Nova Scotia,NS,2018,6,2018-06,25-29,8.1,88.8,41.7,5.7,12.025316455696201,25.91609186141013,135.3,26.3327030942155,0.9074785556779593,1.1582877139573338,6.329048137769315,0,0.08075078713695627
Nova Scotia,NS,2018,7,2018-07,25-29,8.8,88.0,42.0,4.8,10.256410256410255,25.94,136.0,26.22133455882353,0.90852314474651,1.1570931244560487,6.329048137769315,0,0.2620746805183288
Nova Scotia,NS,2018,8,2018-08,25-29,10.7,91.1,42.4,5.3,11.111111111111112,25.953515486834732,136.2,26.196472404938362,0.9090707526502146,1.156792583547429,6.329048137769315,0,0.08797930408705441
Nova Scotia,NS,2018,9,2018-09,25-29,7.5,89.2,42.6,5.9,12.164948453608249,25.95845568215072,135.5,26.33681693655845,0.9091661754494798,1.1573014459176754,6.329048137769315,0,-0.02912098525336145
Nova Scotia,NS,2018,10,2018-10,25-29,6.1,86.7,40.3,7.6,15.866388308977037,25.957292328667123,136.6,26.12356341788809,0.9088814162642728,1.1584865287271904,6.329048137769315,0,0.15366775615435072
Nova Scotia,NS,2018,11,2018-11,25-29,7.8,84.9,38.8,7.2,15.65217391304348,25.952497169103154,135.6,26.311353601198054,0.9082884782145626,1.1602146491363812,6.329048137769315,0,0.5202272255190538
Nova Scotia,NS,2018,12,2018-12,25-29,7.5,83.7,39.2,6.6,14.410480349344976,25.94654194617797,134.9,26.44181507821213,0.9074593644203145,1.1623526243056597,6.329048137769315,0,0.6172468710609821
Nova Scotia,NS,2019,1,2019-01,25-29,12.4,82.9,37.5,5.5,12.790697674418606,25.941898402610786,135.0,26.417499873325315,0.9064660780015011,1.1647672713954207,6.451738524019804,0,1.2176754007855168
Nova Scotia,NS,2019,2,2019-02,25-29,10.2,82.6,38.1,5.8,13.211845102505695,25.941038281120775,135.7,26.280355473080903,0.9053806220780884,1.1673254075660757,6.451738524019804,0,1.045430464104859
Nova Scotia,NS,2019,3,2019-03,25-29,10.1,83.5,37.3,7.1,15.99099099099099,25.946433324427147,136.8,26.074458488856884,0.9042749997700413,1.1698938499780374,6.451738524019804,0,0.9527645714896303
Nova Scotia,NS,2019,4,2019-04,25-29,8.9,85.5,42.4,3.9,8.423326133909288,25.960555275249053,137.4,25.97472588402375,0.9032212141973336,1.1723394157916982,6.451738524019804,0,0.602513627706822
Nova Scotia,NS,2019,5,2019-05,25-29,5.8,87.1,45.4,3.5,7.157464212678937,25.985875876305677,137.8,25.92458843320118,0.9022912684799307,1.1745289221674713,6.451738524019804,0,0.09961697499355075
Nova Scotia,NS,2019,6,2019-06,25-29,4.3,86.4,44.6,4.7,9.533468559837727,26.024866870316337,137.4,26.039072583673498,0.9015571657377985,1.176329186265767,6.451738524019804,0,0.01585121139941174
Nova Scotia,NS,2019,7,2019-07,25-29,4.5,88.0,45.1,5.3,10.515873015873016,26.08,138.5,25.88698916967509,0.9010909090909092,1.1776070252469815,6.451738524019804,0,-0.13668240771190207
Nova Scotia,NS,2019,8,2019-08,25-29,8.3,86.4,43.3,4.5,9.414225941422595,26.15289608302472,138.4,25.97810252177618,0.9009486885840557,1.1782679343413072,6.451738524019804,0,0.43279184746402305
Nova Scotia,NS,2019,9,2019-09,25-29,7.3,87.9,43.1,6.3,12.753036437246964,26.24177223685391,138.4,26.066384669519447,0.9011234419613443,1.1783721210580538,6.451738524019804,0,0.13970035813219228
Nova Scotia,NS,2019,10,2019-10,25-29,8.3,86.0,41.2,6.6,13.807531380753135,26.343994653899003,138.0,26.243772935106996,0.9015922938917066,1.1780184709763108,6.451738524019804,0,0.44788938207683193
Nova Scotia,NS,2019,11,2019-11,25-29,11.5,86.2,41.2,5.3,11.39784946236559,26.45692952657215,138.4,26.280103949895274,0.9023323690440752,1.17730586967517,6.451738524019804,0,0.7469402459494242
Nova Scotia,NS,2019,12,2019-12,25-29,12.2,85.9,40.5,5.4,11.764705882352942,26.577943047285633,137.9,26.496031330134823,0.9033207920873861,1.1763332027337183,6.451738524019804,0,0.8278463401888011
Nova Scotia,NS,2020,1,2020-01,25-29,15.8,86.2,37.9,6.5,14.63963963963964,26.704401408450703,138.5,26.506769556871916,0.9045346876905663,1.175199355731053,6.5048606505669415,1,1.1590140716063175
Nova Scotia,NS,2020,2,2020-02,25-29,13.1,87.2,37.8,8.5,18.3585313174946,26.83367080247962,139.1,26.52019333983383,0.9059511805225511,1.1740032142462606,6.5048606505669415,1,0.761126275057122
Nova Scotia,NS,2020,3,2020-03,25-29,16.5,83.0,35.9,6.5,15.330188679245282,26.963117421784663,138.0,26.86054034463657,0.9075473952522775,1.1728436638584294,6.5048606505669415,1,1.570531930052996
Nova Scotia,NS,2020,4,2020-04,25-29,19.9,76.2,30.9,6.6,17.599999999999998,27.09010745877705,136.6,27.263634867462486,0.9093004565486694,1.1718195901466562,6.5048606505669415,1,2.683871736422626
Nova Scotia,NS,2020,5,2020-05,25-29,19.2,80.5,36.0,3.9,9.774436090225564,27.212007105869073,136.5,27.40637858519671,0.9111874890806639,1.171029878690028,6.5048606505669415,1,2.0790794358364972
Nova Scotia,NS,2020,6,2020-06,25-29,18.2,86.7,39.3,4.3,9.862385321100918,27.326182555472954,137.6,27.30135862509916,0.9131856175171991,1.1705734150676346,6.5048606505669415,1,1.2464465087531877
Nova Scotia,NS,2020,7,2020-07,25-29,14.7,86.2,40.5,4.8,10.596026490066226,27.43,137.8,27.365306603773583,0.9152719665271967,1.1705490848585691,6.5048606505669415,1,0.9402538321734513
Nova Scotia,NS,2020,8,2020-08,25-29,15.1,87.1,41.1,4.6,10.065645514223194,27.52155527365859,137.5,27.516551354517922,0.9174224621347578,1.171020169178879,6.5048606505669415,1,0.8545953516899094
Nova Scotia,NS,2020,9,2020-09,25-29,11.7,84.0,37.9,8.1,17.60869565217391,27.60186277784146,137.5,27.5968442573364,0.919608235784636,1.1719075312924527,6.5048606505669415,1,0.8683104381316662
Nova Scotia,NS,2020,10,2020-10,25-29,11.8,84.8,39.9,6.5,14.008620689655174,27.672666555736857,138.4,27.487715569002344,0.9217992202767304,1.1730964300001285,6.5048606505669415,1,0.7961354890329163
Nova Scotia,NS,2020,11,2020-11,25-29,6.3,84.2,39.1,9.8,20.040899795501023,27.735710650533683,138.7,27.490748534117653,0.9239653484109576,1.1744721241027523,6.5048606505669415,1,0.304764155460764
Nova Scotia,NS,2020,12,2020-12,25-29,9.8,83.9,37.5,9.5,20.212765957446805,27.79273910542074,138.7,27.547273313033283,0.926076552987234,1.1759198724011721,6.5048606505669415,1,0.691963874344747
Nova Scotia,NS,2021,1,2021-01,25-29,8.0,86.2,39.8,9.4,19.10569105691057,27.845495963586398,140.3,27.284815093328866,0.9281027668054591,1.1773249336962237,6.60060725586754,1,0.26446239650421877
Nova Scotia,NS,2021,2,2021-02,25-29,8.8,85.4,41.5,7.0,14.432989690721648,27.89572526821948,140.8,27.23696613102608,0.9300139226655494,1.1785725667887548,6.60060725586754,1,0.44816584882108074
Nova Scotia,NS,2021,3,2021-03,25-29,11.4,88.5,42.5,6.6,13.441955193482688,27.94517106250879,141.8,27.09282363764736,0.9317799533674204,1.1795480304796118,6.60060725586754,1,0.3604669325461068
Nova Scotia,NS,2021,4,2021-04,25-29,8.0,86.1,42.8,6.8,13.70967741935484,27.995577389642737,142.3,27.046324677731093,0.933370791710973,1.1801365835696325,6.60060725586754,1,0.3059446947304933
Nova Scotia,NS,2021,5,2021-05,25-29,12.9,87.8,43.9,4.2,8.731808731808732,28.04868829281011,143.1,26.94614551400468,0.9347563704961234,1.1802234848596647,6.60060725586754,1,0.6160494162902296
Nova Scotia,NS,2021,6,2021-06,25-29,6.9,89.4,45.8,6.8,12.927756653992398,28.106247815199747,143.2,26.98258672063258,0.935906622522785,1.1796939931505492,6.60060725586754,1,-0.19436975030307693
Nova Scotia,NS,2021,7,2021-07,25-29,6.3,88.3,44.8,7.4,14.176245210727972,28.17,144.2,26.856246532593623,0.9367914805908623,1.178433367243133,6.60060725586754,1,-0.10828476508524143
Nova Scotia,NS,2021,8,2021-08,25-29,6.3,87.8,43.3,8.8,16.890595009596932,28.241328424192332,144.5,26.868350346822428,0.9373875992573854,1.176372330630989,6.60060725586754,1,-0.04984046360522391
Nova Scotia,NS,2021,9,2021-09,25-29,9.4,86.9,42.6,7.4,14.800000000000002,28.32017479992883,144.6,26.92473050221449,0.9376985201078444,1.1736234655786018,6.60060725586754,1,0.3683665061466641
Nova Scotia,NS,2021,10,2021-10,25-29,11.1,84.9,39.2,8.8,18.333333333333336,28.40612037315356,145.9,26.765808076074606,0.9377345064848432,1.170344819043208,6.60060725586754,1,0.8017803266696024
Nova Scotia,NS,2021,11,2021-11,25-29,9.6,84.8,40.7,8.1,16.598360655737704,28.49874638981123,146.0,26.834692876296565,0.9375058217309885,1.1666944379820239,6.60060725586754,1,0.6517244123701297
Nova Scotia,NS,2021,12,2021-12,25-29,8.8,81.7,39.6,8.0,16.806722689075627,28.597634095846626,145.4,27.038925359879745,0.937022729188884,1.1628303693522604,6.60060725586754,1,0.9162222276462012
Nova Scotia,NS,2022,1,2022-01,25-29,8.8,83.0,41.9,6.8,13.963039014373718,28.70236473720371,147.2,26.80609777341766,0.9362954922011378,1.1589106601111618,6.693332447946064,1,0.7891689070732989
Nova Scotia,NS,2022,2,2022-02,25-29,5.2,86.0,44.0,8.6,16.349809885931556,28.812519559827248,148.8,26.619631226392812,0.9353343741103545,1.1550933572159394,6.693332447946064,1,0.08412168889985883
Nova Scotia,NS,2022,3,2022-03,25-29,6.5,88.1,45.3,8.0,15.0093808630394,28.927679809662056,151.4,26.26705932518686,0.9341496382591361,1.1515365076238064,6.693332447946064,1,0.009026395812831453
Nova Scotia,NS,2022,4,2022-04,25-29,7.2,88.2,46.2,7.0,13.157894736842104,29.047426732652013,152.4,26.202723031964144,0.9327515479900943,1.1483981582920046,6.693332447946064,1,0.07663970104205531
Nova Scotia,NS,2022,5,2022-05,25-29,5.8,90.4,49.8,5.7,10.27027027027027,29.171341574741927,155.7,25.75677702625335,0.9311503666458318,1.1458363561777458,6.693332447946064,1,-0.27524159487390293
Nova Scotia,NS,2022,6,2022-06,25-29,6.5,89.2,50.4,4.3,7.861060329067642,29.29900558187665,156.5,25.737257459223592,0.929356357568949,1.1440091482382486,6.693332447946064,1,-0.057323703058157184
Nova Scotia,NS,2022,7,2022-07,25-29,5.7,87.9,51.2,3.4,6.227106227106226,29.43,156.7,25.819331525207403,0.9273797841020609,1.1430745814307457,6.693332447946064,1,0.006493179556978923
Nova Scotia,NS,2022,8,2022-08,25-29,7.5,88.2,48.9,5.1,9.444444444444445,29.56394700179384,155.7,26.103427193780398,0.9252345878588879,1.1431456885289248,6.693332447946064,1,0.11962463380901793
Nova Scotia,NS,2022,9,2022-09,25-29,6.1,86.9,45.5,8.9,16.360294117647058,29.700632466888177,155.2,26.308598249906264,0.9229494235376263,1.1441554455723721,6.693332447946064,1,0.10680806384812702
Nova Scotia,NS,2022,10,2022-10,25-29,7.8,90.1,47.0,8.4,15.162454873646212,29.839883201648913,157.1,26.11227207604509,0.9205566241076104,1.145991814417136,6.693332447946064,1,-0.07854065063194875
Nova Scotia,NS,2022,11,2022-11,25-29,5.7,89.4,49.0,7.5,13.274336283185843,29.981526012443094,158.5,26.004481315839836,0.9180885225381562,1.1485427569192717,6.693332447946064,1,-0.19622779193531578
Nova Scotia,NS,2022,12,2022-12,25-29,5.5,90.0,48.7,8.4,14.711033274956216,30.12538770563775,156.4,26.48010022271451,0.9155774517985786,1.1516962349348432,6.693332447946064,1,-0.34744692574137814
Nova Scotia,NS,2023,1,2023-01,25-29,4.2,90.7,51.3,7.4,12.606473594548554,30.271295087598762,157.3,26.45611120259148,0.9130557448582137,1.1553402103198869,6.901486697594028,1,-0.5614530134450127
Nova Scotia,NS,2023,2,2023-02,25-29,6.8,86.3,49.7,5.1,9.306569343065691,30.419074964693174,158.4,26.40064602759592,0.9105557346863765,1.159362644930465,6.901486697594028,1,0.2389990307850006
Nova Scotia,NS,2023,3,2023-03,25-29,6.2,87.4,49.2,7.1,12.611012433392538,30.568554143288047,158.4,26.530378666973004,0.9081097542523822,1.163651500622643,6.901486697594028,1,0.029674357619240532
Nova Scotia,NS,2023,4,2023-04,25-29,9.4,89.3,46.7,9.0,16.15798922800718,30.719559429749225,159.3,26.510806231040643,0.9057501365255665,1.168094739252452,6.901486697594028,1,0.13183878570229154
Nova Scotia,NS,2023,5,2023-05,25-29,6.2,86.2,48.0,8.1,14.43850267379679,30.87191763044377,158.8,26.726176802551993,0.9035092144752443,1.1725803226759572,6.901486697594028,1,0.1493188675208608
Nova Scotia,NS,2023,6,2023-06,25-29,7.0,87.7,48.0,8.9,15.641476274165203,31.025455551738755,159.4,26.757995620923996,0.9014193210707323,1.1769962127492244,6.901486697594028,1,0.047440403237666705
Nova Scotia,NS,2023,7,2023-07,25-29,8.5,88.6,49.9,7.0,12.302284710017574,31.18,162.1,26.443371375694014,0.899512789281364,1.181230371328284,6.901486697594028,1,0.13198098176320247
Nova Scotia,NS,2023,8,2023-08,25-29,7.6,89.0,54.0,4.0,6.896551724137931,31.335377781594577,163.0,26.42841141426205,0.8978219520764553,1.1851707602692014,6.901486697594028,1,-0.006236973115621473
Nova Scotia,NS,2023,9,2023-09,25-29,7.5,85.8,50.7,5.7,10.106382978723403,31.491415702889565,162.7,26.608988160754414,0.8963791424253247,1.1887053414280404,6.901486697594028,1,0.34481966215460164
Nova Scotia,NS,2023,10,2023-10,25-29,4.5,84.8,52.0,5.9,10.189982728842834,31.64794057025077,162.2,26.82367835940336,0.8952166932973019,1.1917220766608352,6.901486697594028,1,0.13110096282253247
Nova Scotia,NS,2023,11,2023-11,25-29,4.9,84.6,53.0,4.8,8.304498269896193,31.80477919004528,162.5,26.906843194778308,0.8943669376617049,1.1941089278236503,6.901486697594028,1,0.1857325032047091
Nova Scotia,NS,2023,12,2023-12,25-29,5.5,85.9,52.6,6.1,10.39182282793867,31.96175836864017,162.1,27.106370954526877,0.8938622084878546,1.1957538567725432,6.901486697594028,1,0.06661995430665675
Nova Scotia,NS,2024,1,2024-01,25-29,7.6,83.3,50.1,6.2,11.012433392539963,32.118704912401235,162.0,27.256289863162714,0.8937348387450759,1.1965448253635587,7.231736409150982,1,0.5747088892734831
Nova Scotia,NS,2024,2,2024-02,25-29,6.3,83.9,49.3,8.5,14.705882352941178,32.27544562769557,162.8,27.25471061220791,0.8940171614026885,1.1963697954527566,7.231736409150982,1,0.36991962539579754
Nova Scotia,NS,2024,3,2024-03,25-29,8.2,85.7,49.2,9.0,15.463917525773196,32.43180732089025,163.7,27.236180277577198,0.8947415094300176,1.1951167288961857,7.231736409150982,1,0.35088825640287924
Nova Scotia,NS,2024,4,2024-04,25-29,5.6,89.1,55.2,7.5,11.961722488038278,32.58761679835108,164.3,27.26708837098791,0.895940215796381,1.1926735875499073,7.231736409150982,1,-0.3266444627925791
Nova Scotia,NS,2024,5,2024-05,25-29,7.9,90.8,55.2,7.4,11.821086261980831,32.74270086644514,164.7,27.330314521035493,0.8976456134711019,1.1889283332699732,7.231736409150982,1,-0.30285835651015697
Nova Scotia,NS,2024,6,2024-06,25-29,7.8,90.3,53.6,9.1,14.513556618819775,32.896886331539505,165.0,27.409087566232685,0.8998900354235092,1.183768927912421,7.231736409150982,1,-0.26289403769011155
Nova Scotia,NS,2024,7,2024-07,25-29,8.0,88.6,54.6,7.1,11.507293354943272,33.04999999999999,165.9,27.387273960216987,0.9027058146229131,1.1770833333333335,7.231736409150982,1,-0.035926324793184916
Nova Scotia,NS,2024,8,2024-08,25-29,9.0,89.1,54.5,7.1,11.525974025974026,33.201868678193684,165.0,27.663193312331373,0.9061252840386402,1.1687595113887521,7.231736409150982,1,-0.027640274323231646
Nova Scotia,NS,2024,9,2024-09,25-29,7.8,87.8,54.3,7.4,11.993517017828202,33.35231917248763,164.1,27.940951116622408,0.9101807766400252,1.1586854239347015,7.231736409150982,1,-0.028963609088899406
Nova Scotia,NS,2024,10,2024-10,25-29,5.3,88.4,55.8,8.1,12.676056338028168,33.50117828924768,164.6,27.98040392050015,0.9149046253963673,1.1467490328272905,7.231736409150982,1,-0.3616474432561099
Nova Scotia,NS,2024,11,2024-11,25-29,6.3,89.8,56.8,7.5,11.66407465007776,33.64827283484089,165.2,28.001188304901643,0.9203291632769993,1.1328382999225475,7.231736409150982,1,-0.42970302167974944
Nova Scotia,NS,2024,12,2024-12,25-29,5.8,89.5,58.5,6.1,9.442724458204335,33.79342961563431,163.6,28.39701550372449,0.9264867232512606,1.1168411870764805,7.231736409150982,1,-0.4938652466881386
Ontario,ON,2015,1,2015-01,20-24,14.0,72.8,316.1,271.0,46.159087037983305,13.452133502232911,125.3,14.761023586947381,0.9522267743846062,1.2059770064166047,6.921742791550228,0,0.9684540197209563
Ontario,ON,2015,2,2015-02,20-24,12.5,72.1,321.9,269.7,45.58823529411765,13.673166383643059,126.2,14.896564458777524,0.9513450572860305,1.205031348468568,6.921742791550228,0,0.8628948914980249
Ontario,ON,2015,3,2015-03,20-24,11.1,72.3,322.9,278.5,46.30861323578318,13.869747912346273,127.1,15.003735300668842,0.9504930468649327,1.2043525115259857,6.921742791550228,0,0.7204395524296688
Ontario,ON,2015,4,2015-04,20-24,11.8,72.7,342.9,257.1,42.85,14.043300063337343,126.9,15.215419473667113,0.9496718350731117,1.203917250532028,6.921742791550228,0,0.6961291554407169
Ontario,ON,2015,5,2015-05,20-24,11.8,80.6,432.6,232.9,34.996243425995495,14.195244811612698,127.7,15.283695128347555,0.9488825138623592,1.2037023204298598,6.921742791550228,0,0.22700696161765363
Ontario,ON,2015,6,2015-06,20-24,10.4,81.4,487.4,195.1,28.586080586080588,14.327004132168534,128.2,15.365395292293854,0.9481261751844672,1.2036844761626482,6.921742791550228,0,0.056657759087056205
Ontario,ON,2015,7,2015-07,20-24,10.7,83.0,506.7,187.6,27.020020164194154,14.44,128.4,15.462458463136032,0.947403910991234,1.2038404726735599,6.921742791550228,0,-0.03707791772629513
Ontario,ON,2015,8,2015-08,20-24,11.5,82.3,509.9,173.1,25.34407027818448,14.535654390103337,128.0,15.613526157702799,0.9467168132344517,1.2041470649057613,6.921742791550228,0,0.02425591215659399
Ontario,ON,2015,9,2015-09,20-24,11.5,71.4,379.5,213.4,35.99257884972171,14.615389277474607,127.8,15.723742024586175,0.9460659738659124,1.2045810078024206,6.921742791550228,0,0.6199434070426417
Ontario,ON,2015,10,2015-10,20-24,12.6,72.3,371.1,221.5,37.377657779277754,14.68062663710924,127.9,15.781577983168187,0.9454524848374142,1.205119056306702,6.921742791550228,0,0.6355599073093764
Ontario,ON,2015,11,2015-11,20-24,10.6,71.3,365.8,232.4,38.84988298228017,14.732788444003333,127.9,15.837651585718724,0.9448774381007491,1.2057379653617737,6.921742791550228,0,0.5300809790891264
Ontario,ON,2015,12,2015-12,20-24,9.9,69.8,354.2,236.3,40.01693480101609,14.773296673152844,127.5,15.93102103335613,0.9443419256077097,1.2064144899108042,6.921742791550228,0,0.5403371341440516
Ontario,ON,2016,1,2016-01,20-24,10.9,68.2,348.0,222.7,39.02225337305064,14.803573299553417,127.8,15.926196913754033,0.9438470393100933,1.2071253848969568,6.906719994234857,0,0.7073428483281882
Ontario,ON,2016,2,2016-02,20-24,11.2,67.7,336.6,228.0,40.382571732199786,14.825040298201037,128.2,15.899528073324163,0.9433938711596923,1.2078474052633996,6.906719994234857,0,0.7649529283517192
Ontario,ON,2016,3,2016-03,20-24,11.1,68.6,344.8,228.6,39.867457272410185,14.839119644091598,129.0,15.815932494048274,0.9429835131082998,1.2085573059533017,6.906719994234857,0,0.7271390129192062
Ontario,ON,2016,4,2016-04,20-24,11.0,70.8,352.1,241.0,40.633957174169616,14.847233312220887,129.6,15.751318313935984,0.9426170571077122,1.2092318419098256,6.906719994234857,0,0.6101731344709604
Ontario,ON,2016,5,2016-05,20-24,12.5,78.3,425.6,219.8,34.05639913232103,14.850803277584808,130.1,15.694555680045593,0.9422955951097222,1.2098477680761406,6.906719994234857,0,0.30688179927034603
Ontario,ON,2016,6,2016-06,20-24,12.5,80.5,460.4,204.0,30.70439494280554,14.851251515179227,130.4,15.658921187943639,0.9420202190661235,1.2103818393954144,6.906719994234857,0,0.1900298510127377
Ontario,ON,2016,7,2016-07,20-24,10.9,80.0,486.6,186.9,27.750556792873056,14.85,130.3,15.669618188795086,0.9417920209287116,1.2108108108108109,6.906719994234857,0,0.09710647497465562
Ontario,ON,2016,8,2016-08,20-24,11.2,81.1,501.2,180.6,26.488706365503077,14.848470707042996,129.9,15.716250846516704,0.9416120926492798,1.2111114372654985,6.906719994234857,0,0.0446971269846668
Ontario,ON,2016,9,2016-09,20-24,11.4,72.4,385.6,223.4,36.68308702791461,14.848085611304079,130.1,15.691683608820526,0.9414815261796219,1.2112604737026444,6.906719994234857,0,0.5634046109954772
Ontario,ON,2016,10,2016-10,20-24,10.5,74.1,372.7,258.0,40.906928809259554,14.850266687779113,130.6,15.633904420729175,0.9414014134715327,1.2112346750654146,6.906719994234857,0,0.4139023837658713
Ontario,ON,2016,11,2016-11,20-24,8.7,74.3,378.2,268.1,41.48228376914746,14.856435911463958,130.2,15.688449571380177,0.9413728464768061,1.2110107962969758,6.906719994234857,0,0.25502017568200014
Ontario,ON,2016,12,2016-12,20-24,8.5,73.2,370.4,268.8,42.052565707133915,14.868015257354514,130.0,15.724832290454623,0.941396917147236,1.210565592340494,6.906719994234857,0,0.29390827829004745
Ontario,ON,2017,1,2017-01,20-24,11.7,73.0,359.8,257.5,41.71391543819861,14.886426700446583,130.8,15.64800931005786,0.9414747174346165,1.2098758181391382,6.983478849556334,0,0.5623838732338394
Ontario,ON,2017,2,2017-02,20-24,9.8,70.9,347.8,265.2,43.2626427406199,14.913092215736047,131.2,15.628246218713736,0.9416073392907418,1.2089182286360742,6.983478849556334,0,0.5463897874999648
Ontario,ON,2017,3,2017-03,20-24,10.7,71.1,346.7,263.0,43.13596850910283,14.949433778218886,131.4,15.642485280747932,0.9417958746674066,1.207669578774465,6.983478849556334,0,0.5981954686821817
Ontario,ON,2017,4,2017-04,20-24,9.3,69.1,345.1,258.2,42.797944637825296,14.99687336289076,132.0,15.620796314036278,0.9420414155164037,1.2061066234974842,6.983478849556334,0,0.6140999909045078
Ontario,ON,2017,5,2017-05,20-24,10.8,79.8,454.2,232.6,33.867210250436806,15.056832944747619,131.9,15.695140684571076,0.9423450537895279,1.2042061177482957,6.983478849556334,0,0.09468000374148049
Ontario,ON,2017,6,2017-06,20-24,10.1,80.8,476.8,225.2,32.07977207977208,15.130734498785545,132.1,15.748296019143497,0.9427078814385745,1.2019448164700595,6.983478849556334,0,-0.02792070637727458
Ontario,ON,2017,7,2017-07,20-24,9.1,79.9,518.2,185.4,26.350198976691303,15.22,131.9,15.865224917867074,0.9431309904153354,1.1992994746059544,6.983478849556334,0,-0.08021019309843076
Ontario,ON,2017,8,2017-08,20-24,7.8,79.7,508.2,205.9,28.83349670914438,15.32535861505783,131.8,15.987170699913957,0.9436109767838309,1.196268928460041,6.983478849556334,0,-0.19608652941071592
Ontario,ON,2017,9,2017-09,20-24,10.0,72.1,398.7,233.9,36.974391400569075,15.444768277309256,132.3,16.050846044805077,0.9441264530569826,1.1929403397799698,6.983478849556334,0,0.38596347035013157
Ontario,ON,2017,10,2017-10,20-24,8.1,73.3,410.4,248.3,37.69546075603461,15.575494111774304,132.3,16.186701773126998,0.944651535859933,1.1894229516743189,6.983478849556334,0,0.14193533332727948
Ontario,ON,2017,11,2017-11,20-24,9.4,74.1,412.6,245.5,37.30436103935572,15.714801243473964,132.7,16.282247281843567,0.9451603418178289,1.1858260072516391,6.983478849556334,0,0.16860963790475847
Ontario,ON,2017,12,2017-12,20-24,9.0,73.0,394.1,258.7,39.62928921568628,15.859954797429317,132.0,16.51978498754964,0.945626987555817,1.18225874962048,6.983478849556334,0,0.14188587360667684
Ontario,ON,2018,1,2018-01,20-24,9.9,69.0,368.9,243.9,39.80091383812011,16.008219898660254,133.2,16.52400025700673,0.9460255896990398,1.1788304218894203,7.081615043639358,0,0.43646823631475207
Ontario,ON,2018,2,2018-02,20-24,8.9,68.6,381.9,236.0,38.19388250525975,16.15686167218784,134.0,16.577864473223084,0.9463302648726445,1.1756502671670104,7.081615043639358,0,0.3714913990789135
Ontario,ON,2018,3,2018-03,20-24,8.4,70.5,387.2,252.2,39.44322802627463,16.303145243033153,134.6,16.653392357900202,0.9465151297017763,1.1728275285618017,7.081615043639358,0,0.20661683670689923
Ontario,ON,2018,4,2018-04,20-24,7.4,68.6,415.8,215.4,34.125475285171106,16.444335736216075,134.8,16.772693824915244,0.94655430081158,1.1704714491823696,7.081615043639358,0,0.21093040563661192
Ontario,ON,2018,5,2018-05,20-24,12.3,77.9,492.4,188.3,27.66270016159835,16.57769827675769,134.9,16.896185067224188,0.9464218948272014,1.1686912721372649,7.081615043639358,0,0.011694438977860303
Ontario,ON,2018,6,2018-06,20-24,10.6,80.4,524.4,192.9,26.892513592639066,16.700497989678993,135.3,16.971022193379756,0.9460920283737847,1.1675962405350455,7.081615043639358,0,-0.27644561683704966
Ontario,ON,2018,7,2018-07,20-24,8.9,82.3,554.6,195.8,26.092750533049035,16.81,136.0,16.9943743872549,0.9455388180764773,1.1672955974842767,7.081615043639358,0,-0.5172731012894686
Ontario,ON,2018,8,2018-08,20-24,8.9,79.9,532.2,196.7,26.98586911784881,16.904209416058524,135.9,17.102192246477163,0.9447511039827396,1.1678584574681945,7.081615043639358,0,-0.4071953016620397
Ontario,ON,2018,9,2018-09,20-24,11.5,70.5,387.6,238.8,38.12260536398467,16.984091279459417,135.2,17.27197497656564,0.9437766198292936,1.169193420468764,7.081615043639358,0,0.28074931878077586
Ontario,ON,2018,10,2018-10,20-24,11.0,70.4,393.9,234.4,37.30701893999682,17.051350615123667,135.6,17.289222824417735,0.9426778227751851,1.1711689578426197,7.081615043639358,0,0.24498441820131076
Ontario,ON,2018,11,2018-11,20-24,8.6,69.5,381.9,255.6,40.09411764705882,17.107692447972944,135.1,17.41054883414172,0.9415171699794527,1.173653540946406,7.081615043639358,0,0.08761350227147395
Ontario,ON,2018,12,2018-12,20-24,7.2,68.8,381.3,260.3,40.57044887780549,17.154821802928797,135.0,17.471444748550756,0.9403571186011334,1.1765156411367719,7.081615043639358,0,0.008316582642863205
Ontario,ON,2019,1,2019-01,20-24,10.7,68.3,367.7,245.6,40.045654655144304,17.194443704912402,135.2,17.485892917119685,0.9392601257992746,1.1796237297703436,7.092842417075026,0,0.29320134744502635
Ontario,ON,2019,2,2019-02,20-24,10.1,70.4,390.4,246.4,38.69346733668342,17.228263178845328,136.0,17.417225134054476,0.9382886487329135,1.1828462782037699,7.092842417075026,0,0.14584570155994528
Ontario,ON,2019,3,2019-03,20-24,10.1,72.5,395.5,260.1,39.67358145210495,17.257985249649078,137.0,17.31992084148176,0.937505144561089,1.1860517577937009,7.092842417075026,0,0.05027546787385299
Ontario,ON,2019,4,2019-04,20-24,9.3,72.6,408.2,255.0,38.44993968636912,17.285314942244934,137.4,17.296846872398056,0.9369720704428461,1.18910863989676,7.092842417075026,0,-0.009034803614254386
Ontario,ON,2019,5,2019-05,20-24,11.5,81.2,499.3,224.8,31.04543571329927,17.311957281554402,138.1,17.2356977545478,0.9367518835372227,1.1918853958695983,7.092842417075026,0,-0.3221552453453784
Ontario,ON,2019,6,2019-06,20-24,9.3,80.0,504.2,226.8,31.025991792065668,17.339617292499,138.0,17.27574551382494,0.9369070410032608,1.1942504970688625,7.092842417075026,0,-0.42700304581161364
Ontario,ON,2019,7,2019-07,20-24,9.1,80.6,536.5,202.5,27.40189445196211,17.37,138.8,17.206269812680116,0.9375,1.1960724148511812,7.092842417075026,0,-0.4586459619447047
Ontario,ON,2019,8,2019-08,20-24,9.2,81.3,555.6,190.5,25.532770406111784,17.40443566515205,138.5,17.277724671440655,0.9385673682465772,1.1972583521348612,7.092842417075026,0,-0.5092912857132257
Ontario,ON,2019,9,2019-09,20-24,11.2,71.1,425.9,212.8,33.31767653045248,17.442755493742375,137.5,17.441698357045787,0.9400423557025195,1.197870438084836,7.092842417075026,0,0.1813211853690698
Ontario,ON,2019,10,2019-10,20-24,9.3,71.2,408.9,244.5,37.41965105601469,17.48441592773102,137.9,17.432643122530465,0.9418323228874376,1.198009533427693,7.092842417075026,0,0.03678128611342335
Ontario,ON,2019,11,2019-11,20-24,9.8,72.5,404.8,257.8,38.907334741925744,17.52887340907834,137.7,17.50235308499053,0.9438446303209539,1.1977764988900264,7.092842417075026,0,-0.018038530604663244
Ontario,ON,2019,12,2019-12,20-24,8.5,71.0,409.3,250.3,37.94724075197089,17.57558437974471,137.8,17.53625826568747,0.9459866385226933,1.1972721951984242,7.092842417075026,0,-0.037336747820426876
Ontario,ON,2020,1,2020-01,20-24,8.8,69.1,399.4,240.4,37.57424195060957,17.624005281690142,138.0,17.559085938563143,0.948165708012263,1.1965974830794806,6.946268313555837,1,0.08786599385841658
Ontario,ON,2020,2,2020-02,20-24,9.3,70.9,398.0,255.0,39.05053598774885,17.673592556875008,138.7,17.519622902900792,0.9502891993092873,1.1958532232597856,6.946268313555837,1,0.03199363674645476
Ontario,ON,2020,3,2020-03,20-24,14.3,65.4,367.0,202.9,35.602737322337255,17.7238026472597,137.9,17.671320998134988,0.9522644729333906,1.1951402764659278,6.946268313555837,1,0.6796523843048483
Ontario,ON,2020,4,2020-04,20-24,23.6,58.7,312.5,143.1,31.409130816505705,17.774091994804195,137.3,17.798904092150668,0.9539988894041809,1.1945595034245022,6.946268313555837,1,1.7213805116044936
Ontario,ON,2020,5,2020-05,20-24,31.9,69.4,350.7,130.1,27.059068219633946,17.823917041468885,137.5,17.822836804072434,0.9553998092412825,1.194211764862098,6.946268313555837,1,1.7196874880625899
Ontario,ON,2020,6,2020-06,20-24,29.6,76.2,390.8,153.8,28.240910760190967,17.87273422921416,138.6,17.729812532936776,0.9563745929643165,1.194197921505306,6.946268313555837,1,1.1833781233360205
Ontario,ON,2020,7,2020-07,20-24,27.4,79.1,403.5,179.7,30.812757201646086,17.92,138.8,17.75108549471662,0.9568306010928962,1.1946188340807173,6.946268313555837,1,0.8487407503480954
Ontario,ON,2020,8,2020-08,20-24,23.8,78.6,429.8,177.9,29.274312983379957,17.965351164073763,138.6,17.821688844159034,0.9567055956681105,1.1955440455176316,6.946268313555837,1,0.5921695632550513
Ontario,ON,2020,9,2020-09,20-24,20.5,71.5,380.0,196.3,34.0621204233906,18.00914600483059,138.3,17.903886474674614,0.9560589448169089,1.1969178275561898,6.946268313555837,1,0.7324838959716095
Ontario,ON,2020,10,2020-10,20-24,18.7,71.4,384.2,203.6,34.6376318475672,18.051923173952254,138.9,17.868891315517054,0.9549804181877134,1.1986531341392297,6.946268313555837,1,0.6133564969545066
Ontario,ON,2020,11,2020-11,20-24,16.7,71.1,393.9,203.7,34.08634538152611,18.094221323120863,139.0,17.89787515648508,0.9535597854289413,1.2006629192095999,6.946268313555837,1,0.4746720850215076
Ontario,ON,2020,12,2020-12,20-24,17.0,71.4,375.8,221.1,37.04138046573966,18.136579104018534,138.8,17.965623117027004,0.951886816189006,1.2028601367101528,6.946268313555837,1,0.46269596876448577
Ontario,ON,2021,1,2021-01,20-24,22.0,66.9,356.7,167.4,31.940469376073267,18.179535168327035,139.5,17.917810677552435,0.9500512801163352,1.2051577405837217,6.662562233501553,1,1.1034967614475382
Ontario,ON,2021,2,2021-02,20-24,19.7,67.9,353.4,191.7,35.16785910842048,18.223628167728478,140.2,17.87159065260058,0.9481429468593432,1.207468684773158,6.662562233501553,1,0.8871470768032358
Ontario,ON,2021,3,2021-03,20-24,12.7,68.0,356.3,234.8,39.72255117577398,18.269396753904985,141.0,17.81482133821976,0.9462515860664431,1.2097059232213137,6.662562233501553,1,0.3758924832662856
Ontario,ON,2021,4,2021-04,20-24,18.2,67.5,338.6,209.1,38.17783458097498,18.317379578538304,141.8,17.760839543153708,0.944466967386064,1.2117824098710217,6.662562233501553,1,0.8265758781515368
Ontario,ON,2021,5,2021-05,20-24,22.5,75.0,398.4,175.3,30.556039742025447,18.368115293310552,142.6,17.710117708294227,0.9428788604666187,1.213611098665134,6.662562233501553,1,0.729703984361191
Ontario,ON,2021,6,2021-06,20-24,15.8,78.1,455.7,192.1,29.654214263661625,18.422142549903885,143.1,17.700147328841386,0.9415770349565228,1.2151049435465002,6.662562233501553,1,0.05731477677725664
Ontario,ON,2021,7,2021-07,20-24,13.9,79.9,498.8,178.7,26.376383763837634,18.48,143.7,17.68160055671538,0.9406512605042018,1.2161768984579573,6.662562233501553,1,-0.18207302129041383
Ontario,ON,2021,8,2021-08,20-24,11.9,80.0,509.7,183.8,26.503244412400868,18.54205319707118,144.1,17.691726561327634,0.9401664897612796,1.2167642114387516,6.662562233501553,1,-0.3388796096266153
Ontario,ON,2021,9,2021-09,20-24,11.0,73.7,414.5,231.3,35.81604211830288,18.607975301750344,144.4,17.71773917956942,0.9400884073922211,1.2169013069137076,6.662562233501553,1,-0.051911636946375385
Ontario,ON,2021,10,2021-10,20-24,9.2,72.3,390.0,256.6,39.68450355706774,18.67726637645998,145.7,17.625041062984057,0.9403578810647012,1.2166469034040448,6.662562233501553,1,-0.08211621118507036
Ontario,ON,2021,11,2021-11,20-24,9.8,73.1,397.2,253.2,38.92988929889299,18.74942648362314,146.0,17.656780111489624,0.9409157784463935,1.216059719430985,6.662562233501553,1,-0.09132714779950035
Ontario,ON,2021,12,2021-12,20-24,8.1,73.6,392.6,275.0,41.192330736968245,18.823955685662902,146.0,17.72696603069362,0.9417029672049746,1.2151984735157462,6.662562233501553,1,-0.2638900520481329
Ontario,ON,2022,1,2022-01,20-24,14.6,72.0,380.5,226.8,37.34562819035074,18.900354045001716,147.4,17.629858739737863,0.9426603150081144,1.2141218841795536,6.78575566534238,1,0.3348630209498666
Ontario,ON,2022,2,2022-02,20-24,10.8,73.6,399.4,249.5,38.44968408075204,18.97812162406266,148.8,17.53584389983254,0.9437286895234891,1.2128886699436257,6.78575566534238,1,-0.015145773359184581
Ontario,ON,2022,3,2022-03,20-24,9.5,73.4,403.5,252.9,38.52833638025594,19.05675848526881,150.8,17.37497006235909,0.9448489584187761,1.211557549329179,6.78575566534238,1,-0.05965640204032755
Ontario,ON,2022,4,2022-04,20-24,10.0,72.2,394.2,248.7,38.68408772748484,19.1357646910426,151.6,17.354935226336405,0.9459619893616437,1.210187240857442,6.78575566534238,1,0.051174020868238
Ontario,ON,2022,5,2022-05,20-24,9.9,79.8,500.9,209.7,29.510273008725026,19.214640303807112,153.7,17.18837293279731,0.9470086500197687,1.2088364630496309,6.78575566534238,1,-0.34895603176307244
Ontario,ON,2022,6,2022-06,20-24,9.3,81.8,543.0,190.8,26.00163532297629,19.292885385985436,154.4,17.180122840207993,0.9479298080608282,1.2075639344269635,6.78575566534238,1,-0.5058370909523338
Ontario,ON,2022,7,2022-07,20-24,9.2,80.7,548.4,176.7,24.369052544476624,19.37,154.6,17.22647854678741,0.9486663311524912,1.2064283735106676,6.78575566534238,1,-0.4620389742270841
Ontario,ON,2022,8,2022-08,20-24,8.3,80.3,551.9,177.5,24.33506992048259,19.445620075418947,154.1,17.349842398028187,0.9491724892734569,1.2054779669667013,6.78575566534238,1,-0.5371265421241075
Ontario,ON,2022,9,2022-09,20-24,10.9,70.9,431.1,195.4,31.18914604948125,19.519925010390626,154.1,17.416139019383245,0.9494561616465108,1.2047187740399945,6.78575566534238,1,0.1769313988594805
Ontario,ON,2022,10,2022-10,20-24,11.0,72.4,406.9,233.0,36.41193936552586,19.593230070207834,155.2,17.357640835929935,0.949538629805459,1.2041463221202235,6.78575566534238,1,0.11331657554873505
Ontario,ON,2022,11,2022-11,20-24,9.6,71.7,417.3,227.6,35.29229337881842,19.665850520163982,155.4,17.39955318169163,0.9494411752841097,1.2037561385970588,6.78575566534238,1,0.03880990283502883
Ontario,ON,2022,12,2022-12,20-24,7.8,72.2,434.0,229.8,34.618861102741796,19.738101625552464,154.8,17.531165951765185,0.9491850796162694,1.2035437508601727,6.78575566534238,1,-0.15667979951131475
Ontario,ON,2023,1,2023-01,20-24,10.7,72.1,397.9,245.3,38.13743781094527,19.8102986516661,155.7,17.49358367875396,0.9487916243357468,1.20350468629924,7.036496637993675,1,0.0738940712121039
Ontario,ON,2023,2,2023-02,20-24,8.9,73.4,430.3,241.2,35.91958302308265,19.88275686379828,156.4,17.478985800075012,0.9482820909763489,1.2036344723039318,7.036496637993675,1,-0.13046274344821104
Ontario,ON,2023,3,2023-03,20-24,8.6,73.3,428.6,247.7,36.62575779979299,19.955791527242415,157.3,17.44281650815706,0.9476777610718812,1.203928636263922,7.036496637993675,1,-0.13789542555279766
Ontario,ON,2023,4,2023-04,20-24,9.2,74.0,415.3,266.2,39.0608950843727,20.02971790729131,157.9,17.440907523348077,0.9469999161561543,1.2043827055688827,7.036496637993675,1,-0.13289556171959804
Ontario,ON,2023,5,2023-05,20-24,12.1,79.7,486.4,226.7,31.790772682653206,20.104851269238367,158.5,17.440059994277803,0.9462698377629742,1.2049922076084865,7.036496637993675,1,-0.24336130589752272
Ontario,ON,2023,6,2023-06,20-24,11.6,81.7,531.7,208.6,28.177765770633524,20.181506878377004,158.4,17.51760742773265,0.945508807426146,1.2057526697724081,7.036496637993675,1,-0.4144656482204305
Ontario,ON,2023,7,2023-07,20-24,12.6,82.6,549.3,194.7,26.169354838709673,20.26,159.6,17.45351608187135,0.9447381066794811,1.206659619450317,7.036496637993675,1,-0.37550900366881573
Ontario,ON,2023,8,2023-08,20-24,10.5,79.1,529.1,207.9,28.2089552238806,20.340645899400773,159.9,17.490114482708638,0.943979017056785,1.2077085840318875,7.036496637993675,1,-0.34049583774550835
Ontario,ON,2023,9,2023-09,20-24,10.5,72.1,428.9,248.6,36.693726937269375,20.423759841872755,159.7,17.583574078013914,0.9432528200918631,1.2088950909067955,7.036496637993675,1,0.036333085128029574
Ontario,ON,2023,10,2023-10,20-24,12.7,73.0,408.4,266.8,39.514218009478675,20.50965709270869,160.3,17.59143441321484,0.9425807973185266,1.2102146674647083,7.036496637993675,1,0.1462524479636392
Ontario,ON,2023,11,2023-11,20-24,10.6,70.0,393.9,275.5,41.15625933671945,20.59865291720202,160.6,17.63476413869428,0.9419842302705809,1.2116628410953005,7.036496637993675,1,0.15096618451970256
Ontario,ON,2023,12,2023-12,20-24,9.2,69.7,407.5,275.7,40.35421545667447,20.69106258064619,160.0,17.78030424573341,0.9414844004818322,1.2132351391882503,7.036496637993675,1,0.027429750686631078
Ontario,ON,2024,1,2024-01,20-24,11.8,68.2,385.2,270.5,41.25362208326979,20.78720134833391,159.9,17.87408979811138,0.9411025894860905,1.2149270891332213,7.256244844701361,1,0.28265747617847614
Ontario,ON,2024,2,2024-02,20-24,11.3,69.3,387.3,288.6,42.69862405681313,20.887384485558623,160.2,17.926599907783594,0.9408600788171615,1.216734218319891,7.256244844701361,1,0.16935253110659207
Ontario,ON,2024,3,2024-03,20-24,14.1,69.1,371.7,287.1,43.5792349726776,20.99192725761383,161.4,17.882373390302075,0.9407781500088528,1.218652054137937,7.256244844701361,1,0.3998965985268174
Ontario,ON,2024,4,2024-04,20-24,12.8,69.5,414.8,264.3,38.91915770873214,21.10114492979217,162.2,17.88675453127009,0.940878084594972,1.2206761239770223,7.256244844701361,1,0.2793650653580608
Ontario,ON,2024,5,2024-05,20-24,14.9,77.1,490.4,250.9,33.845946310535545,21.215352767387113,163.2,17.87337139037582,0.9411811641093263,1.2228019552268243,7.256244844701361,1,0.0039667035691712815
Ontario,ON,2024,6,2024-06,20-24,13.8,79.0,522.1,253.8,32.71040082484856,21.33486603569221,163.1,17.98507841420835,0.9417086700857243,1.225025075277022,7.256244844701361,1,-0.2145965516268996
Ontario,ON,2024,7,2024-07,20-24,13.3,80.8,557.3,248.5,30.838917845619264,21.46,163.9,18.002264592231036,0.9424818840579711,1.227341011517276,7.256244844701361,1,-0.35902919891043245
Ontario,ON,2024,8,2024-08,20-24,14.1,79.0,523.7,263.1,33.43924758515506,21.591069925604014,163.3,18.17876417138909,0.9435220875598747,1.2297452913372655,7.256244844701361,1,-0.24119084599434037
Ontario,ON,2024,9,2024-09,20-24,11.0,70.7,428.1,304.6,41.57226695782722,21.72839107779784,162.8,18.350569430414957,0.9448505621252465,1.2322334421266694,7.256244844701361,1,-0.03999257214668961
Ontario,ON,2024,10,2024-10,20-24,9.0,70.0,449.4,294.3,39.57240822912465,21.872278721873926,163.5,18.39300339613649,0.9464885892878869,1.234800991275148,7.256244844701361,1,-0.15919024475890833
Ontario,ON,2024,11,2024-11,20-24,14.3,71.2,409.5,304.5,42.64705882352941,22.02304812312585,163.5,18.51978955063473,0.9484574505816064,1.2374434661723799,7.256244844701361,1,0.13378271640304065
Ontario,ON,2024,12,2024-12,20-24,13.6,70.2,411.4,299.6,42.137834036568215,22.181014546847248,162.7,18.74434332147269,0.950778427540219,1.2401563942080458,7.256244844701361,1,0.0823354103477975
Ontario,ON,2015,1,2015-01,25-29,8.3,83.4,575.7,119.6,17.201208111606498,27.25217901923738,125.3,29.903810962915507,0.8491502817186476,1.1867823110205626,6.764375084842085,0,0.30694732549347736
Ontario,ON,2015,2,2015-02,25-29,9.4,83.6,580.8,108.7,15.765047135605512,27.48702238654922,126.2,29.946406653174563,0.8531367472550901,1.1862571724662005,6.764375084842085,0,0.39028818590611786
Ontario,ON,2015,3,2015-03,25-29,9.6,83.4,573.9,112.3,16.365491110463424,27.700316297059867,127.1,29.965087764567976,0.856621402119141,1.1857905092163235,6.764375084842085,0,0.43242439169020125
Ontario,ON,2015,4,2015-04,25-29,7.9,84.2,602.0,104.7,14.815338899108532,27.893160882214016,126.9,30.221254360103035,0.8596308688966132,1.1853786176015266,6.764375084842085,0,0.1308432306319289
Ontario,ON,2015,5,2015-05,25-29,7.3,85.9,632.1,94.0,12.945875223798375,28.066656273458122,127.7,30.218726302256954,0.8621917701733498,1.1850177939524007,6.764375084842085,0,-0.13405420154871409
Ontario,ON,2015,6,2015-06,25-29,6.7,87.1,656.3,85.5,11.52601779455379,28.22190260223845,128.2,30.267366811904072,0.8643307285351884,1.1847043345995374,6.764375084842085,0,-0.3453384625819505
Ontario,ON,2015,7,2015-07,25-29,7.4,86.2,642.7,88.0,12.043246202271792,28.36,128.4,30.368097092419518,0.86607436656795,1.1844345358735304,6.764375084842085,0,-0.17825655237806112
Ontario,ON,2015,8,2015-08,25-29,8.4,88.5,644.6,98.3,13.231928927177277,28.482048598189074,128.0,30.594096342546976,0.8674493068574733,1.1842046941049715,6.764375084842085,0,-0.37958513281539075
Ontario,ON,2015,9,2015-09,25-29,7.1,86.9,644.2,97.3,13.122049898853675,28.589148528251805,127.8,30.757196242020512,0.8684821719895933,1.1840111056244524,6.764375084842085,0,-0.340999052436932
Ontario,ON,2015,10,2015-10,25-29,8.4,85.9,628.7,94.8,13.10297166551486,28.682399921633458,127.9,30.83339303538118,0.8691995845501368,1.183850066762566,6.764375084842085,0,-0.0974847830749014
Ontario,ON,2015,11,2015-11,25-29,7.6,83.5,606.2,103.6,14.5956607495069,28.762902909780205,127.9,30.919933223121163,0.8696281671249395,1.1837178738499048,6.764375084842085,0,0.09765036630076256
Ontario,ON,2015,12,2015-12,25-29,7.2,83.7,617.1,99.3,13.860971524288107,28.831757624138064,127.5,31.09118751899699,0.8697945422998341,1.1836108232170603,6.764375084842085,0,0.011554862128421864
Ontario,ON,2016,1,2016-01,25-29,7.5,83.4,611.6,99.9,14.04075895994378,28.890064196152522,127.8,31.080931740500816,0.8697253326606522,1.1835252111946257,6.830007566749541,0,0.07949293495186827
Ontario,ON,2016,2,2016-02,25-29,8.3,83.7,608.9,101.0,14.227355965628963,28.938922757269637,128.2,31.03635508139572,0.8694471607932273,1.1834573341131929,6.830007566749541,0,0.13092111102018253
Ontario,ON,2016,3,2016-03,25-29,8.3,84.4,621.0,95.9,13.377040033477474,28.97943343893536,129.0,30.887058934689566,0.86898664928339,1.1834034883033542,6.830007566749541,0,0.06546688712369493
Ontario,ON,2016,4,2016-04,25-29,7.2,86.1,637.5,103.8,14.002428166734116,29.012696372595325,129.6,30.77935168797906,0.8683704207169755,1.1833599700957014,6.830007566749541,0,-0.23759811557812585
Ontario,ON,2016,5,2016-05,25-29,7.0,87.4,659.6,96.2,12.728234982799682,29.03981168969551,130.1,30.68971644044878,0.8676250976798154,1.1833230758208277,6.830007566749541,0,-0.4028300284957584
Ontario,ON,2016,6,2016-06,25-29,6.8,88.4,663.9,104.5,13.599687662675692,29.061879521681824,130.4,30.64237923237656,0.8667773027577397,1.1832891018093248,6.830007566749541,0,-0.5373282249326782
Ontario,ON,2016,7,2016-07,25-29,6.9,85.9,659.5,88.4,11.819762000267417,29.08,130.3,30.685016628293674,0.8658536585365854,1.1832543443917851,6.830007566749541,0,-0.23266028227022853
Ontario,ON,2016,8,2016-08,25-29,8.2,86.8,661.7,86.0,11.501939280460077,29.095273256095957,129.9,30.79567060895094,0.8648807876021829,1.1832150998988011,6.830007566749541,0,-0.22118380210167973
Ontario,ON,2016,9,2016-09,25-29,7.0,86.6,652.8,104.5,13.799022844315331,29.108799421415586,130.1,30.76262372879425,0.863885312540362,1.1831676646609648,6.830007566749541,0,-0.3159405739899741
Ontario,ON,2016,10,2016-10,25-29,8.5,86.0,638.8,102.2,13.792172739541162,29.12167862740467,130.6,30.65840835078801,0.8628938559369607,1.1831083350088687,6.830007566749541,0,-0.07759768518479278
Ontario,ON,2016,11,2016-11,25-29,7.0,85.3,635.9,112.9,15.077457264957268,29.135011005509103,130.2,30.76667604838036,0.8619330403778087,1.183033407273105,6.830007566749541,0,-0.16059466127715288
Ontario,ON,2016,12,2016-12,25-29,6.4,84.1,617.4,126.9,17.049576783555022,29.14989668717478,130.0,30.829752912929276,0.8610294884487361,1.1829391777842662,6.830007566749541,0,-0.08594661003993058
Ontario,ON,2017,1,2017-01,25-29,7.5,84.1,618.7,118.8,16.10847457627119,29.16743580384747,130.8,30.659628142691098,0.8602098227355802,1.1828219428729443,6.928188864452098,0,0.04767781889331305
Ontario,ON,2017,2,2017-02,25-29,7.8,82.9,599.6,126.1,17.376326305635935,29.188728486973083,131.2,30.58846743563065,0.8595006658241715,1.182677998869732,6.928188864452098,0,0.23104211225967528
Ontario,ON,2017,3,2017-03,25-29,8.0,82.8,596.6,128.8,17.755720981527432,29.21487486799753,131.4,30.569268166355354,0.8589286403003406,1.1825036421052209,6.928188864452098,0,0.2658747416912619
Ontario,ON,2017,4,2017-04,25-29,7.6,83.8,621.1,117.2,15.874305837735337,29.246975078366543,132.0,30.463752640023333,0.8585203687499232,1.182295168910004,6.928188864452098,0,0.1181014223740738
Ontario,ON,2017,5,2017-05,25-29,8.0,84.9,639.9,107.1,14.33734939759036,29.286129249526027,131.9,30.52766278038476,0.8583024737587502,1.1820488756146736,6.928188864452098,0,0.01926712481461697
Ontario,ON,2017,6,2017-06,25-29,9.1,85.8,635.9,112.7,15.054768901950307,29.33343751292198,132.1,30.530682912294964,0.8583015779126544,1.1817610585498208,6.928188864452098,0,0.023584637805594128
Ontario,ON,2017,7,2017-07,25-29,8.3,85.2,642.5,109.5,14.561170212765958,29.39,131.9,30.635936947182213,0.8585443037974683,1.1814280140460398,6.928188864452098,0,0.0006172093192074272
Ontario,ON,2017,8,2017-08,25-29,8.6,85.7,655.8,101.5,13.402878647827809,29.45647064594539,131.8,30.728522331022575,0.8590477263377321,1.1810463756120955,6.928188864452098,0,-0.040068948601262866
Ontario,ON,2017,9,2017-09,25-29,7.8,85.1,669.3,91.9,12.073042564372045,29.531718600900867,132.3,30.690591156227224,0.8597907298128212,1.1806141254694458,6.928188864452098,0,-0.04532869044241792
Ontario,ON,2017,10,2017-10,25-29,7.1,84.9,658.1,109.1,14.220542231491134,29.614166818747854,132.3,30.77627477592094,0.8607426508408133,1.1801295830177263,6.928188864452098,0,-0.10359377976684314
Ontario,ON,2017,11,2017-11,25-29,6.8,85.2,659.4,115.4,14.894166236448116,29.70223825336837,132.7,30.774756904190202,0.8618728260397907,1.1795910676565693,6.928188864452098,0,-0.17007580758849905
Ontario,ON,2017,12,2017-12,25-29,7.7,84.7,656.8,108.1,14.13256634854229,29.7943558586445,132.0,31.03390639594543,0.8631505920278386,1.1789968987856054,6.928188864452098,0,-0.05006848821065609
Ontario,ON,2018,1,2018-01,25-29,7.1,83.3,646.3,115.8,15.194856318068497,29.888942588457574,133.2,30.851955941376474,0.8645452854230314,1.1783453958044714,7.110016468498848,0,0.0788585143818515
Ontario,ON,2018,2,2018-02,25-29,7.0,83.6,639.3,128.5,16.736129200312583,29.984421396689672,134.0,30.765731879600928,0.8660262428434534,1.1776348781127979,7.110016468498848,0,0.043322108405576265
Ontario,ON,2018,3,2018-03,25-29,7.1,82.8,634.0,128.3,16.830644103371377,30.079215237222886,134.6,30.725419279280615,0.8675628009071905,1.176863665110216,7.110016468498848,0,0.15444845622894754
Ontario,ON,2018,4,2018-04,25-29,6.4,84.7,668.8,120.0,15.212981744421908,30.17174706393851,134.8,30.774212092477836,0.8691242962323151,1.1760300761963631,7.110016468498848,0,-0.1510073010859646
Ontario,ON,2018,5,2018-05,25-29,7.0,85.1,683.7,107.0,13.53231314025547,30.260439830718653,134.9,30.841796192675258,0.8706800654369129,1.1751324307708704,7.110016468498848,0,-0.14590828358883526
Ontario,ON,2018,6,2018-06,25-29,6.2,86.8,702.7,113.1,13.863692081392495,30.34371649144536,135.3,30.83524133976084,0.872199445139069,1.1741690482333673,7.110016468498848,0,-0.43077774684411924
Ontario,ON,2018,7,2018-07,25-29,5.9,87.0,698.4,125.4,15.222141296431174,30.42,136.0,30.75365073529412,0.8736517719568566,1.1731382479834926,7.110016468498848,0,-0.47536896003894896
Ontario,ON,2018,8,2018-08,25-29,7.8,86.5,694.9,110.8,13.75201687973191,30.488323326788816,135.9,30.8454038857425,0.8750107669299049,1.1720418049997718,7.110016468498848,0,-0.23230964800907983
Ontario,ON,2018,9,2018-09,25-29,6.5,84.9,677.1,125.7,15.657698056801195,30.55015950831462,135.2,31.067990737653048,0.8762676887840181,1.170895316576312,7.110016468498848,0,-0.20108030730764045
Ontario,ON,2018,10,2018-10,25-29,5.4,84.6,686.2,126.0,15.513420339817777,30.607591597603914,135.6,31.034578033976587,0.877418180666534,1.1697178355861244,7.110016468498848,0,-0.2735685903002939
Ontario,ON,2018,11,2018-11,25-29,5.6,85.6,689.8,132.0,16.06230226332441,30.662702647683705,135.1,31.20552251320833,0.8784578857248009,1.1685284149022108,7.110016468498848,0,-0.3941215919074928
Ontario,ON,2018,12,2018-12,25-29,5.6,86.0,695.4,131.5,15.902769379610593,30.717575711580967,135.0,31.284523559591015,0.8793824471061658,1.1673461073975733,7.110016468498848,0,-0.4518445779736333
Ontario,ON,2019,1,2019-01,25-29,5.8,84.8,703.1,112.6,13.804094642638223,30.77429384232223,135.2,31.29592419283004,0.8801875079579684,1.166189965945224,7.254703979431251,0,-0.2889256412942823
Ontario,ON,2019,2,2019-02,25-29,5.7,84.9,713.1,106.8,13.025978777899743,30.834940092934467,136.0,31.173141948120453,0.8808687114275564,1.1650790434181644,7.254703979431251,0,-0.29596443287687807
Ontario,ON,2019,3,2019-03,25-29,6.7,85.4,713.4,104.0,12.723268901394666,30.901597516444713,137.0,31.01249741020811,0.8814217006622754,1.164032392689397,7.254703979431251,0,-0.23368861221800383
Ontario,ON,2019,4,2019-04,25-29,6.7,85.5,724.6,96.5,11.752527097795639,30.976349165879423,137.4,30.997015095090042,0.8818421188094674,1.1630690666319325,7.254703979431251,0,-0.2437621529202372
Ontario,ON,2019,5,2019-05,25-29,6.8,86.8,739.8,95.1,11.390585698886094,31.061278094265603,138.1,30.924452526990603,0.8821256090164785,1.1622081181187736,7.254703979431251,0,-0.38040040469635344
Ontario,ON,2019,6,2019-06,25-29,6.4,85.8,730.7,99.4,11.974460908324298,31.15846735463036,138.0,31.04369280700763,0.8822678144306539,1.1614686000229237,7.254703979431251,0,-0.3162045190674809
Ontario,ON,2019,7,2019-07,25-29,7.9,86.4,748.0,78.9,9.541661627766358,31.27,138.8,30.97524795869356,0.8822643781993376,1.1608695652173913,7.254703979431251,0,-0.22614419133251182
Ontario,ON,2019,8,2019-08,25-29,6.9,86.5,744.7,95.3,11.345238095238095,31.397145769121153,138.5,31.168562457564978,0.8821163326518352,1.1604258672377705,7.254703979431251,0,-0.3643897129792328
Ontario,ON,2019,9,2019-09,25-29,5.4,85.7,742.0,108.3,12.736681171351288,31.537921143618846,137.5,31.53600975445863,0.8818462668452943,1.160135562270019,7.254703979431251,0,-0.46745114344703625
Ontario,ON,2019,10,2019-10,25-29,5.6,85.8,746.9,106.1,12.438452520515826,31.68952929083648,137.9,31.59569396721725,0.8814821590188251,1.1599925071626869,7.254703979431251,0,-0.46635048980223615
Ontario,ON,2019,11,2019-11,25-29,5.8,85.5,739.1,112.2,13.179842593680252,31.849173378118607,137.7,31.800987143886406,0.881051987411536,1.1599905587643222,7.254703979431251,0,-0.4353043257710185
Ontario,ON,2019,12,2019-12,25-29,4.5,85.5,752.3,112.6,13.018846109376806,32.014056572809864,137.8,31.942423766012936,0.8805837302625344,1.160123573923474,7.254703979431251,0,-0.5858509211112716
Ontario,ON,2020,1,2020-01,25-29,6.0,84.1,710.6,129.4,15.404761904761905,32.18138204225352,138.0,32.062839511783864,0.8801053658109318,1.1603854094886907,7.354443164189001,1,-0.27938223460810424
Ontario,ON,2020,2,2020-02,25-29,6.4,85.1,724.2,125.0,14.719736222326896,32.348352953794205,138.7,32.06653901614099,0.8796448722958358,1.1607699223085213,7.354443164189001,1,-0.3587820591267228
Ontario,ON,2020,3,2020-03,25-29,11.1,84.8,702.9,103.2,12.802381838481578,32.512172474776534,137.9,32.415901236484046,0.8792302279563541,1.1612709692315155,7.354443164189001,1,0.11502265528359734
Ontario,ON,2020,4,2020-04,25-29,15.8,77.5,612.0,87.5,12.508934953538242,32.6700437725438,137.3,32.71565017013839,0.878889411031598,1.16188240710622,7.354443164189001,1,1.4341395242583317
Ontario,ON,2020,5,2020-05,25-29,19.4,80.1,622.0,70.9,10.232356761437437,32.81917001444062,137.5,32.817180973833686,0.8786503997606749,1.1625980927811843,7.354443164189001,1,1.4783495377132387
Ontario,ON,2020,6,2020-06,25-29,13.6,83.3,681.1,91.8,11.877345064044507,32.95675436781155,138.6,32.693211298371985,0.8785411723826939,1.16341188310496,7.354443164189001,1,0.5164266083452741
Ontario,ON,2020,7,2020-07,25-29,15.9,84.7,669.2,97.5,12.716838398330507,33.08,138.8,32.768186839577325,0.8785897071367642,1.1643176349260913,7.354443164189001,1,0.574724376419492
Ontario,ON,2020,8,2020-08,25-29,13.8,84.9,686.3,102.8,13.027499683183375,33.18698827265185,138.6,32.921604107171895,0.878813129386191,1.165305072825534,7.354443164189001,1,0.3168395697906507
Ontario,ON,2020,9,2020-09,25-29,10.6,85.9,716.1,113.4,13.670886075949367,33.279313324618066,138.3,33.084802997280875,0.8791851529910681,1.1663473923138648,7.354443164189001,1,-0.15074594479031134
Ontario,ON,2020,10,2020-10,25-29,10.0,86.5,725.7,116.1,13.791874554526014,33.359447489050154,138.9,33.02120975053027,0.8796686389356826,1.1674136566340558,7.354443164189001,1,-0.2762208659438354
Ontario,ON,2020,11,2020-11,25-29,9.5,85.3,703.1,132.4,15.846798324356673,33.429863099100416,139.0,33.067104992329604,0.880226448204325,1.1684729290290894,7.354443164189001,1,-0.18921295479607234
Ontario,ON,2020,12,2020-12,25-29,9.8,83.5,695.2,120.3,14.751686082158185,33.49303248792103,138.8,33.177326069777195,0.8808214417812862,1.1694942727419462,7.354443164189001,1,0.0436493024073652
Ontario,ON,2021,1,2021-01,25-29,13.5,83.0,672.8,104.5,13.443972726103178,33.55142798866369,139.5,33.06839966457361,0.8814164806508522,1.1704467510155991,7.371513455156576,1,0.4957568317504706
Ontario,ON,2021,2,2021-02,25-29,10.7,83.6,694.0,115.3,14.246880019770172,33.60752193448059,140.2,32.958303875237476,0.8819744257973138,1.17129942709303,7.371513455156576,1,0.15086260657495867
Ontario,ON,2021,3,2021-03,25-29,10.7,84.0,716.2,98.1,12.04715706741987,33.663786658523904,141.0,32.82617116306063,0.8824581382049618,1.1720213642172188,7.371513455156576,1,0.11925049079416035
Ontario,ON,2021,4,2021-04,25-29,10.3,84.7,737.7,87.4,10.592655435704764,33.72269449394538,141.8,32.698092175341145,0.8828304788580829,1.17258162563114,7.371513455156576,1,0.010232296976518729
Ontario,ON,2021,5,2021-05,25-29,11.1,85.4,730.1,94.0,11.406382720543624,33.78671777389716,142.6,32.57638245392293,0.8830543087409677,1.1729492745777752,7.371513455156576,1,0.0232465614113538
Ontario,ON,2021,6,2021-06,25-29,9.1,86.0,740.0,109.6,12.900188323917137,33.85832883153148,143.1,32.53136311387363,0.8830924888379054,1.1730933743001017,7.371513455156576,1,-0.24781555930772134
Ontario,ON,2021,7,2021-07,25-29,8.9,86.0,742.7,109.9,12.889983579638752,33.94,143.7,32.47367548132684,0.8829078801331853,1.1729829880410982,7.371513455156576,1,-0.26115136519335413
Ontario,ON,2021,8,2021-08,25-29,9.5,87.1,741.8,117.7,13.694008144269926,34.033604843974544,144.1,32.47284561188619,0.8824757380954599,1.1726024025365749,7.371513455156576,1,-0.3315092544807035
Ontario,ON,2021,9,2021-09,25-29,8.6,87.9,767.3,110.8,12.618152829973809,34.13862185420573,144.4,32.50537407505427,0.8818208961308311,1.1719967984936648,7.371513455156576,1,-0.5235530357041177
Ontario,ON,2021,10,2021-10,25-29,8.0,86.7,767.1,106.8,12.221077926536218,34.253930752962894,145.7,32.32415943108756,0.8809805821297695,1.1712265801123363,7.371513455156576,1,-0.4186935017832132
Ontario,ON,2021,11,2021-11,25-29,6.2,87.0,774.4,121.4,13.552132172359904,34.378411262516266,146.0,32.37496617695525,0.8799920239827401,1.1703521515925552,7.371513455156576,1,-0.6451716849447323
Ontario,ON,2021,12,2021-12,25-29,5.5,87.3,798.3,109.7,12.081497797356828,34.510943105136136,146.0,32.49977456002518,0.8788924495802071,1.1694339171342842,7.371513455156576,1,-0.7682165038392776
Ontario,ON,2022,1,2022-01,25-29,8.7,87.7,782.4,101.2,11.453146220009055,34.65040600309172,147.4,32.32118095007973,0.8777190868126431,1.1685322809374945,7.561470050216959,1,-0.4665624251286675
Ontario,ON,2022,2,2022-02,25-29,6.5,88.0,789.1,120.2,13.218959639282964,34.795679678653315,148.8,32.15131714931121,0.8765091635705123,1.1677076472021495,7.561470050216959,1,-0.7066903733573736
Ontario,ON,2022,3,2022-03,25-29,5.8,86.9,784.6,121.4,13.399558498896248,34.94564385409126,150.8,31.861636712458647,0.8752999077442782,1.1670204201282133,7.561470050216959,1,-0.6106401437928924
Ontario,ON,2022,4,2022-04,25-29,6.1,88.0,793.6,123.1,13.428602596269226,35.09917825167469,151.6,31.83274747000773,0.8741285472244142,1.166531003915656,7.561470050216959,1,-0.7082329719933721
Ontario,ON,2022,5,2022-05,25-29,6.1,89.1,825.9,104.0,11.18399827938488,35.255162593673916,153.7,31.5373523982339,0.873032309901384,1.1662998027644413,7.561470050216959,1,-0.8035721128765934
Ontario,ON,2022,6,2022-06,25-29,5.7,88.9,841.9,91.8,9.83185177251794,35.41247660235933,154.4,31.534458736092756,0.872048423665652,1.1663872208745356,7.561470050216959,1,-0.8201778311840164
Ontario,ON,2022,7,2022-07,25-29,6.0,87.9,827.5,95.4,10.336981254740493,35.57,154.6,31.63375539025442,0.8712141164076903,1.1668536624459047,7.561470050216959,1,-0.6818704371852139
Ontario,ON,2022,8,2022-08,25-29,7.2,88.5,814.2,104.9,11.413339136111414,35.72680415700489,154.1,31.8763001182362,0.8705578697325074,1.1677406821311296,7.561470050216959,1,-0.6609751650633854
Ontario,ON,2022,9,2022-09,25-29,6.4,87.8,812.5,110.7,11.990901213171577,35.88272703633741,154.1,32.01541820098047,0.8700731801032909,1.1690144363932589,7.561470050216959,1,-0.6761423181104741
Ontario,ON,2022,10,2022-10,25-29,5.0,87.4,817.4,118.1,12.624265098877604,36.03779824909825,155.2,31.92588237284537,0.8697447976977769,1.170622232147944,7.561470050216959,1,-0.760406665849067
Ontario,ON,2022,11,2022-11,25-29,6.2,88.3,823.0,113.3,12.100822385987398,36.19204740638941,155.4,32.02126716849093,0.8695574726936965,1.1725113763108477,7.561470050216959,1,-0.7572768605945415
Ontario,ON,2022,12,2022-12,25-29,5.4,87.2,823.3,111.9,11.965355004277162,36.3455041193129,154.8,32.28167918090781,0.8694959552687833,1.174629175797636,7.561470050216959,1,-0.7394914677659491
Ontario,ON,2023,1,2023-01,25-29,5.4,86.9,833.8,100.7,10.77581594435527,36.49819799896943,155.7,32.2299169762897,0.8695449956007709,1.1769229375239556,7.864688912783582,1,-0.6971253394490805
Ontario,ON,2023,2,2023-02,25-29,4.8,86.6,825.9,116.7,12.380649267982177,36.65015865646098,156.4,32.21925445827737,0.8696893438673916,1.1793399684054722,7.864688912783582,1,-0.7212520733498272
Ontario,ON,2023,3,2023-03,25-29,6.2,86.4,824.2,107.1,11.500053688392569,36.80141570288956,157.3,32.16712002977192,0.8699137502463798,1.181827575357852,7.864688912783582,1,-0.5475379795513907
Ontario,ON,2023,4,2023-04,25-29,5.6,85.4,815.5,115.1,12.36836449602407,36.951998749355894,157.9,32.176009466203446,0.8702029649154672,1.1843330652967408,7.864688912783582,1,-0.49016505088421297
Ontario,ON,2023,5,2023-05,25-29,6.3,86.2,833.8,104.0,11.089784602260611,37.101937406961966,158.5,32.18427262236938,0.8705417380523875,1.1868037451378044,7.864688912783582,1,-0.515447754162562
Ontario,ON,2023,6,2023-06,25-29,7.4,88.0,847.2,104.8,11.008403361344538,37.25126128680974,158.4,32.33420454393276,0.8709148198348752,1.1891869217967093,7.864688912783582,1,-0.6371929132647584
Ontario,ON,2023,7,2023-07,25-29,8.1,86.4,823.7,109.3,11.714898177920684,37.4,159.6,32.21922514619883,0.8713069604406609,1.191429902189101,7.864688912783582,1,-0.3595165807715182
Ontario,ON,2023,8,2023-08,25-29,9.2,88.1,845.2,99.3,10.513499205929062,37.5481831576347,159.9,32.28619313726365,0.8717029100474791,1.1934799932306461,7.864688912783582,1,-0.45901337138973464
Ontario,ON,2023,9,2023-09,25-29,7.9,87.9,840.6,120.7,12.555913866638926,37.69584037081581,159.7,32.45375027541694,0.8720874188330642,1.1952845018370086,7.864688912783582,1,-0.5888138146765093
Ontario,ON,2023,10,2023-10,25-29,6.4,86.5,845.9,120.2,12.44177621364248,37.84300125064411,160.3,32.458498525388706,0.8724452369751469,1.1967907349238378,7.864688912783582,1,-0.5750909121773952
Ontario,ON,2023,11,2023-11,25-29,6.2,86.7,850.1,125.9,12.899590163934427,37.98969540822155,160.6,32.523452913047294,0.8727611146514616,1.1979459994067987,7.864688912783582,1,-0.6275703036362662
Ontario,ON,2023,12,2023-12,25-29,6.1,84.4,834.3,121.4,12.702730982525898,38.135952454650116,160.0,32.77109789319127,0.8730198020397419,1.1986976022015519,7.864688912783582,1,-0.3927021036337039
Ontario,ON,2024,1,2024-01,25-29,8.4,85.7,801.9,150.8,15.828697386375564,38.28180200103057,159.9,32.91700287757992,0.8732060493177201,1.1989928502237526,7.999654625573799,1,-0.33118793025086973
Ontario,ON,2024,2,2024-02,25-29,8.4,87.0,841.4,130.6,13.436213991769547,38.42727365846488,160.2,32.98021161522119,0.8733046066631295,1.198779050389063,7.999654625573799,1,-0.4948520046470765
Ontario,ON,2024,3,2024-03,25-29,8.8,87.0,840.5,133.1,13.670912078882496,38.572397038055016,161.4,32.85863169820682,0.8733002242537036,1.1980035096131398,7.999654625573799,1,-0.43887619223223845
Ontario,ON,2024,4,2024-04,25-29,8.3,87.5,860.7,129.0,13.034252803879964,38.71720175090175,162.2,32.81931317756515,0.8731776522671753,1.1966135348116465,7.999654625573799,1,-0.5451299164035729
Ontario,ON,2024,5,2024-05,25-29,8.5,88.2,865.4,136.1,13.589615576635047,38.86171740810705,163.2,32.73996504883365,0.8729216408812779,1.194556432900241,7.999654625573799,1,-0.5987645738625362
Ontario,ON,2024,6,2024-06,25-29,7.4,87.8,881.4,133.0,13.111198738170346,39.00597362077287,163.1,32.88164514454995,0.8725169402737436,1.1917795107945743,7.999654625573799,1,-0.6809183132679153
Ontario,ON,2024,7,2024-07,25-29,7.6,88.1,908.0,113.1,11.076290275193418,39.15,163.9,32.84196918852959,0.8719483006223073,1.188230075410321,7.999654625573799,1,-0.6915062782636344
Ontario,ON,2024,8,2024-08,25-29,9.4,88.6,900.3,110.6,10.940745870016816,39.293826156890404,163.3,33.083733300802955,0.8712004721047016,1.183855433663134,7.999654625573799,1,-0.5971161599113568
Ontario,ON,2024,9,2024-09,25-29,7.8,87.8,897.4,125.2,12.243301388617251,39.43748170254603,162.8,33.30666516228025,0.870258204898657,1.1786028924686567,7.999654625573799,1,-0.6925404069930853
Ontario,ON,2024,10,2024-10,25-29,8.1,86.1,857.6,142.6,14.25714857028594,39.58099624806767,163.5,33.28475316497801,0.8691062491819114,1.1724197587425775,7.999654625573799,1,-0.4553255140518271
Ontario,ON,2024,11,2024-11,25-29,9.6,87.7,865.5,138.6,13.803406035255453,39.724399404557296,163.5,33.40534484076406,0.867729355132196,1.1652533394005427,7.999654625573799,1,-0.5085256515718214
Ontario,ON,2024,12,2024-12,25-29,8.0,87.4,878.8,139.3,13.682349474511346,39.86772078311685,162.7,33.69071528378637,0.8661122729272389,1.1570509413581882,7.999654625573799,1,-0.6716128435191067
Prince Edward Island,PE,2015,1,2015-01,20-24,19.1,74.7,3.4,2.1,38.18181818181819,12.860727198557193,126.7,13.992511794168186,1.1698785681550445,1.0400632379514998,6.223899997234437,0,1.4324489703960932
Prince Edward Island,PE,2015,2,2015-02,20-24,16.9,72.2,3.1,2.3,42.59259259259259,12.980424010630601,128.2,13.9574996089347,1.1403423607267908,1.0681516176736947,6.223899997234437,0,1.4209037957546389
Prince Edward Island,PE,2015,3,2015-03,20-24,16.7,73.3,3.5,2.0,36.36363636363637,13.08489603080703,129.8,13.896401524243057,1.1137041705491364,1.092762406335705,6.223899997234437,0,1.3585460307715225
Prince Edward Island,PE,2015,4,2015-04,20-24,20.6,75.6,3.3,2.2,40.0,13.175116449458947,128.9,14.0899131307829,1.0898316955216962,1.1140757137750337,6.223899997234437,0,1.467787933157772
Prince Edward Island,PE,2015,5,2015-05,20-24,18.7,84.3,4.2,1.9,31.147540983606557,13.252058456959698,129.7,14.084782253599803,1.0685926335438634,1.1322716498293894,6.223899997234437,0,0.8303228011891034
Prince Edward Island,PE,2015,6,2015-06,20-24,11.0,92.1,5.7,1.6,21.91780821917808,13.316695243682489,130.4,14.077503369184287,1.0498546825150592,1.1475303243364463,6.223899997234437,0,-0.18585937927439558
Prince Edward Island,PE,2015,7,2015-07,20-24,7.4,91.0,6.6,1.0,13.157894736842104,13.37,130.3,14.144700690713735,1.0334855403348553,1.160031847133758,6.223899997234437,0,-0.40725005655758517
Prince Edward Island,PE,2015,8,2015-08,20-24,6.3,88.8,6.7,0.7,9.459459459459458,13.412945916285466,130.1,14.211949227978105,1.0193529049026668,1.169956328059007,6.223899997234437,0,-0.38006767483011816
Prince Edward Island,PE,2015,9,2015-09,20-24,6.6,85.4,5.5,1.5,21.428571428571427,13.446506182912014,129.4,14.324581741224273,1.007324474117933,1.1774838769498468,6.223899997234437,0,-0.19172335879593128
Prince Edward Island,PE,2015,10,2015-10,20-24,10.7,84.3,5.3,1.4,20.895522388059703,13.471653990252491,129.4,14.351371735365579,0.9972679458801891,1.1827946036438737,6.223899997234437,0,0.16892753403290942
Prince Edward Island,PE,2015,11,2015-11,20-24,12.2,82.2,5.1,1.4,21.538461538461537,13.489362528680047,129.6,14.348060374834448,0.9890510180888685,1.1860686179787479,6.223899997234437,0,0.40128520796967654
Prince Edward Island,PE,2015,12,2015-12,20-24,12.3,81.1,4.5,1.9,29.687499999999993,13.500604988567746,129.2,14.404476762183156,0.9825413886434254,1.1874860297921073,6.223899997234437,0,0.45739777329458925
Prince Edward Island,PE,2016,1,2016-01,20-24,12.7,78.9,4.0,2.1,34.42622950819673,13.50635456028856,129.1,14.421773633894485,0.9776067554433647,1.1872269489215816,6.191665929158355,0,0.6085832229257518
Prince Edward Island,PE,2016,2,2016-02,20-24,12.9,77.8,4.0,2.1,34.42622950819673,13.507584434215575,129.6,14.367442239634391,0.9741148163881356,1.185471485204813,6.191665929158355,0,0.7000680564653442
Prince Edward Island,PE,2016,3,2016-03,20-24,20.9,74.4,3.7,1.7,31.481481481481477,13.505267800721825,130.2,14.298780079335666,0.9719332693772035,1.1823997484794286,6.191665929158355,0,1.5060049597998413
Prince Edward Island,PE,2016,4,2016-04,20-24,17.6,75.6,3.9,1.7,30.35714285714286,13.50037785018035,131.1,14.195477396242268,0.9709298123100496,1.1781918485830818,6.191665929158355,0,1.2183533370948245
Prince Edward Island,PE,2016,5,2016-05,20-24,14.8,90.0,5.0,1.9,27.536231884057965,13.493887772964198,131.4,14.15625897643162,0.9709721430861356,1.1730278953534028,6.191665929158355,0,0.19660074670343022
Prince Edward Island,PE,2016,6,2016-06,20-24,10.7,93.3,6.2,1.3,17.333333333333336,13.48677075944639,131.8,14.105852421773024,0.9719279596049347,1.1670879986280112,6.191665929158355,0,-0.28393465695154435
Prince Edward Island,PE,2016,7,2016-07,20-24,9.6,92.2,6.3,1.2,16.0,13.48,131.1,14.17405034324943,0.9736649597659108,1.160552268244576,6.191665929158355,0,-0.31991375479922785
Prince Edward Island,PE,2016,8,2016-08,20-24,11.8,94.4,6.2,1.3,17.333333333333336,13.474548684998052,130.6,14.222561533131557,0.9760508414685353,1.1536008140407186,6.191665929158355,0,-0.2946143491362548
Prince Edward Island,PE,2016,9,2016-09,20-24,11.1,80.0,4.4,2.1,32.30769230769231,13.471390004813584,130.6,14.2192275050808,0.9789533026122856,1.146413745854056,6.191665929158355,0,0.4779460819915757
Prince Edward Island,PE,2016,10,2016-10,20-24,12.7,78.9,4.3,1.9,30.64516129032258,13.47149714981965,131.9,14.079195467040472,0.9822400410966158,1.1391711735222643,6.191665929158355,0,0.695028192118417
Prince Edward Island,PE,2016,11,2016-11,20-24,14.1,78.0,3.9,2.2,36.06557377049181,13.47584331038928,131.8,14.09442337129865,0.985778754821002,1.1320532068829603,6.191665929158355,0,0.8466390810980259
Prince Edward Island,PE,2016,12,2016-12,20-24,10.0,76.9,4.1,2.2,34.920634920634924,13.485401676895545,130.9,14.201395119633695,0.9894371416849241,1.1252399557737636,6.191665929158355,0,0.5780790514480983
Prince Edward Island,PE,2017,1,2017-01,20-24,15.1,80.2,4.0,2.3,36.507936507936506,13.50114543971144,132.3,14.067520021649445,0.9930828995878316,1.1189115300323473,6.244824362227861,0,0.801849573998322
Prince Edward Island,PE,2017,2,2017-02,20-24,17.4,75.8,3.7,2.0,35.08771929824561,13.524047789210016,131.5,14.177110172947533,0.9965837264292032,1.1132480394963296,6.244824362227861,0,1.1966945839707313
Prince Edward Island,PE,2017,3,2017-03,20-24,19.4,79.1,3.6,2.1,36.84210526315789,13.555081915764417,132.4,14.113051677402753,0.9998073201085175,1.1084295940033349,6.244824362227861,0,1.1726243872667803
Prince Edward Island,PE,2017,4,2017-04,20-24,17.4,75.8,3.8,1.9,33.333333333333336,13.595221009747508,133.2,14.069828950403108,1.0026213785252256,1.1046363033910263,6.244824362227861,0,1.2237655501766898
Prince Edward Island,PE,2017,5,2017-05,20-24,13.4,89.1,5.5,1.6,22.535211267605636,13.645438261532407,133.3,14.111205283962805,1.0048935995788062,1.1020482774970264,6.244824362227861,0,0.1554791263060701
Prince Edward Island,PE,2017,6,2017-06,20-24,6.9,94.6,6.7,1.3,16.25,13.706706861492334,133.4,14.163939586632068,1.0064916811687323,1.1008456261589703,6.244824362227861,0,-0.6551638135853038
Prince Edward Island,PE,2017,7,2017-07,20-24,3.5,92.4,7.2,1.0,12.195121951219514,13.78,133.4,14.239677661169411,1.0072833211944647,1.1012084592145017,6.244824362227861,0,-0.80093459374201
Prince Edward Island,PE,2017,8,2017-08,20-24,4.8,91.3,6.9,1.2,14.814814814814813,13.86571119557407,133.6,14.306798565193755,1.007180805201013,1.103242228865376,6.244824362227861,0,-0.6584044161824513
Prince Edward Island,PE,2017,9,2017-09,20-24,4.2,78.3,5.3,1.6,23.18840579710145,13.961915279315248,133.7,14.395288117080083,1.00627476931552,1.1067537567698635,6.244824362227861,0,0.018329700917056806
Prince Edward Island,PE,2017,10,2017-10,20-24,7.4,73.9,4.7,1.6,25.396825396825395,14.06610741046891,133.5,14.524441247439244,1.0047004373106714,1.1114752069503266,6.244824362227861,0,0.47507732181944345
Prince Edward Island,PE,2017,11,2017-11,20-24,7.9,68.5,3.9,1.9,32.758620689655174,14.175782748281215,134.7,14.507287690056165,1.0025930329591473,1.1171387434291564,6.244824362227861,0,0.8254280059921721
Prince Edward Island,PE,2017,12,2017-12,20-24,10.6,71.7,3.8,2.1,35.59322033898305,14.288436451998376,133.5,14.754014718411804,1.0000877800336212,1.123476530228753,6.244824362227861,0,0.7806413967135578
Prince Edward Island,PE,2018,1,2018-01,20-24,15.5,77.2,3.4,2.6,43.333333333333336,14.401563680865682,134.4,14.771246677137903,0.997319902306788,1.1302207313714647,6.259071713330575,0,0.8255851402827474
Prince Edward Island,PE,2018,2,2018-02,20-24,10.3,73.1,4.2,2.0,32.25806451612903,14.51265959412934,135.4,14.775259416918239,0.9944246235513222,1.1371035108796903,6.259071713330575,0,0.6729184585103827
Prince Edward Island,PE,2018,3,2018-03,20-24,16.9,76.3,4.3,1.6,27.11864406779661,14.619219351035543,135.6,14.861794893364673,0.9915371675398973,1.1438570327758304,6.259071713330575,0,0.9581899667701087
Prince Edward Island,PE,2018,4,2018-04,20-24,21.5,84.9,4.5,1.7,27.419354838709676,14.71873811082961,136.1,14.907994478896855,0.9887927580452106,1.1502134610822308,6.259071713330575,0,0.796219035568901
Prince Edward Island,PE,2018,5,2018-05,20-24,11.0,88.2,5.8,1.5,20.547945205479454,14.808711032757746,136.5,14.955170812202601,0.9863266188399348,1.155904959821293,6.259071713330575,0,-0.1842401029712498
Prince Edward Island,PE,2018,6,2018-06,20-24,4.7,91.4,6.6,1.6,19.512195121951223,14.88663327606605,137.3,14.946266548475634,0.984273973696746,1.1606636930154108,6.259071713330575,0,-0.8329122537957737
Prince Edward Island,PE,2018,7,2018-07,20-24,12.6,92.6,6.3,1.4,18.181818181818183,14.95,138.0,14.933749999999998,0.9827700463883366,1.164221824686941,6.259071713330575,0,-0.31169750873290064
Prince Edward Island,PE,2018,8,2018-08,20-24,5.8,90.5,6.7,1.5,18.292682926829272,14.99716671789049,137.6,15.024414477188984,0.9819081269747698,1.1663824961928708,6.259071713330575,0,-0.7194580704668577
Prince Edward Island,PE,2018,9,2018-09,20-24,5.3,80.0,5.3,2.0,27.397260273972602,15.029930359407295,136.0,15.234381617972764,0.9816137706656661,1.1672327582285364,6.259071713330575,0,-0.2089549709767283
Prince Edward Island,PE,2018,10,2018-10,20-24,12.5,75.0,4.6,1.8,28.125000000000007,15.050948208304707,136.9,15.155392333928441,0.981770598958036,1.1669306388238605,6.259071713330575,0,0.6316981267842123
Prince Edward Island,PE,2018,11,2018-11,20-24,13.9,75.0,4.9,1.3,20.967741935483872,15.06287754833729,136.1,15.256558927540746,0.9822622333488868,1.1656341660087721,6.259071713330575,0,0.710141982218385
Prince Edward Island,PE,2018,12,2018-12,20-24,15.3,74.2,4.5,1.6,26.229508196721312,15.068375663259522,135.3,15.352369439618071,0.9829722953352301,1.1635013678131911,6.259071713330575,0,0.8356987653687632
Prince Edward Island,PE,2019,1,2019-01,20-24,17.6,76.3,4.3,1.8,29.50819672131148,15.070099836825833,135.0,15.388246388936599,0.9837844064140702,1.1606902722670551,6.7095871418301325,0,0.8773329876501276
Prince Edward Island,PE,2019,2,2019-02,20-24,10.5,77.6,5.1,1.7,25.0,15.070707352790713,135.9,15.28695370553495,0.9845821880824182,1.157358907400286,6.7095871418301325,0,0.3012446122729064
Prince Edward Island,PE,2019,3,2019-03,20-24,10.8,75.5,4.9,1.6,24.615384615384617,15.07285549490863,137.0,15.16637321148288,0.9852492618372845,1.1536653012427989,6.7095871418301325,0,0.4740748144203936
Prince Edward Island,PE,2019,4,2019-04,20-24,13.9,79.8,5.3,1.5,22.058823529411764,15.079201546934044,137.8,15.084672955332785,0.9856692491756742,1.1497674818245405,6.7095871418301325,0,0.4789467259406132
Prince Edward Island,PE,2019,5,2019-05,20-24,12.1,91.0,6.9,1.1,13.750000000000002,15.092402792621415,138.2,15.054180354289885,0.9857257715945983,1.1458234771754277,6.7095871418301325,0,-0.2876965081403922
Prince Edward Island,PE,2019,6,2019-06,20-24,6.4,93.1,7.8,0.9,10.344827586206899,15.115116515725287,138.0,15.098687041251672,0.9853024505910641,1.1419913153253758,6.7095871418301325,0,-0.8423648988674125
Prince Edward Island,PE,2019,7,2019-07,20-24,8.3,94.1,7.8,1.0,11.363636363636363,15.15,139.5,14.970806451612903,0.9842829076620825,1.1384290243043325,6.7095871418301325,0,-0.726193010885086
Prince Edward Island,PE,2019,8,2019-08,20-24,6.3,93.1,8.0,1.0,11.11111111111111,15.198880034715545,138.8,15.094853118051423,0.9825888348405156,1.1352669427289037,6.7095871418301325,0,-0.848824022869716
Prince Edward Island,PE,2019,9,2019-09,20-24,5.7,83.7,6.7,1.5,18.292682926829272,15.260261431203968,138.2,15.221613880546071,0.9802942063026336,1.1325246515624625,6.7095871418301325,0,-0.3876733966566495
Prince Edward Island,PE,2019,10,2019-10,20-24,6.7,85.6,6.5,1.7,20.731707317073173,15.331818506312265,138.4,15.270890036814636,0.9775110667605795,1.1301940423550942,6.7095871418301325,0,-0.43452524987093505
Prince Edward Island,PE,2019,11,2019-11,20-24,7.0,81.9,6.1,1.8,22.78481012658228,15.411225576887931,139.0,15.283722631467635,0.9743514609264784,1.1282670066568614,6.7095871418301325,0,-0.20383725118980153
Prince Edward Island,PE,2019,12,2019-12,20-24,4.7,80.2,6.9,1.2,14.814814814814813,15.49615695977855,138.4,15.434575411166712,0.9709274335124514,1.1267354360178305,6.7095871418301325,0,-0.31547089271883155
Prince Edward Island,PE,2020,1,2020-01,20-24,9.4,79.4,5.9,1.9,24.358974358974354,15.584286971830988,139.0,15.45535222350289,0.9673510292306476,1.1255912219880808,7.2496906271004375,1,0.07409619904582805
Prince Edward Island,PE,2020,2,2020-02,20-24,11.5,80.6,5.7,2.1,26.923076923076923,15.673289929892812,138.9,15.554809336470294,0.9637342927931889,1.1248262561176778,7.2496906271004375,1,0.13631526823406062
Prince Edward Island,PE,2020,3,2020-03,20-24,13.1,76.4,5.2,2.0,27.77777777777778,15.760840150811603,137.5,15.800958653013668,0.9601892689121959,1.1244324299566917,7.2496906271004375,1,0.4332751318772787
Prince Edward Island,PE,2020,4,2020-04,20-24,17.6,61.3,4.0,1.6,28.571428571428577,15.844611951434217,136.0,16.060145275773582,0.9568280022998191,1.1244016350551946,7.2496906271004375,1,1.5658145045367489
Prince Edward Island,PE,2020,5,2020-05,20-24,21.5,83.0,6.5,0.8,10.958904109589042,15.922279648608235,136.1,16.127011385456615,0.953762537668179,1.1247257629632563,7.2496906271004375,1,0.5972999069794918
Prince Edward Island,PE,2020,6,2020-06,20-24,22.1,92.0,7.5,0.6,7.4074074074074066,15.991517559181176,137.5,16.032223240240906,0.9511049197293994,1.1253967052309486,7.2496906271004375,1,0.15096211949851182
Prince Edward Island,PE,2020,7,2020-07,20-24,13.6,90.4,7.4,1.5,16.853932584269664,16.05,138.2,16.009352387843705,0.9489671931956256,1.1264063534083388,7.2496906271004375,1,-0.38300177302511523
Prince Edward Island,PE,2020,8,2020-08,20-24,9.6,91.2,7.8,1.7,17.894736842105264,16.096132587691503,138.3,16.04375905432591,0.9474357720386821,1.127740964110189,7.2496906271004375,1,-0.7345077308149746
Prince Edward Island,PE,2020,9,2020-09,20-24,9.4,74.6,5.7,1.9,25.0,16.13124613799936,138.2,16.090392765001532,0.9464945472692067,1.1293642542100246,7.2496906271004375,1,0.18842066101277508
Prince Edward Island,PE,2020,10,2020-10,20-24,14.5,72.8,5.4,1.8,25.0,16.15740276644624,138.6,16.069970933294474,0.9461017791575449,1.1312343056460485,7.2496906271004375,1,0.6752916656034769
Prince Edward Island,PE,2020,11,2020-11,20-24,14.8,71.1,5.2,1.8,25.71428571428572,16.176664588555102,138.3,16.12402902047954,0.9462157279740349,1.1333092003564758,7.2496906271004375,1,0.7811734861890481
Prince Edward Island,PE,2020,12,2020-12,20-24,15.9,71.9,5.3,1.7,24.285714285714285,16.191093719848837,138.2,16.150088779169046,0.9467946539890196,1.1355470202795237,7.2496906271004375,1,0.810528455044122
Prince Edward Island,PE,2021,1,2021-01,20-24,17.1,66.7,4.7,1.7,26.5625,16.202752275850223,139.7,15.988184690235887,0.947796817472837,1.1379058473533918,7.500632197023431,1,1.2379505696223285
Prince Edward Island,PE,2021,2,2021-02,20-24,18.1,72.2,5.4,1.5,21.73913043478261,16.21370237208215,140.8,15.873997670394347,0.949180478695829,1.1403437635162965,7.500632197023431,1,1.0264201708224705
Prince Edward Island,PE,2021,3,2021-03,20-24,15.5,73.0,5.0,2.1,29.5774647887324,16.226006124067514,142.1,15.740710374403285,0.9509038979283417,1.1428188507064565,7.500632197023431,1,0.8212013951486162
Prince Edward Island,PE,2021,4,2021-04,20-24,12.6,75.0,5.8,1.7,22.666666666666664,16.241725647329098,143.2,15.634929332991033,0.952925335440707,1.1452891908620693,7.500632197023431,1,0.5181200104818812
Prince Edward Island,PE,2021,5,2021-05,20-24,14.2,90.6,7.5,1.7,18.47826086956522,16.262923057389784,144.2,15.546767985167696,0.9552030515032698,1.1477128659213525,7.500632197023431,1,-0.23315582463534779
Prince Edward Island,PE,2021,6,2021-06,20-24,7.3,93.2,8.6,1.6,15.686274509803924,16.29166046977252,144.8,15.509705771810369,0.9576953063863786,1.150047957822524,7.500632197023431,1,-0.8849610289718178
Prince Edward Island,PE,2021,7,2021-07,20-24,9.8,94.1,8.8,1.4,13.72549019607843,16.33,146.6,15.35532401091405,0.9603603603603604,1.1522525485037818,7.500632197023431,1,-0.7118223784123558
Prince Edward Island,PE,2021,8,2021-08,20-24,12.1,88.4,8.3,1.1,11.702127659574469,16.37948892007377,147.0,15.359949303620196,0.9631556117592049,1.1542888428495122,7.500632197023431,1,-0.216128641822438
Prince Edward Island,PE,2021,9,2021-09,20-24,10.6,77.7,6.5,1.9,22.619047619047617,16.439615127909946,146.9,15.426827402194593,0.9660350111714702,1.1561355375287716,7.500632197023431,1,0.2676557644056876
Prince Edward Island,PE,2021,10,2021-10,20-24,10.6,77.0,7.3,1.1,13.095238095238097,16.50935167790278,147.8,15.397930506081856,0.9689516472493322,1.1577754521567707,7.500632197023431,1,0.31498872432076164
Prince Edward Island,PE,2021,11,2021-11,20-24,16.1,75.6,6.0,1.8,23.076923076923077,16.587671624446997,148.0,15.450071171824451,0.9718586086449913,1.159191406348734,7.500632197023431,1,0.7903751179257732
Prince Edward Island,PE,2021,12,2021-12,20-24,5.8,69.4,5.6,2.5,30.864197530864203,16.67354802193741,147.4,15.593274049009985,0.9747089840106471,1.160366219719885,7.500632197023431,1,0.3439546458355496
Prince Edward Island,PE,2022,1,2022-01,20-24,9.8,65.6,5.3,2.1,28.37837837837838,16.765953924768116,149.6,15.449109281612866,0.9774558619984757,1.1612827118854372,7.674641148325359,1,0.8947618001594847
Prince Edward Island,PE,2022,2,2022-02,20-24,17.6,72.8,6.0,1.5,20.0,16.86386238733392,151.2,15.374890410674476,0.9800523312606774,1.1619237024606142,7.674641148325359,1,1.0809092823571478
Prince Edward Island,PE,2022,3,2022-03,20-24,13.3,71.4,5.4,2.4,30.769230769230766,16.96624646402968,154.7,15.118274564101432,0.9824514804494503,1.1622720110606368,7.674641148325359,1,0.9064030640202123
Prince Edward Island,PE,2022,4,2022-04,20-24,19.3,69.8,5.1,2.1,29.166666666666668,17.072079209249395,156.0,15.08580845509634,0.9846063982169733,1.1623104573007235,7.674641148325359,1,1.4517119951569264
Prince Edward Island,PE,2022,5,2022-05,20-24,7.0,89.8,8.5,2.1,19.81132075471698,17.180333677387924,160.2,14.783451919025753,0.9864701732154456,1.1620218607960953,7.674641148325359,1,-0.5294944552797769
Prince Edward Island,PE,2022,6,2022-06,20-24,7.8,91.3,9.0,1.7,15.887850467289722,17.289982922840135,160.6,14.840748106559854,0.9879958940970626,1.1613890411619703,7.674641148325359,1,-0.5703424838738462
Prince Edward Island,PE,2022,7,2022-07,20-24,7.0,89.8,9.3,1.3,12.264150943396226,17.4,160.5,14.944485981308409,0.9891366495140081,1.1603948180135717,7.674641148325359,1,-0.5701292239249315
Prince Edward Island,PE,2022,8,2022-08,20-24,3.8,82.0,7.9,2.2,21.782178217821784,17.50952863016125,159.2,15.161360060726937,0.9898552463931117,1.1590331320454237,7.674641148325359,1,-0.4163308909161089
Prince Edward Island,PE,2022,9,2022-09,20-24,11.0,64.1,4.7,2.6,35.61643835616438,17.618395202213076,159.2,15.255626750157491,0.99015336475973,1.157342408269266,7.674641148325359,1,1.1185058654234161
Prince Edward Island,PE,2022,10,2022-10,20-24,14.3,65.6,6.0,1.3,17.808219178082194,17.72659677194263,160.7,15.206044586261928,0.9900424029138504,1.1553721927761582,7.674641148325359,1,1.2902912112610976
Prince Edward Island,PE,2022,11,2022-11,20-24,15.1,56.6,5.0,1.3,20.634920634920636,17.83413039513797,162.3,15.14747304355988,0.9895337591554636,1.1531720316571452,7.674641148325359,1,1.8792991204548184
Prince Edward Island,PE,2022,12,2022-12,20-24,7.0,55.0,4.8,1.8,27.272727272727277,17.940993127587134,158.8,15.574092585880896,0.988638831784556,1.1507914710032707,7.674641148325359,1,1.2616186541206404
Prince Edward Island,PE,2023,1,2023-01,20-24,20.8,59.2,4.3,1.7,28.333333333333332,18.04718202507729,160.1,15.5390633488876,0.9873690191011214,1.1482800569055975,8.18665315942763,1,2.055076147073578
Prince Edward Island,PE,2023,2,2023-02,20-24,12.2,68.7,6.0,1.9,24.050632911392402,18.15269414339649,161.4,15.504020369685291,0.9857357194051473,1.1456873354551689,8.18665315942763,1,0.8818178363502386
Prince Edward Island,PE,2023,3,2023-03,20-24,8.8,68.4,6.3,2.0,24.096385542168672,18.257526538332773,160.7,15.66148122781066,0.983750330996617,1.1430628527430278,8.18665315942763,1,0.6067421082894197
Prince Edward Island,PE,2023,4,2023-04,20-24,13.7,76.1,6.5,2.3,26.13636363636363,18.36167626567331,161.7,15.653414181960828,0.9814242521755303,1.1404561548602383,8.18665315942763,1,0.5322258830462092
Prince Edward Island,PE,2023,5,2023-05,20-24,9.1,89.6,8.9,2.1,19.090909090909093,18.465140381206147,161.3,15.780654690324036,0.9787688812418719,1.137916787897844,8.18665315942763,1,-0.6137269289539932
Prince Edward Island,PE,2023,6,2023-06,20-24,13.7,86.7,9.1,1.1,10.784313725490199,18.567915940719313,161.0,15.898057220050667,0.9757956164956221,1.1354942979468867,8.18665315942763,1,-0.13584493692166685
Prince Edward Island,PE,2023,7,2023-07,20-24,6.0,86.0,8.8,2.2,20.0,18.67,163.8,15.71220695970696,0.9725158562367863,1.1332382310984308,8.18665315942763,1,-0.620752244649374
Prince Edward Island,PE,2023,8,2023-08,20-24,5.5,92.7,10.6,1.5,12.396694214876034,18.77138961483625,164.8,15.701675111681897,0.9689409987653462,1.1311981334435188,8.18665315942763,1,-1.0384791545788887
Prince Edward Island,PE,2023,9,2023-09,20-24,8.5,84.8,8.4,2.3,21.49532710280374,18.87208184101608,163.7,15.891976064655264,0.96508244238128,1.1294235510731965,8.18665315942763,1,-0.41180839131019226
Prince Edward Island,PE,2023,10,2023-10,20-24,3.8,76.1,7.3,2.8,27.72277227722772,18.972073734326692,163.4,16.005510185293357,0.9609515853845981,1.127964030078523,8.18665315942763,1,-0.29185049004200486
Prince Edward Island,PE,2023,11,2023-11,20-24,7.5,76.3,6.9,2.9,29.591836734693878,19.071362350556125,162.9,16.138657458711858,0.9565598260752795,1.1268691165505433,8.18665315942763,1,-0.062105933135724045
Prince Edward Island,PE,2023,12,2023-12,20-24,5.6,77.7,7.1,3.1,30.3921568627451,19.16994474549239,163.0,16.212128117583596,0.9519185627533003,1.126188356580306,8.18665315942763,1,-0.3018323894851645
Prince Edward Island,PE,2024,1,2024-01,20-24,10.3,76.4,6.8,2.8,29.166666666666668,19.267817974922707,162.6,16.334985903094065,0.9470391937186751,1.1259712962588646,8.199923209188189,1,0.09057681929404117
Prince Edward Island,PE,2024,2,2024-02,20-24,10.6,73.8,6.2,3.1,33.33333333333333,19.364979094635096,163.8,16.297084054917264,0.9419331172713807,1.1262674816772664,8.199923209188189,1,0.27114505345565715
Prince Edward Island,PE,2024,3,2024-03,20-24,12.6,73.0,6.6,2.4,26.666666666666668,19.461425160417576,164.8,16.278868072594435,0.9366117317113918,1.1271264589265644,8.199923209188189,1,0.47003425713072483
Prince Edward Island,PE,2024,4,2024-04,20-24,10.9,71.1,7.0,2.0,22.22222222222222,19.55715322805737,165.9,16.25047361354857,0.9310864353387261,1.128597774097804,8.199923209188189,1,0.45963095749886723
Prince Edward Island,PE,2024,5,2024-05,20-24,6.1,80.4,9.3,1.6,14.678899082568808,19.65216035334249,166.4,16.280350388871767,0.925368626453359,1.1307309732820368,8.199923209188189,1,-0.4363592451069185
Prince Edward Island,PE,2024,6,2024-06,20-24,11.0,88.2,9.8,1.4,12.499999999999998,19.746443592060956,166.4,16.35845702623559,0.9194697033552635,1.133575602570321,8.199923209188189,1,-0.5383404084710682
Prince Edward Island,PE,2024,7,2024-07,20-24,9.8,91.7,10.5,1.4,11.76470588235294,19.840000000000003,167.1,16.367109515260324,0.9134010643444604,1.1371812080536912,8.199923209188189,1,-0.8298485935606604
Prince Edward Island,PE,2024,8,2024-08,20-24,6.6,83.4,9.0,2.3,20.353982300884955,19.93282663294763,166.8,16.473262298272363,0.9071741077209236,1.1415973358232039,8.199923209188189,1,-0.619510367619544
Prince Edward Island,PE,2024,9,2024-09,20-24,7.4,75.0,7.0,2.9,29.292929292929294,20.024920546691856,165.3,16.69954807841181,0.9008002317846244,1.1468735319699246,8.199923209188189,1,-0.13670339765405337
Prince Edward Island,PE,2024,10,2024-10,20-24,7.5,73.6,7.3,2.5,25.510204081632654,20.11627879701992,165.5,16.755462430025354,0.894290834835587,1.1530593425848745,8.199923209188189,1,-0.06330362804269422
Prince Edward Island,PE,2024,11,2024-11,20-24,12.7,82.5,7.2,3.1,30.097087378640776,20.206898439719836,165.9,16.790361361756354,0.8876573151737832,1.1602043137591167,8.199923209188189,1,-0.1950241382296486
Prince Edward Island,PE,2024,12,2024-12,20-24,6.5,76.1,6.4,3.7,36.633663366336634,20.296776530579596,163.6,17.10214330525915,0.8809110710991838,1.1683579915837243,8.199923209188189,1,-0.36805384011674397
Prince Edward Island,PE,2015,1,2015-01,25-29,15.5,88.8,5.0,0.9,15.254237288135592,23.564674295774658,126.7,25.638440028986082,1.0175830584030874,1.0947083861963993,5.605105229680024,0,0.9240010524909937
Prince Edward Island,PE,2015,2,2015-02,25-29,13.0,86.3,5.0,1.0,16.666666666666664,23.48508592255702,128.2,25.25287905167305,0.9977965255486672,1.1065900086984575,5.605105229680024,0,1.0155138911832973
Prince Edward Island,PE,2015,3,2015-03,25-29,15.1,91.3,5.2,1.0,16.129032258064516,23.417795166058024,129.8,24.87013146102541,0.9805268880184635,1.116731684947972,5.605105229680024,0,0.6783716845323582
Prince Edward Island,PE,2015,4,2015-04,25-29,15.5,88.8,5.2,0.8,13.333333333333334,23.362221610915498,128.9,24.984346385296362,0.9656445260688269,1.1252298147277227,5.605105229680024,0,1.004892684418407
Prince Edward Island,PE,2015,5,2015-05,25-29,14.7,93.8,5.3,1.1,17.1875,23.317784841766688,129.7,24.78301187692782,0.9530198199559632,1.1321807978205733,5.605105229680024,0,0.34849980927028845
Prince Edward Island,PE,2015,6,2015-06,25-29,8.1,92.5,5.6,1.2,17.647058823529413,23.283904443248975,130.4,24.614158186364044,0.9425231499361032,1.1376810340093721,5.605105229680024,0,-0.1502818187184566
Prince Edward Island,PE,2015,7,2015-07,25-29,9.5,92.5,5.7,0.9,13.636363636363635,23.26,130.3,24.607759017651574,0.9340248962655602,1.1418269230769231,5.605105229680024,0,-0.006200266599118691
Prince Edward Island,PE,2015,8,2015-08,25-29,12.3,91.3,5.9,0.5,7.8125,23.245491096657116,130.1,24.630214816865358,0.9273954392005593,1.1447148648060776,5.605105229680024,0,0.4214617922307386
Prince Edward Island,PE,2015,9,2015-09,25-29,11.4,87.5,5.6,0.6,9.67741935483871,23.239797317857764,129.4,24.757388410098088,0.9225051589973459,1.1464412589796733,5.605105229680024,0,0.7691721021853987
Prince Edward Island,PE,2015,10,2015-10,25-29,5.6,88.8,5.8,0.8,12.121212121212123,23.242338248239435,129.4,24.760095266768207,0.9192244359122026,1.147102505380535,5.605105229680024,0,0.019359586704879767
Prince Edward Island,PE,2015,11,2015-11,25-29,8.5,88.8,5.7,0.7,10.937499999999998,23.252533472439563,129.6,24.732729468949028,0.9174236502013707,1.1467950037915038,5.605105229680024,0,0.31955925791112616
Prince Edward Island,PE,2015,12,2015-12,25-29,7.2,86.3,5.6,0.8,12.500000000000004,23.269802575095653,129.2,24.827726663908173,0.9169731821211069,1.145615153995409,5.605105229680024,0,0.47446170636484747
Prince Edward Island,PE,2016,1,2016-01,25-29,13.7,91.3,5.6,0.7,11.11111111111111,23.293565140845068,129.1,24.8723311747908,0.9177434119276698,1.1436593557750923,5.621855661681111,0,0.53480947817819
Prince Edward Island,PE,2016,2,2016-02,25-29,9.9,87.7,5.8,0.6,9.375,23.323240754325305,129.6,24.807937793084438,0.9196047198773132,1.1410240089133854,5.621855661681111,0,0.5854190186404075
Prince Edward Island,PE,2016,3,2016-03,25-29,11.4,86.4,5.4,0.8,12.903225806451612,23.358249000173917,130.2,24.730680681059713,0.9224274862263021,1.1378055131931135,5.621855661681111,0,0.9043456329261824
Prince Edward Island,PE,2016,4,2016-04,25-29,15.1,90.1,5.5,0.7,11.29032258064516,23.398009463028167,131.1,24.60271246741749,0.9260820912308775,1.1341002683971286,5.621855661681111,0,0.8553021654538027
Prince Edward Island,PE,2016,5,2016-05,25-29,8.3,88.9,5.8,0.8,12.121212121212123,23.441941727525602,131.4,24.592630647940673,0.9304389151473021,1.1300046743082568,5.621855661681111,0,0.30442699189123124
Prince Edward Island,PE,2016,6,2016-06,25-29,4.2,87.7,5.9,0.8,11.940298507462686,23.48946537830382,131.8,24.56769956296799,0.9353683382318467,1.1256151307093203,5.621855661681111,0,0.03173354842409659
Prince Edward Island,PE,2016,7,2016-07,25-29,6.8,90.1,6.1,0.7,10.294117647058822,23.54,131.1,24.75201372997712,0.9407407407407407,1.1210280373831776,5.621855661681111,0,-0.01266788935083459
Prince Edward Island,PE,2016,8,2016-08,25-29,7.8,93.9,6.0,1.1,15.492957746478876,23.59296517725173,130.6,24.902681850567774,0.946426502930253,1.1163397941126516,5.621855661681111,0,-0.38450381725013894
Prince Edward Island,PE,2016,9,2016-09,25-29,10.7,91.5,5.6,1.1,16.417910447761198,23.647780494696626,130.6,24.960540131653367,0.9522960050566565,1.1116468006805633,5.621855661681111,0,0.19287386235850532
Prince Edward Island,PE,2016,10,2016-10,25-29,5.3,91.5,6.3,0.9,12.5,23.70386553697183,131.9,24.773145293946673,0.9582196273761752,1.1070454568697736,5.621855661681111,0,-0.33664170373638513
Prince Edward Island,PE,2016,11,2016-11,25-29,6.8,89.2,6.1,0.8,11.594202898550726,23.760639888714955,131.8,24.851321765245494,0.9640677501450815,1.1026321624631032,5.621855661681111,0,0.08294482554899885
Prince Edward Island,PE,2016,12,2016-12,25-29,6.8,88.0,5.9,0.9,13.23529411764706,23.817523134563608,130.9,25.0820898708907,0.9697107536196468,1.0985033172433765,5.621855661681111,0,0.19826460614863092
Prince Edward Island,PE,2017,1,2017-01,25-29,8.2,88.0,6.2,0.5,7.462686567164178,23.87393485915493,132.3,24.87544913329181,0.9750190180560965,1.09475532099345,5.800053425938293,0,0.36710999360438423
Prince Edward Island,PE,2017,2,2017-02,25-29,8.1,89.2,6.1,0.7,10.294117647058822,23.92929464712654,131.5,25.084815719440254,0.9798629237107029,1.0914845734961465,5.800053425938293,0,0.18712383045215278
Prince Edward Island,PE,2017,3,2017-03,25-29,13.5,88.1,5.9,0.5,7.8125,23.98302208311603,132.4,24.970238626567554,0.9841128508397331,1.0887874745342936,5.800053425938293,0,0.8858547968101264
Prince Edward Island,PE,2017,4,2017-04,25-29,15.6,91.7,5.8,0.7,10.769230769230768,24.034536751760566,133.2,24.873580264490947,0.9876391796994202,1.0867604238907411,5.800053425938293,0,0.6811672895154679
Prince Edward Island,PE,2017,5,2017-05,25-29,9.6,97.6,6.7,0.7,9.459459459459458,24.08325823769775,133.3,24.90530493673394,0.990312290546033,1.0854998213483145,5.800053425938293,0,-0.6441627132703579
Prince Edward Island,PE,2017,6,2017-06,25-29,6.3,94.1,6.7,0.8,10.666666666666668,24.128606125565163,133.4,24.93349591011362,0.9920025636358313,1.0851020666898485,5.800053425938293,0,-0.56581623723706
Prince Edward Island,PE,2017,7,2017-07,25-29,8.8,93.0,6.5,0.8,10.958904109589042,24.17,133.4,24.976270614692652,0.9925803792250617,1.0856635596981803,5.800053425938293,0,-0.183360285026568
Prince Edward Island,PE,2017,8,2017-08,25-29,10.3,90.7,6.2,0.8,11.428571428571429,24.2070174072987,133.6,24.977075970030885,0.9919734493585004,1.0872364504371612,5.800053425938293,0,0.24579471491202717
Prince Edward Island,PE,2017,9,2017-09,25-29,7.8,88.5,5.9,1.1,15.714285714285717,24.239867740393006,133.7,24.992264532634078,0.9903388132349646,1.0896958900947324,5.800053425938293,0,0.2517822303516748
Prince Edward Island,PE,2017,10,2017-10,25-29,9.2,87.4,5.9,1.0,14.492753623188406,24.268918353873243,133.5,25.05970333394327,0.9878908418418002,1.092872780139834,5.800053425938293,0,0.5186028464367195
Prince Edward Island,PE,2017,11,2017-11,25-29,12.0,86.2,5.6,1.0,15.151515151515152,24.29453660233001,134.7,24.862671645368906,0.9848439061663401,1.0965980220414242,5.800053425938293,0,0.973408879598261
Prince Edward Island,PE,2017,12,2017-12,25-29,12.0,86.2,5.9,0.7,10.606060606060606,24.317089840353873,133.5,25.109444453129445,0.9814123771959112,1.1007025172684681,5.800053425938293,0,0.9428905351262741
Prince Edward Island,PE,2018,1,2018-01,25-29,16.9,87.5,5.4,1.1,16.923076923076923,24.336945422535212,134.4,24.961666119765468,0.9778106259178689,1.1050171672898965,6.010153751173986,0,1.3068347788475518
Prince Edward Island,PE,2018,2,2018-02,25-29,14.7,85.2,5.3,1.0,15.873015873015872,24.3544707034646,135.4,24.795153518999964,0.9742530233195409,1.1093728735746728,6.010153751173986,0,1.377986512929163
Prince Edward Island,PE,2018,3,2018-03,25-29,13.3,84.3,5.5,1.0,15.384615384615385,24.370033037732586,135.6,24.774403054951602,0.9709539403882546,1.1136005375917621,6.010153751173986,0,1.3451566705772977
Prince Edward Island,PE,2018,4,2018-04,25-29,15.2,88.8,6.0,0.7,10.44776119402985,24.383999779929578,136.1,24.69753394315424,0.9681277481113653,1.1175310608100946,6.010153751173986,0,1.009657686538539
Prince Edward Island,PE,2018,5,2018-05,25-29,7.2,92.2,6.4,1.3,16.883116883116884,24.39673828464614,136.5,24.63802470724154,0.9659888174761995,1.120995344698634,6.010153751173986,0,-0.20938378808954394
Prince Edward Island,PE,2018,6,2018-06,25-29,3.7,90.0,6.8,1.0,12.820512820512823,24.4086159064728,137.3,24.506392590730332,0.9647515194700919,1.1238242907263418,6.010153751173986,0,-0.28758910835022866
Prince Edward Island,PE,2018,7,2018-07,25-29,8.8,87.9,6.5,0.8,10.958904109589042,24.42,138.0,24.393456521739132,0.9646302250803859,1.1258488003621547,6.010153751173986,0,0.5001162324655737
Prince Edward Island,PE,2018,8,2018-08,25-29,7.5,87.9,6.6,0.9,12.000000000000002,24.43136102688662,137.6,24.475749400845352,0.96577000039381,1.1269528786406007,6.010153751173986,0,0.35688393216145764
Prince Edward Island,PE,2018,9,2018-09,25-29,6.2,89.0,6.7,0.8,10.666666666666668,24.443581877064872,136.0,24.776086483480828,0.9680386918946924,1.1272329448584637,6.010153751173986,0,0.05481555704794835
Prince Edward Island,PE,2018,10,2018-10,25-29,6.3,87.9,6.5,1.0,13.333333333333334,24.457648547535214,136.9,24.62736926426391,0.9712348411667376,1.1268385218780912,6.010153751173986,0,0.21531298939208932
Prince Edward Island,PE,2018,11,2018-11,25-29,7.8,84.6,6.0,1.1,15.492957746478876,24.474547035298194,136.1,24.789245472563234,0.9751569897936677,1.125919132561835,6.010153751173986,0,0.7444307443058932
Prince Edward Island,PE,2018,12,2018-12,25-29,9.1,84.6,6.0,1.0,14.285714285714285,24.495263337354395,135.3,24.95692572841318,0.9796036793592127,1.124624299772041,6.010153751173986,0,0.8567489163048458
Prince Edward Island,PE,2019,1,2019-01,25-29,13.0,84.6,5.7,1.0,14.925373134328357,24.520783450704226,135.0,25.038444434663536,0.9843734514470653,1.1231035463710657,6.122907466365411,0,1.2458329824981849
Prince Edward Island,PE,2019,2,2019-02,25-29,12.7,86.8,5.7,1.2,17.391304347826086,24.552093372348256,135.9,24.904386102856563,0.9892648476409546,1.121506395221256,6.122907466365411,0,0.967965731601598
Prince Edward Island,PE,2019,3,2019-03,25-29,7.6,85.9,5.7,1.7,22.972972972972972,24.590179099287116,137.0,24.742745903917726,0.9940764095246105,1.119982369184957,6.122907466365411,0,0.5738642504869651
Prince Edward Island,PE,2019,4,2019-04,25-29,8.5,89.1,6.2,1.2,16.216216216216214,24.636026628521122,137.8,24.644965680273124,0.998606678681724,1.118680991124528,6.122907466365411,0,0.29444828167031073
Prince Edward Island,PE,2019,5,2019-05,25-29,7.1,90.3,6.8,1.1,13.924050632911392,24.690621957050894,138.2,24.628091438346353,1.0026541966960254,1.117751783902313,6.122907466365411,0,0.009386120938042438
Prince Edward Island,PE,2019,6,2019-06,25-29,6.8,94.6,7.3,0.9,10.975609756097562,24.754951081877127,138.0,24.728043526353346,1.0060175051512408,1.117344270380662,6.122907466365411,0,-0.5491740991849469
Prince Edward Island,PE,2019,7,2019-07,25-29,5.7,93.5,7.3,0.8,9.876543209876544,24.83,139.5,24.536311827956986,1.008495145631068,1.1176079734219269,6.122907466365411,0,-0.5061772188430996
Prince Edward Island,PE,2019,8,2019-08,25-29,4.8,89.4,7.3,0.7,8.75,24.916334781450967,138.8,24.745797907946795,1.009942210527804,1.1186445693543319,6.122907466365411,0,-0.13268177121432342
Prince Edward Island,PE,2019,9,2019-09,25-29,6.0,88.3,7.0,0.9,11.39240506329114,25.01284178838472,138.2,24.949495228139174,1.0104399954680108,1.120364348369614,6.122907466365411,0,0.09681775668405297
Prince Edward Island,PE,2019,10,2019-10,25-29,4.9,86.2,7.0,0.7,9.09090909090909,25.117987455985915,138.4,25.018168864217184,1.0101263468868171,1.1226297541253718,6.122907466365411,0,0.22749271626118472
Prince Edward Island,PE,2019,11,2019-11,25-29,6.3,85.1,6.6,0.9,12.000000000000002,25.230238219439993,139.0,25.02149883848779,1.0091391112193553,1.1253032302792174,6.122907466365411,0,0.5022416583437903
Prince Edward Island,PE,2019,12,2019-12,25-29,8.8,84.2,6.4,0.9,12.32876712328767,25.34806051393247,138.4,25.24732761449126,1.0076161349007529,1.128247220488767,6.122907466365411,0,0.8380828785200785
Prince Edward Island,PE,2020,1,2020-01,25-29,9.1,81.1,6.1,0.9,12.85714285714286,25.469920774647886,139.0,25.259198408526697,1.0056952643661483,1.1313241684116127,6.194367842807159,1,1.2389551581552742
Prince Edward Island,PE,2020,2,2020-02,25-29,6.8,77.1,6.5,0.5,7.142857142857142,25.594285436771752,138.9,25.400808117055334,1.0035143460506695,1.1343965177053699,6.194367842807159,1,1.4655664595110396
Prince Edward Island,PE,2020,3,2020-03,25-29,11.4,82.3,6.5,0.5,7.142857142857142,25.719620935489594,137.5,25.7850890615072,1.0012112263894406,1.1373267120276545,6.194367842807159,1,1.2654648143965384
Prince Edward Island,PE,2020,4,2020-04,25-29,15.8,79.2,5.9,0.5,7.8125,25.84439370598591,136.0,26.195953473309988,0.9989237518176053,1.1399771950360584,6.194367842807159,1,2.03662912455068
Prince Edward Island,PE,2020,5,2020-05,25-29,21.7,85.6,6.0,0.5,7.6923076923076925,25.967070183446246,136.1,26.300959770669106,0.9967897687702882,1.1422104103881983,6.194367842807159,1,1.8602616494251027
Prince Edward Island,PE,2020,6,2020-06,25-29,15.1,88.7,6.7,0.6,8.21917808219178,26.086116803056097,137.5,26.152517827645692,0.9949471236826162,1.1438888017416855,6.194367842807159,1,0.8314733400136892
Prince Edward Island,PE,2020,7,2020-07,25-29,11.1,83.5,6.7,0.5,6.944444444444445,26.2,138.2,26.133646888567295,0.99353366298973,1.1448748127541193,6.194367842807159,1,1.0477948739027114
Prince Edward Island,PE,2020,8,2020-08,25-29,12.4,91.8,7.2,0.6,7.6923076923076925,26.307697995457215,138.3,26.222098110439454,0.9926479777358362,1.1450707935156366,6.194367842807159,1,0.17488773344937067
Prince Edward Island,PE,2020,9,2020-09,25-29,12.5,89.8,6.9,0.8,10.38961038961039,26.410236154581906,138.2,26.343350607157134,0.9922316374014708,1.1445387198464632,6.194367842807159,1,0.40989218429994967
Prince Edward Island,PE,2020,10,2020-10,25-29,4.8,84.7,7.0,0.9,11.39240506329114,26.509151628521124,138.6,26.365703838323498,0.9921869560762538,1.1433804739993532,6.194367842807159,1,0.23043185313134895
Prince Edward Island,PE,2020,11,2020-11,25-29,10.6,86.7,6.7,1.0,12.987012987012985,26.605981568422795,138.3,26.519411129479984,0.9924162478498012,1.1416979382270587,6.194367842807159,1,0.5652888883229528
Prince Edward Island,PE,2020,12,2020-12,25-29,10.7,85.7,6.6,0.8,10.810810810810812,26.702263125434797,138.2,26.634638001745202,0.9928218268117321,1.1395929947823247,6.194367842807159,1,0.681156171363683
Prince Edward Island,PE,2021,1,2021-01,25-29,7.1,85.7,7.3,0.5,6.4102564102564115,26.799533450704224,139.7,26.444636264707068,0.9933060070516618,1.1371675259179148,6.452110304503093,1,0.3361932162349271
Prince Edward Island,PE,2021,2,2021-02,25-29,6.9,87.9,7.6,0.5,6.17283950617284,26.89932969537897,140.8,26.335742887130614,0.9937711026592092,1.134523413886575,6.452110304503093,1,0.06544883242452548
Prince Edward Island,PE,2021,3,2021-03,25-29,7.1,84.8,7.3,0.5,6.4102564102564115,27.003189010606945,142.1,26.19556372351983,0.9941194277239928,1.13176254094105,6.452110304503093,1,0.47489008832415047
Prince Edward Island,PE,2021,4,2021-04,25-29,13.5,89.0,7.2,0.5,6.493506493506493,27.112648547535212,143.2,26.099710909760677,0.994253296335628,1.1289867893341063,6.452110304503093,1,0.63827906224244
Prince Edward Island,PE,2021,5,2021-05,25-29,5.4,91.1,8.1,0.6,6.896551724137931,27.229245457311663,144.2,26.03017674265196,0.994075022583734,1.1262980413184884,6.452110304503093,1,-0.4339105808579648
Prince Edward Island,PE,2021,6,2021-06,25-29,7.2,95.1,8.3,0.6,6.741573033707865,27.354516891084277,144.8,26.041575645276016,0.9934869205579264,1.1237981791469414,6.452110304503093,1,-0.7306194870482235
Prince Edward Island,PE,2021,7,2021-07,25-29,8.2,94.2,8.4,0.5,5.617977528089887,27.49,146.6,25.849225784447476,0.9923913043478261,1.121589085072231,6.452110304503093,1,-0.49658737751993637
Prince Edward Island,PE,2021,8,2021-08,25-29,9.3,93.3,8.2,0.5,5.74712643678161,27.6366290237566,147.0,25.916389870237055,0.9907253314502374,1.1197511593547946,6.452110304503093,1,-0.2844142945802619
Prince Edward Island,PE,2021,9,2021-09,25-29,8.9,86.5,7.8,0.5,6.024096385542168,27.79292655625123,146.9,26.08070065200294,0.988565532990711,1.1182788742858447,6.452110304503093,1,0.46952539345150174
Prince Edward Island,PE,2021,10,2021-10,25-29,7.9,84.8,7.5,0.7,8.536585365853659,27.956812279929576,147.8,26.074740005333503,0.9860232835020035,1.117145220164299,6.452110304503093,1,0.5717124298323585
Prince Edward Island,PE,2021,11,2021-11,25-29,11.6,81.1,6.8,0.8,10.526315789473685,28.126205877238586,148.0,26.197280271468507,0.9832099575168546,1.1163231872890622,6.452110304503093,1,1.3788180594888084
Prince Edward Island,PE,2021,12,2021-12,25-29,10.2,83.0,6.9,1.0,12.658227848101264,28.299027030625265,147.4,26.46554190075775,0.9802369295680005,1.115785765959042,6.452110304503093,1,0.9745755528738963
Prince Edward Island,PE,2022,1,2022-01,25-29,13.7,88.8,7.4,0.8,9.75609756097561,28.47319542253521,149.6,26.23683147724919,0.9772155741882025,1.1155059464731507,6.680023923444976,1,0.6657678838475823
Prince Edward Island,PE,2022,2,2022-02,25-29,10.9,85.2,7.5,0.7,8.536585365853659,28.64663073541542,151.2,26.117315124847988,0.9742572659101977,1.115456719130296,6.680023923444976,1,0.8255445913586211
Prince Edward Island,PE,2022,3,2022-03,25-29,10.6,86.2,7.9,0.6,7.0588235294117645,28.8172526517129,154.7,25.678463335737707,0.971473379266723,1.1156110742293874,6.680023923444976,1,0.729229913938419
Prince Edward Island,PE,2022,4,2022-04,25-29,6.6,83.5,7.7,0.8,9.411764705882353,28.982980853873237,156.0,25.610922504528368,0.968975288790539,1.1159420020693336,6.680023923444976,1,0.6518645547954711
Prince Edward Island,PE,2022,5,2022-05,25-29,5.1,89.1,8.6,0.8,8.51063829787234,29.141735024343454,160.2,25.076080980685052,0.9668743690143824,1.1164224929490436,6.680023923444976,1,-0.10685807096855322
Prince Edward Island,PE,2022,7,2022-07,25-29,4.0,90.1,8.7,0.9,9.375,29.43,160.5,25.276794392523364,0.9643095396931287,1.1177241250233951,6.680023923444976,1,-0.36414774677401285
Prince Edward Island,PE,2022,8,2022-08,25-29,2.9,92.0,9.4,0.6,6.0,29.55591901136748,159.2,25.59223263641336,0.964039047916774,1.1184977391631832,6.680023923444976,1,-0.743519539973358
Prince Edward Island,PE,2022,9,2022-09,25-29,7.3,85.0,8.3,0.6,6.741573033707865,29.66995576856209,159.2,25.690976147589726,0.9644352371909224,1.1193518316223563,6.680023923444976,1,0.5337858872415557
Prince Edward Island,PE,2022,10,2022-10,25-29,5.8,90.4,8.7,1.0,10.309278350515465,29.773443001760562,160.7,25.53994472801925,0.9654334942678106,1.1202983467838008,6.680023923444976,1,-0.24842598731076296
Prince Edward Island,PE,2022,11,2022-11,25-29,9.8,88.7,8.6,0.7,7.526881720430108,29.86771344114059,162.3,25.368233504998337,0.9669692058996784,1.1213492290304101,6.680023923444976,1,0.38600999082774123
Prince Edward Island,PE,2022,12,2022-12,25-29,5.1,85.3,8.4,1.0,10.638297872340425,29.95409981687975,158.8,26.00234672390978,0.9689777588387708,1.122516422745078,6.680023923444976,1,0.23414377849803966
Prince Edward Island,PE,2023,1,2023-01,25-29,8.8,86.4,8.3,1.0,10.75268817204301,30.03393485915493,160.1,25.85994953363215,0.9713945398373159,1.123811872310689,7.216204082102524,1,0.49857886427458675
Prince Edward Island,PE,2023,2,2023-02,25-29,11.5,87.4,7.9,1.3,14.130434782608695,30.108551298143734,161.4,25.71538907341458,0.9741549356475581,1.1252475221101375,7.216204082102524,1,0.672919596644495
Prince Edward Island,PE,2023,3,2023-03,25-29,13.6,85.1,7.6,1.3,14.606741573033707,30.179281864023707,160.7,25.888077193252446,0.977194333021745,1.1268353165263187,7.216204082102524,1,1.1422279610727817
Prince Edward Island,PE,2023,4,2023-04,25-29,12.4,92.6,8.4,1.5,15.151515151515152,30.24745928697183,161.7,25.786099336481552,0.9804481187120991,1.128587199942115,7.216204082102524,1,0.13290173136739925
Prince Edward Island,PE,2023,5,2023-05,25-29,8.7,92.7,9.5,0.9,8.653846153846153,30.31441629716565,161.3,25.907267740634126,0.9838516794708676,1.1305151167404213,7.216204082102524,1,-0.2727668213325478
Prince Edward Island,PE,2023,6,2023-06,25-29,7.7,93.6,10.0,0.8,7.4074074074074066,30.38148562478271,161.0,26.01296766072234,0.9873404020502994,1.1326310113041351,7.216204082102524,1,-0.496082949776904
Prince Edward Island,PE,2023,7,2023-07,25-29,8.2,96.1,10.5,0.7,6.25,30.45,163.8,25.625961538461535,0.9908496732026143,1.134946828016135,7.216204082102524,1,-0.6967528078822017
Prince Edward Island,PE,2023,8,2023-08,25-29,5.6,96.9,11.4,0.3,2.564102564102564,30.521292152995063,164.8,25.53009783549981,0.9943148796800612,1.1374745112593179,7.216204082102524,1,-1.0469135594659322
Prince Edward Island,PE,2023,9,2023-09,25-29,3.4,91.5,11.0,0.5,4.3478260869565215,30.596694813945472,163.7,25.765145877228978,0.9976714082348881,1.1402260054165827,7.216204082102524,1,-0.6537874485009691
Prince Edward Island,PE,2023,10,2023-10,25-29,4.2,90.8,10.9,0.4,3.5398230088495577,30.67754071302817,163.4,25.880654756982455,1.0008546456193161,1.143213254870805,7.216204082102524,1,-0.5022746638566943
Prince Edward Island,PE,2023,11,2023-11,25-29,10.0,90.9,10.3,0.5,4.62962962962963,30.76516258042071,162.9,26.034239789508867,1.0037999785855933,1.1464482040048827,7.216204082102524,1,0.0603739666710729
Prince Edward Island,PE,2023,12,2023-12,25-29,7.5,90.2,10.5,0.5,4.545454545454546,30.860893146300736,163.0,26.099227731396052,1.006442793885966,1.1499427972017173,7.216204082102524,1,-0.11962073070130204
Prince Edward Island,PE,2024,1,2024-01,25-29,8.3,89.6,10.0,1.2,10.714285714285715,30.966065140845068,162.6,26.25259581590094,1.0087184782726584,1.1537089788441803,7.956752305115493,1,0.015221777997463937
Prince Edward Island,PE,2024,2,2024-02,25-29,7.8,83.9,9.8,0.8,7.547169811320755,31.082011294231325,163.8,26.157846501280755,1.0105624184979176,1.157758693315172,7.956752305115493,1,0.6590937738917533
Prince Edward Island,PE,2024,3,2024-03,25-29,9.8,88.5,9.9,1.2,10.81081081081081,31.210064336637227,164.8,26.1062340340136,1.0119100013139863,1.1621038849975953,7.956752305115493,1,0.31871808205813656
Prince Edward Island,PE,2024,4,2024-04,25-29,10.5,88.6,10.0,1.0,9.090909090909092,31.351556998239435,165.9,26.050706041032583,1.0126966134730957,1.1667564982743177,7.956752305115493,1,0.38524206653347354
Prince Edward Island,PE,2024,5,2024-05,25-29,5.5,89.4,10.9,1.1,9.166666666666668,31.50782200921564,166.4,26.101882595975816,1.0128576417274893,1.171728477528241,7.956752305115493,1,-0.22874341306879153
Prince Edward Island,PE,2024,6,2024-06,25-29,5.2,93.1,12.0,0.7,5.511811023622047,31.680192099743685,166.4,26.244678371091748,1.0123284728294042,1.177031767142272,7.956752305115493,1,-0.7206726901691626
Prince Edward Island,PE,2024,7,2024-07,25-29,10.0,89.7,11.1,0.6,5.128205128205128,31.87,167.1,26.291319569120287,1.0110444935310823,1.1826783114992723,7.956752305115493,1,0.1724397877399828
Prince Edward Island,PE,2024,8,2024-08,25-29,6.7,92.5,11.8,0.8,6.349206349206349,32.07857844016238,166.8,26.510983441105417,1.0089410905847622,1.1886800549821466,7.956752305115493,1,-0.5281519921037283
Prince Edward Island,PE,2024,9,2024-09,25-29,3.7,91.8,11.6,1.4,10.769230769230768,32.307260150408844,165.3,26.942261413997933,1.0059536507426738,1.1950489419738037,7.956752305115493,1,-0.804620765444537
Prince Edward Island,PE,2024,10,2024-10,25-29,7.9,94.6,11.6,1.3,10.077519379844961,32.557377860915494,165.5,27.118033463004235,1.0020175607570727,1.2017969168571006,7.956752305115493,1,-0.7321585511963794
Prince Edward Island,PE,2024,11,2024-11,25-29,6.6,91.9,11.0,1.8,14.0625,32.83026430186029,165.9,27.27939682948427,0.9970682073801906,1.208935924014944,7.956752305115493,1,-0.56148712296767
Prince Edward Island,PE,2024,12,2024-12,25-29,10.6,95.3,10.9,1.8,14.173228346456693,33.127252203421435,163.6,27.913152299765553,0.9910409773642497,1.2164779078302466,7.956752305115493,1,-0.6380630654991905
Quebec,QC,2015,1,2015-01,20-24,13.4,75.2,171.0,168.2,49.5872641509434,13.585928804534527,122.6,14.595269491277069,0.9326705992405758,1.2126697831207116,6.433470328017894,0,0.8284362699850686
Quebec,QC,2015,2,2015-02,20-24,12.6,77.0,162.0,187.9,53.70105744498429,13.723829707770749,123.9,14.58872266150906,0.9337743643216788,1.2089907318401227,6.433470328017894,0,0.667712638301366
Quebec,QC,2015,3,2015-03,20-24,10.2,77.7,182.7,179.3,49.530386740331494,13.849303832631552,124.7,14.627656179814334,0.9347998855532856,1.205741480623899,6.433470328017894,0,0.43960956784503913
Quebec,QC,2015,4,2015-04,20-24,8.3,77.5,206.9,161.4,43.8229704045615,13.963004551700449,124.7,14.747747055575088,0.9357480524136529,1.202898965480979,6.433470328017894,0,0.27964191590485554
Quebec,QC,2015,5,2015-05,20-24,9.9,84.2,241.6,151.4,38.524173027989825,14.06558523756199,125.3,14.784954421366539,0.9366197543810467,1.2004401224202752,6.433470328017894,0,0.005826477277517024
Quebec,QC,2015,6,2015-06,20-24,9.2,84.9,264.1,134.4,33.72647427854454,14.15769926280061,125.2,14.893665924425164,0.9374158809337315,1.1983418874507035,6.433470328017894,0,-0.11363255855576582
Quebec,QC,2015,7,2015-07,20-24,7.1,86.4,292.7,121.9,29.401833092136997,14.24,125.3,14.968289438680502,0.938137321549966,1.1965811965811968,6.433470328017894,0,-0.3742232218790877
Quebec,QC,2015,8,2015-08,20-24,6.6,85.7,285.1,127.5,30.901599612215218,14.31314082174462,125.2,15.057187878572531,0.9387849657080151,1.1951349858206706,6.433470328017894,0,-0.3937471360255598
Quebec,QC,2015,9,2015-09,20-24,8.3,79.1,207.0,166.4,44.56347080878415,14.377775100618823,125.1,15.137272546314984,0.9393597028861426,1.1939801911780434,6.433470328017894,0,0.08982763830030653
Quebec,QC,2015,10,2015-10,20-24,7.5,78.5,202.3,171.4,45.86566764784586,14.434556209206457,125.2,15.184914861988023,0.9398624225626085,1.193093748662243,6.433470328017894,0,0.052714287175997354
Quebec,QC,2015,11,2015-11,20-24,7.2,77.9,206.0,165.1,44.48935596874157,14.484137520091902,124.9,15.27367183780708,0.9402940142156769,1.1924525942821873,6.433470328017894,0,0.0423590208418357
Quebec,QC,2015,12,2015-12,20-24,9.4,78.3,191.0,172.9,47.513053036548506,14.527172405859462,124.4,15.380624321718166,0.9406553673236119,1.1920336640467974,6.433470328017894,0,0.15587469014048183
Quebec,QC,2016,1,2016-01,20-24,11.9,75.7,180.9,160.3,46.9812426729191,14.564314239093095,124.6,15.395197067206151,0.9409473713646738,1.1918138939649963,6.297613773362208,0,0.4865860492079738
Quebec,QC,2016,2,2016-02,20-24,10.5,76.1,180.7,167.5,48.10453762205629,14.59621639237712,125.1,15.367252869805515,0.9411709158171263,1.1917702200457043,6.297613773362208,0,0.3667848154876432
Quebec,QC,2016,3,2016-03,20-24,10.9,79.5,171.2,190.3,52.641770401106506,14.623532238295802,125.6,15.334721803759631,0.9413268901592329,1.1918795782978435,6.297613773362208,0,0.2102139209657298
Quebec,QC,2016,4,2016-04,20-24,9.3,79.1,185.0,181.1,49.46735864517891,14.646915149433184,126.0,15.310482403226949,0.941416183869255,1.1921189047303349,6.297613773362208,0,0.12038609940353577
Quebec,QC,2016,5,2016-05,20-24,11.7,84.1,235.2,143.2,37.84355179704017,14.667018498373542,126.2,15.307199377099435,0.9414396864254563,1.1924651353520999,6.297613773362208,0,0.013443325351798707
Quebec,QC,2016,6,2016-06,20-24,8.8,87.3,259.1,146.1,36.05626850937808,14.684495657701113,126.0,15.34976546759035,0.941398287306099,1.1928952061720608,6.297613773362208,0,-0.3957135420118912
Quebec,QC,2016,7,2016-07,20-24,9.0,88.5,287.4,122.2,29.833984375000007,14.7,125.6,15.414908439490446,0.9412928759894459,1.1933860531991374,6.297613773362208,0,-0.4659404543600843
Quebec,QC,2016,8,2016-08,20-24,7.3,84.9,284.6,115.6,28.885557221389302,14.714184897854445,125.3,15.466726011611435,0.94112434195376,1.193914612442252,6.297613773362208,0,-0.39934121567937647
Quebec,QC,2016,9,2016-09,20-24,9.0,81.6,211.9,165.4,43.83779485820302,14.727703723848675,125.8,15.419406290105215,0.9408935746773032,1.1944578199103273,6.297613773362208,0,-0.07238341197993588
Quebec,QC,2016,10,2016-10,20-24,9.0,82.6,202.4,179.3,46.97406340057636,14.741209850566815,125.9,15.421288171049014,0.9406014636383395,1.1949926116122822,6.297613773362208,0,-0.1300600203806814
Quebec,QC,2016,11,2016-11,20-24,9.3,79.7,180.3,186.3,50.81833060556464,14.755356650593097,125.6,15.472957262647553,0.9402488983151309,1.195495923557039,6.297613773362208,0,0.04506672036722825
Quebec,QC,2016,12,2016-12,20-24,6.4,78.1,197.0,173.6,46.842957366432806,14.770797496511756,125.2,15.538635145924408,0.9398367681859393,1.1959446917535215,6.297613773362208,0,-0.0953537377756845
Quebec,QC,2017,1,2017-01,20-24,10.1,76.8,177.5,172.1,49.22768878718535,14.788185760906906,126.2,15.433655305806502,0.9393659627290293,1.1963158522106472,6.175248696705782,0,0.28028158883922466
Quebec,QC,2017,2,2017-02,20-24,8.4,75.7,176.8,173.7,49.55777460770327,14.808174816362776,126.6,15.405687399461145,0.9388373714226627,1.19658634093734,6.175248696705782,0,0.2240092614516974
Quebec,QC,2017,3,2017-03,20-24,6.8,76.9,188.7,173.6,47.91609163676512,14.831418035463635,126.7,15.417690216423491,0.9382518837451004,1.1967330939425214,6.175248696705782,0,0.03351342035618288
Quebec,QC,2017,4,2017-04,20-24,8.3,75.3,182.6,166.1,47.63406940063091,14.858568790793543,127.0,15.409427804362988,0.9376103891746085,1.1967330472351119,6.175248696705782,0,0.23851955462200145
Quebec,QC,2017,5,2017-05,20-24,8.3,82.1,223.8,156.1,41.08976046327981,14.890280454936757,127.1,15.430165394064744,0.9369137771894482,1.1965631368240333,6.175248696705782,0,-0.15568513585304855
Quebec,QC,2017,6,2017-06,20-24,6.5,85.8,278.0,126.7,31.30714109216704,14.927206400477578,126.7,15.517265006547495,0.93616293726788,1.196200298718206,6.175248696705782,0,-0.5229881164341125
Quebec,QC,2017,7,2017-07,20-24,5.6,87.5,306.1,110.4,26.506602641056425,14.97,126.7,15.561750197316496,0.9353587588881707,1.1956214689265536,6.175248696705782,0,-0.6982953771872283
Quebec,QC,2017,8,2017-08,20-24,6.6,82.2,279.6,107.3,27.733264409408115,15.019072133133745,126.7,15.612762106299582,0.9345045692090589,1.1948137294535255,6.175248696705782,0,-0.33373268760067293
Quebec,QC,2017,9,2017-09,20-24,6.2,77.4,203.9,161.5,44.19813902572523,15.073863707690338,127.1,15.620404923947405,0.9336134461111938,1.1938047462856827,6.175248696705782,0,-0.09079914239314239
Quebec,QC,2017,10,2017-10,20-24,8.6,77.5,196.2,160.1,44.93404434465339,15.133573138526279,127.2,15.669950435954393,0.9327009051557101,1.1926323314051235,6.175248696705782,0,0.06921604793759872
Quebec,QC,2017,11,2017-11,20-24,6.8,76.5,198.9,159.6,44.51882845188284,15.197398840498517,127.7,15.674424998308474,0.9317824619037349,1.191334296793939,6.175248696705782,0,-0.00838943465681885
Quebec,QC,2017,12,2017-12,20-24,5.0,75.0,205.9,151.9,42.45388485187255,15.264539228464042,127.5,15.768368791233607,0.9308736319163953,1.189948454434218,6.175248696705782,0,-0.07997039748518235
Quebec,QC,2018,1,2018-01,20-24,8.5,77.5,198.8,157.1,44.1416128125878,15.334192717279286,127.8,15.803137447613402,0.9299899307548258,1.1885126163080608,6.037784172102591,0,0.02818154336906568
Quebec,QC,2018,2,2018-02,20-24,8.9,77.0,186.6,164.9,46.91322901849218,15.405557721801234,128.5,15.790197133143225,0.9291468739801537,1.187064594397557,6.037784172102591,0,0.08975397815076354
Quebec,QC,2018,3,2018-03,20-24,6.7,76.6,206.1,151.9,42.43016759776537,15.477832656886886,128.7,15.839623487574286,0.9283599771535064,1.1856422006847955,6.037784172102591,0,-0.06322177696424465
Quebec,QC,2018,4,2018-04,20-24,7.3,77.3,218.0,141.1,39.292676134781395,15.550215937392649,129.2,15.852113189531142,0.9276447558360178,1.184283247151877,6.037784172102591,0,-0.06185522708481498
Quebec,QC,2018,5,2018-05,20-24,7.9,84.2,241.2,146.8,37.83505154639176,15.621905978175523,129.3,15.912878575990211,0.9270167255888153,1.1830255457808905,6.037784172102591,0,-0.4273211889128677
Quebec,QC,2018,6,2018-06,20-24,7.6,87.2,271.9,131.2,32.547754899528655,15.692101194092501,129.2,15.99675305551032,0.9264914019730274,1.1819069085539262,6.037784172102591,0,-0.6423706915776249
Quebec,QC,2018,7,2018-07,20-24,4.9,86.1,306.2,102.9,25.152774382791492,15.76,129.7,16.004034952454386,0.9260843005497862,1.1809651474530831,6.037784172102591,0,-0.7818034572156919
Quebec,QC,2018,8,2018-08,20-24,4.4,84.3,294.1,107.8,26.82259268474745,15.825001106647356,129.5,16.094861164128798,0.925809195692931,1.1802308605320453,6.037784172102591,0,-0.7388919032067846
Quebec,QC,2018,9,2018-09,20-24,6.8,78.2,212.4,150.4,41.45534729878721,15.887304408353215,129.3,16.183220299949895,0.9256728970271455,1.1797057901308758,6.037784172102591,0,-0.23402001078757706
Quebec,QC,2018,10,2018-10,20-24,5.4,77.0,206.2,155.9,43.05440486053576,15.947310095328065,129.4,16.231790060320716,0.925680472989826,1.1793844646612366,6.037784172102591,0,-0.2816057214856917
Quebec,QC,2018,11,2018-11,20-24,6.4,75.6,205.4,146.1,41.56472261735419,16.0054183577829,128.9,16.35412704582097,0.9258369920183672,1.179261412534785,6.037784172102591,0,-0.15812774135778557
Quebec,QC,2018,12,2018-12,20-24,6.8,74.9,195.8,150.4,43.44309647602542,16.06202938592869,128.9,16.41197145362057,0.9261475225501649,1.1793311621631797,6.037784172102591,0,-0.1029765260861016
Quebec,QC,2019,1,2019-01,20-24,8.7,75.0,195.7,143.2,42.254352316317494,16.11754336997595,129.1,16.443181833363667,0.926617133022613,1.1795882419580792,5.942390040722908,0,0.02453247354313938
Quebec,QC,2019,2,2019-02,20-24,8.4,74.6,185.0,152.6,45.20142180094786,16.172360500135664,130.2,16.359713114736575,0.9272508918731069,1.1800271803311422,5.942390040722908,0,0.046195684697190376
Quebec,QC,2019,3,2019-03,20-24,7.1,76.2,177.8,171.5,49.09819639278557,16.22688096661879,131.0,16.314621735204195,0.9280538675390447,1.1806425056940297,5.942390040722908,0,-0.13049421614987253
Quebec,QC,2019,4,2019-04,20-24,5.1,76.3,177.4,179.1,50.238429172510514,16.281504959635864,131.5,16.30729948587103,0.9290311284578169,1.1814287464583968,5.942390040722908,0,-0.2828979734807339
Quebec,QC,2019,5,2019-05,20-24,6.4,83.2,222.6,160.7,41.92538481607097,16.33663266939785,132.4,16.25128898161084,0.9301877430668208,1.182380431035904,5.942390040722908,0,-0.5669111790990345
Quebec,QC,2019,6,2019-06,20-24,7.0,85.9,256.7,135.1,34.4818785094436,16.39266428611572,132.0,16.356443121342107,0.9315287798034555,1.1834920878382134,5.942390040722908,0,-0.7033307297591816
Quebec,QC,2019,7,2019-07,20-24,5.9,85.6,282.4,113.2,28.61476238624874,16.45,132.6,16.339382227249875,0.9330593071051086,1.1847582452769774,5.942390040722908,0,-0.7635573110349725
Quebec,QC,2019,8,2019-08,20-24,7.5,85.9,288.5,101.8,26.082500640532924,16.508909551387614,132.4,16.42266587737168,0.9347784535026086,1.1861638526452118,5.942390040722908,0,-0.6829083335363254
Quebec,QC,2019,9,2019-09,20-24,6.5,80.2,201.2,166.6,45.296356715606315,16.569140881119353,132.1,16.52001461178977,0.936661587900503,1.1876555427613504,5.942390040722908,0,-0.4556886728046268
Quebec,QC,2019,10,2019-10,20-24,5.9,80.2,198.6,171.9,46.39676113360324,16.630311480161456,132.4,16.54343359415608,0.9386781392967536,1.1891703693251683,5.942390040722908,0,-0.5061575125637411
Quebec,QC,2019,11,2019-11,20-24,6.3,79.8,190.7,176.6,48.08058807514294,16.69203883948067,132.4,16.604838485523164,0.9407975366893373,1.1906453860364534,5.942390040722908,0,-0.46906525954273676
Quebec,QC,2019,12,2019-12,20-24,6.5,79.3,188.9,175.4,48.1471314850398,16.75394045004374,132.4,16.66641671783367,0.9429892090762321,1.1920176465949925,5.942390040722908,0,-0.4411496980313682
Quebec,QC,2020,1,2020-01,20-24,8.3,77.7,192.0,158.2,45.1741861793261,16.8156338028169,132.6,16.70255733116649,0.9452225854553978,1.193224204700562,5.838983194549938,1,-0.22506837887554731
Quebec,QC,2020,2,2020-02,20-24,5.9,79.3,205.2,161.9,44.102424407518384,16.876736388766904,133.2,16.68773890293174,0.9474670948248126,1.1942021140529486,5.838983194549938,1,-0.4910894393458242
Quebec,QC,2020,3,2020-03,20-24,15.6,75.6,187.1,126.4,40.31897926634769,16.936865698860487,132.5,16.835670589338996,0.9496921661824543,1.1948884283519376,5.838983194549938,1,0.40360502296375045
Quebec,QC,2020,4,2020-04,20-24,32.7,70.8,154.2,79.9,34.130713370354556,16.995639224063897,131.7,16.996714625179067,0.9518672285262826,1.1952202012973099,5.838983194549938,1,1.9074783156833217
Quebec,QC,2020,5,2020-05,20-24,30.3,77.6,187.0,78.8,29.64635063957863,17.052674455343876,131.9,17.027894855111825,0.9539617108542757,1.1951344865888498,5.838983194549938,1,1.3324010615038504
Quebec,QC,2020,6,2020-06,20-24,18.0,83.4,232.0,103.9,30.931824947901166,17.10758888366715,132.8,16.966957976051667,0.9559450421644108,1.1945683379263392,5.838983194549938,1,0.10254034913093797
Quebec,QC,2020,7,2020-07,20-24,14.1,84.6,256.6,99.9,28.022440392706876,17.16,133.0,16.993345864661656,0.957786651454649,1.193458809009565,5.838983194549938,1,-0.2623963122482098
Quebec,QC,2020,8,2020-08,20-24,11.8,85.7,261.6,108.8,29.373650107991356,17.209736845209274,132.9,17.055423303143503,0.9594581501061132,1.1917771270671151,5.838983194549938,1,-0.511793571867137
Quebec,QC,2020,9,2020-09,20-24,10.0,82.2,200.2,161.6,44.66556108347153,17.25747465976229,132.5,17.154363962109624,0.960939879032507,1.1896312134427933,5.838983194549938,1,-0.4702319439194496
Quebec,QC,2020,10,2020-10,20-24,11.6,80.1,181.3,164.1,47.51013317892299,17.30410023402611,133.1,17.123172063535105,0.9622143615306668,1.187163163009228,5.838983194549938,1,-0.22341243042397044
Quebec,QC,2020,11,2020-11,20-24,8.9,76.7,175.0,165.5,48.604992657856094,17.350500358368173,133.5,17.117644080150374,0.9632641208974417,1.18451507063903,5.838983194549938,1,-0.2280487912081599
Quebec,QC,2020,12,2020-12,20-24,10.5,71.7,177.4,134.2,43.06803594351732,17.397561823155936,133.4,17.176940568152148,0.964071680429679,1.181829031204807,5.838983194549938,1,0.16182225065752662
Quebec,QC,2021,1,2021-01,20-24,18.3,73.3,163.5,126.2,43.56230583362099,17.446171418756443,134.3,17.109502312822386,0.9646195634242186,1.1792471395791904,5.620332197078402,1,0.6665884868084421
Quebec,QC,2021,2,2021-02,20-24,9.8,73.8,163.9,156.9,48.908977556109726,17.497215935537145,135.3,17.032735763806638,0.9648902931779082,1.176911490634789,5.620332197078402,1,0.026100788237661987
Quebec,QC,2021,3,2021-03,20-24,9.4,78.1,180.5,159.3,46.880517951736316,17.551582163865508,135.4,17.073040134163858,0.9648663929875924,1.1749641792442138,5.620332197078402,1,-0.2597432126241961
Quebec,QC,2021,4,2021-04,20-24,12.5,76.7,186.5,134.8,41.95455960161843,17.610156894108556,136.2,17.029400985767605,0.9645303861501159,1.1735473002800918,5.620332197078402,1,0.061574417646671244
Quebec,QC,2021,5,2021-05,20-24,10.3,80.0,223.1,119.1,34.804208065458795,17.673826916633736,137.3,16.954044332204187,0.963864795962324,1.1728029486150326,5.620332197078402,1,-0.2715604746906484
Quebec,QC,2021,6,2021-06,20-24,6.4,85.9,272.8,109.5,28.642427413026418,17.743479021808575,137.7,16.971416481462395,0.9628521457210587,1.172873219121654,5.620332197078402,1,-0.9030703196957884
Quebec,QC,2021,7,2021-07,20-24,7.4,86.1,273.0,105.6,27.89223454833597,17.82,138.5,16.94615523465704,0.9614749587231699,1.1739002066725714,5.620332197078402,1,-0.8338707068786948
Quebec,QC,2021,8,2021-08,20-24,6.5,83.8,277.2,94.0,25.323275862068968,17.903937049256463,138.7,17.001425442411584,0.9597340591891212,1.1759726588753554,5.620332197078402,1,-0.7830924561279767
Quebec,QC,2021,9,2021-09,20-24,7.5,77.7,209.1,130.7,38.46380223660977,17.99447899835032,139.2,17.026026135591884,0.957703475033855,1.1789659342774073,5.620332197078402,1,-0.36610386033086956
Quebec,QC,2021,10,2021-10,20-24,6.6,76.7,188.2,150.4,44.418192557590075,18.090475083734116,140.2,16.994766922159876,0.9554755350959515,1.182702044161058,5.620332197078402,1,-0.36785334345010634
Quebec,QC,2021,11,2021-11,20-24,3.6,74.7,183.4,156.8,46.090534979423865,18.190774541861135,140.5,17.052502469401855,0.9531425682139746,1.1870029998086626,5.620332197078402,1,-0.49081552668285533
Quebec,QC,2021,12,2021-12,20-24,6.2,77.3,184.8,157.7,46.043795620437955,18.29422660918471,140.2,17.18617757716146,0.9507969032264869,1.1916908125025816,5.620332197078402,1,-0.48018053009565737
Quebec,QC,2022,1,2022-01,20-24,10.0,70.3,166.2,132.3,44.32160804020101,18.399680522157333,141.1,17.17499117958284,0.9485308689720703,1.1965874935251366,5.570635076528008,1,0.20526377670796078
Quebec,QC,2022,2,2022-02,20-24,7.2,73.9,181.7,141.4,43.76354069947384,18.505985517232325,142.6,17.092514089519455,0.9464367942892875,1.2015150541586879,5.570635076528008,1,-0.187794268246493
Quebec,QC,2022,3,2022-03,20-24,5.5,74.6,185.6,146.6,44.13004214328717,18.61199083086302,144.5,16.96438956642388,0.9446070080167027,1.2062955056855955,5.570635076528008,1,-0.32175656151809523
Quebec,QC,2022,4,2022-04,20-24,7.3,74.3,169.7,155.0,47.73637203572529,18.716545699501893,145.5,16.942440136347507,0.9431338389928954,1.2107508593881808,5.570635076528008,1,-0.16537926875080672
Quebec,QC,2022,5,2022-05,20-24,5.7,84.9,253.8,123.1,32.661183337755375,18.81849935960227,147.6,16.79236576211122,0.9421096160564288,1.214703126548805,5.570635076528008,1,-0.8526734888615689
Quebec,QC,2022,6,2022-06,20-24,5.2,86.3,280.3,104.9,27.232606438213914,18.91670104761747,148.7,16.755125535619488,0.9416266680458717,1.217974318449823,5.570635076528008,1,-0.9604916722662896
Quebec,QC,2022,7,2022-07,20-24,6.4,86.5,302.2,79.3,20.786369593709043,19.01,148.6,16.849094324809336,0.9417773237997958,1.2203864463735647,5.570635076528008,1,-0.9065250218125583
Quebec,QC,2022,8,2022-08,20-24,6.3,81.1,250.2,107.4,30.033557046979865,19.09755893924591,148.6,16.92670025991373,0.9426224274652223,1.2218098588314277,5.570635076528008,1,-0.6246449906967564
Quebec,QC,2022,9,2022-09,20-24,8.6,77.0,192.2,139.4,42.03860072376357,19.179794532022076,148.3,17.033976881243476,0.9440968844229971,1.2223082532509593,5.570635076528008,1,-0.24637671506831524
Quebec,QC,2022,10,2022-10,20-24,6.2,76.0,202.7,133.0,39.618707179028895,19.257436931037446,149.2,16.999764895835952,0.946104115362407,1.2219936642887443,5.570635076528008,1,-0.35877954648036564
Quebec,QC,2022,11,2022-11,20-24,6.6,77.2,187.2,152.6,44.90876986462625,19.331216289001638,150.1,16.962573475886682,0.9485475409727506,1.2209781266013733,5.570635076528008,1,-0.3883306330893321
Quebec,QC,2022,12,2022-12,20-24,5.8,77.8,190.1,155.4,44.97829232995659,19.401862758624226,149.0,17.15024837248635,0.951330581943331,1.2193736748454278,5.570635076528008,1,-0.5294214023736218
Quebec,QC,2023,1,2023-01,20-24,8.0,79.7,186.7,159.3,46.040462427745666,19.47010649261422,149.9,17.10723999976472,0.9543566589634284,1.217292343677505,5.587088922583594,1,-0.46386774995794644
Quebec,QC,2023,2,2023-02,20-24,6.2,75.7,177.8,157.9,47.03604408698242,19.53667764368121,150.6,17.0859445638768,0.957529192722345,1.2148461677541875,5.587088922583594,1,-0.3633652983174723
Quebec,QC,2023,3,2023-03,20-24,7.4,75.5,178.7,152.2,45.99576911453611,19.602306364534755,151.3,17.06402578164088,0.9607516039093852,1.2121471817320557,5.587088922583594,1,-0.2572752893901924
Quebec,QC,2023,4,2023-04,20-24,5.5,76.6,188.9,154.9,45.055264688772546,19.667722807883887,152.5,16.98624912451393,0.9639273132138262,1.209307420267712,5.587088922583594,1,-0.4416760078595567
Quebec,QC,2023,5,2023-05,20-24,5.4,82.9,231.1,141.9,38.04289544235925,19.733657126438185,153.5,16.932163457294003,0.966959741324972,1.2064389180177368,5.587088922583594,1,-0.7958257530635349
Quebec,QC,2023,6,2023-06,20-24,5.4,87.1,283.3,109.3,27.84004075394804,19.800839472907217,154.1,16.923657141969425,0.9697523089321253,1.2036537096387099,5.587088922583594,1,-1.0339266123634525
Quebec,QC,2023,7,2023-07,20-24,5.4,86.9,299.3,94.0,23.90033053648614,19.87,154.4,16.94977061744387,0.9722084367245658,1.2010638297872338,5.587088922583594,1,-1.0290756466420419
Quebec,QC,2023,8,2023-08,20-24,6.7,85.4,284.4,98.6,25.744125326370753,19.94186886042612,155.4,16.901610753916497,0.974231545391597,1.1987813131198886,5.587088922583594,1,-0.8345752293633502
Quebec,QC,2023,9,2023-09,20-24,5.3,80.3,217.5,149.2,40.6872102536133,20.01717620689516,155.4,16.965437041504615,0.9757250556225172,1.1969181942932567,5.587088922583594,1,-0.6629239278341061
Quebec,QC,2023,10,2023-10,20-24,6.9,79.8,202.6,157.7,43.76908132112129,20.096652192116114,155.4,17.03279643374063,0.9765923881066134,1.195586507963936,5.587088922583594,1,-0.5324952861851763
Quebec,QC,2023,11,2023-11,20-24,8.4,78.9,199.8,152.5,43.28697133125177,20.181026968798562,155.5,17.093308212318398,0.976736963533186,1.194898288788509,5.587088922583594,1,-0.3848846080185977
Quebec,QC,2023,12,2023-12,20-24,6.2,77.1,189.3,164.9,46.555618294748726,20.27103068965215,155.0,17.224926884406035,0.9760622025915267,1.1949655714235632,5.587088922583594,1,-0.4785180457013645
Quebec,QC,2024,1,2024-01,20-24,9.1,77.3,190.6,155.1,44.86549030951692,20.367393507385774,154.8,17.329169594327745,0.9744715259709348,1.1959003905256866,5.6801120207784495,1,-0.3008923144866139
Quebec,QC,2024,2,2024-02,20-24,8.5,77.9,199.4,153.4,43.480725623582764,20.470845574709074,155.5,17.338784260893725,0.9718683543607045,1.1978147807514652,5.6801120207784495,1,-0.3821988664810805
Quebec,QC,2024,3,2024-03,20-24,7.5,76.3,191.4,159.6,45.47008547008547,20.582117044331742,156.7,17.29952988117758,0.9681561084501197,1.2008207767574963,5.6801120207784495,1,-0.35503639545391424
Quebec,QC,2024,4,2024-04,20-24,7.6,76.7,188.9,165.7,46.7287084038353,20.701938068962555,157.0,17.366992100846772,0.9632382089284955,1.2050304132003513,5.6801120207784495,1,-0.3875137083674904
Quebec,QC,2024,5,2024-05,20-24,6.8,81.3,238.6,142.4,37.3753280839895,20.831038801311212,158.2,17.342739583582162,0.9570180764851188,1.2105557247366239,5.6801120207784495,1,-0.7039344244878553
Quebec,QC,2024,6,2024-06,20-24,9.5,82.2,258.2,118.1,31.384533616795114,20.970149394087482,157.5,17.536148739341414,0.949399131809262,1.2175087460229228,5.6801120207784495,1,-0.603702984679435
Quebec,QC,2024,7,2024-07,20-24,7.6,84.4,283.1,113.8,28.67220962459057,21.12,157.9,17.616719442685245,0.9402847955902618,1.2260015117157974,5.6801120207784495,1,-0.8909824342161419
Quebec,QC,2024,8,2024-08,20-24,9.2,82.1,275.0,106.6,27.93501048218029,21.281320771758526,157.7,17.77379384895601,0.9295784885173947,1.236146056471852,5.6801120207784495,1,-0.6802290293948275
Quebec,QC,2024,9,2024-09,20-24,6.7,76.7,208.4,158.5,43.1997819569365,21.454841862072936,157.4,17.952868256568337,0.9171836312799194,1.2480544149477095,5.6801120207784495,1,-0.6021907002072189
Quebec,QC,2024,10,2024-10,20-24,7.4,77.5,210.6,158.7,42.9731925264013,21.641293423651664,157.9,18.051543305932793,0.9030036445671992,1.2618386217998918,5.6801120207784495,1,-0.620865469058173
Quebec,QC,2024,11,2024-11,20-24,8.5,77.5,208.7,156.5,42.85323110624316,21.841405609204575,157.8,18.230007163787405,0.8869419490684978,1.2776107116850166,5.6801120207784495,1,-0.5842062213733233
Quebec,QC,2024,12,2024-12,20-24,7.6,75.6,205.5,155.1,43.0116472545757,22.055908571441652,157.5,18.444107670456898,0.868901965473058,1.295482719259723,5.6801120207784495,1,-0.5963873458480119
Quebec,QC,2015,1,2015-01,25-29,9.1,82.6,310.5,65.5,17.420212765957448,27.014759103400895,122.6,29.02176914282567,0.9806846958059783,1.0450022115111715,6.245218324499682,0,0.5938152440294885
Quebec,QC,2015,2,2015-02,25-29,9.4,83.9,312.3,68.5,17.988445378151262,26.85717783638384,123.9,28.549750854455652,0.9690368916087022,1.058083658897495,6.245218324499682,0,0.5270476264329589
Quebec,QC,2015,3,2015-03,25-29,11.7,85.0,303.3,72.4,19.270694703220652,26.72475565225125,124.7,28.226728353637466,0.9584345738091825,1.070110279953688,6.245218324499682,0,0.6705304405580416
Quebec,QC,2015,4,2015-04,25-29,9.7,85.2,306.4,78.7,20.43625032459102,26.616159663775335,124.7,28.11202910224333,0.9488338216053771,1.081121576163941,6.245218324499682,0,0.45603856297310824
Quebec,QC,2015,5,2015-05,25-29,7.9,86.6,323.4,75.7,18.9676772738662,26.530056983727185,125.3,27.886908129010923,0.9401907141951552,1.0911570490125442,6.245218324499682,0,0.13181371526218164
Quebec,QC,2015,6,2015-06,25-29,8.6,86.6,337.6,58.9,14.85498108448928,26.465114724878127,125.2,27.840863832980485,0.9324613307763975,1.100256199983776,6.245218324499682,0,0.20915308836559401
Quebec,QC,2015,7,2015-07,25-29,8.3,85.7,344.3,49.6,12.592028433612592,26.42,125.3,27.77122239957436,0.9256017505470459,1.108458530561844,6.245218324499682,0,0.29495471469947443
Quebec,QC,2015,8,2015-08,25-29,8.2,86.8,345.8,54.0,13.506753376688344,26.39337992186408,125.2,27.765400004330527,0.9195680527049782,1.115803542231029,6.245218324499682,0,0.15356916600038154
Quebec,QC,2015,9,2015-09,25-29,7.0,84.4,330.7,63.9,16.193613786112522,26.383921603241852,125.1,27.777636619986513,0.9143163164480811,1.1223307364756039,6.245218324499682,0,0.316953375429648
Quebec,QC,2015,10,2015-10,25-29,7.2,83.0,331.1,56.6,14.598916688160948,26.39029215690485,125.2,27.76215172656291,0.9098026209742833,1.128079614779789,6.245218324499682,0,0.5071737110090487
Quebec,QC,2015,11,2015-11,25-29,6.4,83.7,329.2,65.4,16.573745565129244,26.41115869562449,124.9,27.850838216195964,0.9059830454814696,1.1330896786278584,6.245218324499682,0,0.33040812530020175
Quebec,QC,2015,12,2015-12,25-29,9.7,85.6,323.4,66.1,16.970474967907574,26.445188332172386,124.4,27.998807716370884,0.9028136691675321,1.1374004295040792,6.245218324499682,0,0.4220876871975723
Quebec,QC,2016,1,2016-01,25-29,11.4,83.6,310.2,63.7,17.03664081305162,26.491048179319822,124.6,28.00234192577246,0.9002505712303881,1.141051368892684,6.311157787029746,0,0.8354105276396532
Quebec,QC,2016,2,2016-02,25-29,8.0,83.2,318.6,68.2,17.631851085832473,26.547405349838364,125.1,27.94975629857417,0.898249830867928,1.1440819982779407,6.311157787029746,0,0.5418763155712557
Quebec,QC,2016,3,2016-03,25-29,9.1,86.4,321.0,76.5,19.245283018867926,26.61292695649968,125.6,27.907199478999303,0.8967675272780488,1.1465318191441114,6.311157787029746,0,0.27610090329004205
Quebec,QC,2016,4,2016-04,25-29,10.3,87.5,323.6,74.1,18.632134774955993,26.68628011207489,126.0,27.895281558951297,0.8957597396586583,1.1484403329754382,6.311157787029746,0,0.26852434311469947
Quebec,QC,2016,5,2016-05,25-29,7.3,89.4,349.5,71.0,16.884661117717002,26.766131929335653,126.2,27.934410667138803,0.895182547207652,1.1498470412561843,6.311157787029746,0,-0.27114158201388633
Quebec,QC,2016,6,2016-06,25-29,8.0,89.2,366.5,51.0,12.215568862275449,26.85114952105368,126.0,28.067620250016763,0.8949920291229297,1.150791445470608,6.311157787029746,0,-0.19199402964656742
Quebec,QC,2016,7,2016-07,25-29,7.5,87.6,360.3,53.7,12.971014492753625,26.94,125.6,28.250179140127393,0.8951442646023927,1.1513130471029596,6.311157787029746,0,-0.07393434269624953
Quebec,QC,2016,8,2016-08,25-29,9.3,88.1,358.0,51.1,12.49083353703251,27.031350478946315,125.3,28.41383973927551,0.8955953328439398,1.151451347637498,6.311157787029746,0,0.030114821722163992
Quebec,QC,2016,9,2016-09,25-29,4.3,86.4,366.1,58.5,13.777673104097973,27.12386807066436,125.8,28.39776992957408,0.8963013130454736,1.151245848558478,6.311157787029746,0,-0.2758484242314538
Quebec,QC,2016,10,2016-10,25-29,7.2,85.6,347.3,61.9,15.127077223851417,27.216219887925114,125.9,28.471826537507045,0.8972182844048897,1.1507360513501568,6.311157787029746,0,0.10771424253409302
Quebec,QC,2016,11,2016-11,25-29,6.8,85.8,350.0,63.1,15.274751876059064,27.30707304350031,125.6,28.63510413034252,0.8983023261200903,1.1499614574967898,6.311157787029746,0,0.022605215653741573
Quebec,QC,2016,12,2016-12,25-29,7.2,86.6,343.4,72.8,17.491590581451224,27.39509465016166,125.2,28.819187363272434,0.8995095173889786,1.14896156848263,6.311157787029746,0,-0.055126157886158204
Quebec,QC,2017,1,2017-01,25-29,8.8,87.3,338.6,75.2,18.173030449492508,27.478951820680184,126.2,28.67834347106777,0.900795937409448,1.1477758857919382,6.476279755818036,0,0.042134521783187634
Quebec,QC,2017,2,2017-02,25-29,7.1,85.5,334.1,79.8,19.280019328340174,27.557311667827584,126.6,28.669254272644487,0.9021176653794017,1.1464439109089684,6.476279755818036,0,0.08505161700895847
Quebec,QC,2017,3,2017-03,25-29,6.2,86.6,335.3,89.0,20.9757247230733,27.628841304375552,126.7,28.72098374215046,0.9034307804967433,1.1450051453179722,6.476279755818036,0,-0.14533145556109836
Quebec,QC,2017,4,2017-04,25-29,7.7,87.9,338.8,86.7,20.376028202115158,27.692207843095158,127.0,28.718854656175786,0.9046913619593658,1.1434990905032127,6.476279755818036,0,-0.14739003399547032
Quebec,QC,2017,5,2017-05,25-29,4.9,87.6,356.0,82.2,18.75855773619352,27.746078396758104,127.1,28.752082943926165,0.9058554889651727,1.1419652479489424,6.476279755818036,0,-0.402114999482804
Quebec,QC,2017,6,2017-06,25-29,6.5,89.5,369.1,72.9,16.49321266968326,27.78912007813597,126.7,28.887598186986253,0.9068792407120665,1.1404431191394129,6.476279755818036,0,-0.48289042629060147
Quebec,QC,2017,7,2017-07,25-29,6.4,88.8,371.8,68.1,15.480791088883835,27.82,126.7,28.919698763483293,0.9077186963979418,1.1389722055588882,6.476279755818036,0,-0.41317766135072365
Quebec,QC,2017,8,2017-08,25-29,7.9,90.5,385.6,57.2,12.917795844625113,27.83800635679478,126.7,28.938416894839612,0.9083401635702,1.1375842651334243,6.476279755818036,0,-0.46576735328038454
Quebec,QC,2017,9,2017-09,25-29,6.4,87.4,375.8,60.1,13.78756595549438,27.844911669656604,127.1,28.854499668169595,0.9087508631742349,1.1362800815562941,6.476279755818036,0,-0.23727920425390506
Quebec,QC,2017,10,2017-10,25-29,7.6,88.6,375.4,61.6,14.096109839816934,27.84310954139471,127.2,28.829949312221135,0.9089682445049354,1.1350526949625865,6.476279755818036,0,-0.25528174913232554
Quebec,QC,2017,11,2017-11,25-29,6.4,87.9,375.8,64.7,14.687854710556186,27.834993574818387,127.7,28.708697040590224,0.909009756857194,1.1338951454873785,6.476279755818036,0,-0.27918899985235157
Quebec,QC,2017,12,2017-12,25-29,6.9,86.8,368.9,65.1,15.0,27.822957372736862,127.5,28.741296815431774,0.9088928495259017,1.132800473265748,6.476279755818036,0,-0.10017495635427957
Quebec,QC,2018,1,2018-01,25-29,5.5,87.8,386.0,61.0,13.646532438478747,27.809394537959463,127.8,28.659851374051208,0.9086349718059501,1.1317617184327822,6.618567343483943,0,-0.35327513846405395
Quebec,QC,2018,2,2018-02,25-29,5.7,88.5,384.5,66.1,14.669329782512202,27.79669867329543,128.5,28.490714820456184,0.9082535729922304,1.1307719211235587,6.618567343483943,0,-0.39580567912648074
Quebec,QC,2018,3,2018-03,25-29,5.6,89.9,385.1,74.4,16.19151251360174,27.787263381553995,128.7,28.436784365802964,0.9077661023796326,1.1298241214731564,6.618567343483943,0,-0.5672064202846451
Quebec,QC,2018,4,2018-04,25-29,4.3,88.9,387.3,74.6,16.150681965793463,27.783482265544485,129.2,28.322880366804092,0.9071900092630504,1.1289113596166611,6.618567343483943,0,-0.5662927357660293
Quebec,QC,2018,5,2018-05,25-29,3.4,88.9,398.5,69.2,14.79580927945264,27.787748928076123,129.3,28.305321720046603,0.9065427429373738,1.128026675689152,6.618567343483943,0,-0.6562363695040561
Quebec,QC,2018,6,2018-06,25-29,4.0,90.3,410.3,63.4,13.383998311167405,27.802456971958232,129.2,28.342223454708456,0.9058417526974923,1.1271631098257069,6.618567343483943,0,-0.7672252255093531
Quebec,QC,2018,7,2018-07,25-29,5.1,89.5,423.6,40.9,8.805166846071044,27.83,129.7,28.26093227961964,0.9051044878383008,1.1263137021614118,6.618567343483943,0,-0.5486809452920864
Quebec,QC,2018,8,2018-08,25-29,7.0,90.5,413.6,47.3,10.26252983293556,27.872249093874398,129.5,28.34754806490894,0.9043491300829413,1.1254737615509416,6.618567343483943,0,-0.4848098297225267
Quebec,QC,2018,9,2018-09,25-29,4.8,89.5,392.4,74.7,15.992292870905588,27.92898525070937,129.3,28.44918870117695,0.9035967908675662,1.1246476717273552,6.618567343483943,0,-0.6026676158617724
Quebec,QC,2018,10,2018-10,25-29,3.0,89.2,396.9,77.9,16.40690817186184,27.99946694649605,129.4,28.49894223914027,0.9028693140565865,1.1238420851433146,6.618567343483943,0,-0.7570861356508755
Quebec,QC,2018,11,2018-11,25-29,3.7,90.4,395.4,82.8,17.314930991217064,28.08295265722602,128.9,28.694793557503058,0.9021885435144071,1.1230636542514751,6.618567343483943,0,-0.8535207721946533
Quebec,QC,2018,12,2018-12,25-29,4.4,89.6,397.4,73.5,15.60840942875345,28.178700858891016,128.9,28.79262781709158,0.9015763231054337,1.1223190315044926,6.618567343483943,0,-0.698068947213589
Quebec,QC,2019,1,2019-01,25-29,7.2,90.2,383.3,77.1,16.74630755864466,28.285970027481962,129.1,28.857459094006742,0.9010544966940763,1.1216148693550279,6.686556206595022,0,-0.49143569543032034
Quebec,QC,2019,2,2019-02,25-29,5.4,87.4,380.7,74.3,16.32967032967033,28.404018638990557,130.2,28.733071850310154,0.9006449081447402,1.1209578202557366,6.686556206595022,0,-0.3246123700981495
Quebec,QC,2019,3,2019-03,25-29,4.3,85.3,381.9,67.8,15.076717811874582,28.53210516940862,131.0,28.68638181949766,0.9003694013218317,1.120354536659275,6.686556206595022,0,-0.1796704085864584
Quebec,QC,2019,4,2019-04,25-29,5.8,87.7,391.3,64.2,14.094401756311745,28.669488094726898,131.5,28.714908703241996,0.9002498200897596,1.1198116710183035,6.686556206595022,0,-0.31739079590799235
Quebec,QC,2019,5,2019-05,25-29,5.9,88.6,397.5,62.1,13.511749347258487,28.815425890937178,132.4,28.66489213282113,0.9003080083129296,1.1193358757854779,6.686556206595022,0,-0.4088643645318805
Quebec,QC,2019,6,2019-06,25-29,6.3,89.1,407.9,52.4,11.383880078209865,28.969177034031343,132.0,28.905166857504128,0.9005658098557497,1.1189338034134544,6.686556206595022,0,-0.45758022209659727
Quebec,QC,2019,7,2019-07,25-29,7.3,88.6,407.9,46.2,10.17397049108126,29.13,132.6,28.934115761689295,0.9010450685826257,1.1186121063548935,6.686556206595022,0,-0.2988690294363438
Quebec,QC,2019,8,2019-08,25-29,6.1,88.5,415.0,44.5,9.684439608269859,29.296944026966525,132.4,29.14389478513381,0.9017570427837225,1.1183739079609936,6.686556206595022,0,-0.435644268497336
Quebec,QC,2019,9,2019-09,25-29,4.2,86.9,400.0,60.4,13.119026933101651,29.46822140158037,132.1,29.380850318696556,0.9026706484522378,1.1182082151771264,6.686556206595022,0,-0.4676019719022763
Quebec,QC,2019,10,2019-10,25-29,4.3,87.1,392.0,69.5,15.059588299024917,29.641835172621093,132.4,29.486984195825553,0.9037442160071194,1.1181005058472082,6.686556206595022,0,-0.4944689866633459
Quebec,QC,2019,11,2019-11,25-29,5.9,86.1,388.8,60.5,13.465390607611841,29.815788388869645,132.4,29.66002866856022,0.9049360758673223,1.118036257815153,6.686556206595022,0,-0.23222681467108883
Quebec,QC,2019,12,2019-12,25-29,4.6,87.9,395.1,71.1,15.250965250965248,29.98808409910699,132.4,29.83142429420859,0.9062045584518027,1.1180009489248757,6.686556206595022,0,-0.6022666741446837
Quebec,QC,2020,1,2020-01,25-29,6.4,88.3,394.1,65.2,14.195514913999565,30.156725352112677,132.6,29.953936914915843,0.9075079941795062,1.1179800570202914,6.637570977751972,1,-0.4811405117871334
Quebec,QC,2020,2,2020-02,25-29,5.8,87.4,398.2,60.2,13.132635253054104,30.319715196667666,133.2,29.980173841549835,0.9088047134693892,1.117959059945315,6.637570977751972,1,-0.43790117937212214
Quebec,QC,2020,3,2020-03,25-29,7.7,84.9,379.8,56.9,13.02953972979162,30.475056681552868,132.5,30.29297300955617,0.9100530467404074,1.1179234355438612,6.637570977751972,1,0.017586126452029244
Quebec,QC,2020,4,2020-04,25-29,19.2,83.3,327.2,48.0,12.79317697228145,30.620752855547924,131.7,30.622690387366177,0.9112113244115069,1.117858661659845,6.637570977751972,1,1.3456481938476326
Quebec,QC,2020,5,2020-05,25-29,16.1,86.2,361.7,41.8,10.359355638166047,30.754806767433752,131.9,30.710116310291287,0.9122378769016437,1.1177502161371815,6.637570977751972,1,0.6698920435536557
Quebec,QC,2020,6,2020-06,25-29,8.5,89.3,397.4,58.4,12.812637121544537,30.875221465991174,132.8,30.62141536583776,0.9130910346297729,1.1175835768197846,6.637570977751972,1,-0.4686345435032068
Quebec,QC,2020,7,2020-07,25-29,9.8,91.2,398.9,60.2,13.112611631452845,30.98,133.0,30.679129072681707,0.9137291280148422,1.117344221551571,6.637570977751972,1,-0.570493305709651
Quebec,QC,2020,8,2020-08,25-29,9.2,89.5,398.6,54.5,12.028249834473625,31.06795512233284,132.9,30.789379903967305,0.9141226192683087,1.1170254822352577,6.637570977751972,1,-0.4417380718372033
Quebec,QC,2020,9,2020-09,25-29,6.0,88.8,403.3,62.0,13.324736728992049,31.141138402229153,132.5,30.955074996681244,0.9142904977716341,1.1166521070087745,6.637570977751972,1,-0.7058322867861005
Quebec,QC,2020,10,2020-10,25-29,5.9,86.2,397.1,54.4,12.048726467331118,31.202411113019583,133.1,30.876165016358286,0.9142638846987806,1.1162566980688577,6.637570977751972,1,-0.39461439254015634
Quebec,QC,2020,11,2020-11,25-29,8.0,86.4,391.3,50.6,11.450554424077845,31.254634528035382,133.5,30.835174701348265,0.9140739012237122,1.1158718576122406,6.637570977751972,1,-0.19858634720582935
Quebec,QC,2020,12,2020-12,25-29,7.3,85.6,393.3,47.6,10.796098888636878,31.300669920607696,133.4,30.9037411353826,0.913751668520391,1.1155301878356563,6.637570977751972,1,-0.1828051441966999
Quebec,QC,2021,1,2021-01,25-29,10.4,86.5,386.8,42.8,9.962756052141525,31.343378564067333,134.3,30.738526818384475,0.9133283077627821,1.1152642909358403,6.499086563027151,1,0.04701813018137824
Quebec,QC,2021,2,2021-02,25-29,7.5,86.0,391.2,49.3,11.19182746878547,31.38562173174545,135.3,30.552460671978125,0.9128349401248477,1.115106769109526,6.499086563027151,1,-0.16684527677260208
Quebec,QC,2021,3,2021-03,25-29,5.9,86.3,387.6,61.3,13.655602584094451,31.430260696973214,135.4,30.57331796625195,0.9123026867805497,1.1150902245534478,6.499086563027151,1,-0.3691495931349041
Quebec,QC,2021,4,2021-04,25-29,4.9,85.8,387.7,62.4,13.86358586980671,31.48015673308142,136.2,30.441989547623095,0.911762668903854,1.1152472594643392,6.499086563027151,1,-0.3953171758355864
Quebec,QC,2021,5,2021-05,25-29,5.5,87.6,404.2,51.5,11.301294711432961,31.53817111340122,137.3,30.25375057339805,0.9112460076687228,1.1156104760389345,6.499086563027151,1,-0.5264158670097877
Quebec,QC,2021,6,2021-06,25-29,6.0,90.0,399.7,65.0,13.987518829352272,31.607165111263857,137.7,30.231859391401922,0.9107838242491176,1.1162124764739696,6.499086563027151,1,-0.7602511822169506
Quebec,QC,2021,7,2021-07,25-29,8.6,87.7,394.4,45.0,10.24123805188894,31.69,138.5,30.13600782190133,0.9104072398190045,1.1170858629661753,6.499086563027151,1,-0.20655750729774258
Quebec,QC,2021,8,2021-08,25-29,9.9,89.1,397.6,41.3,9.409888357256776,31.788770205923797,138.7,30.186344214409136,0.9101401623094447,1.1182469437947624,6.499086563027151,1,-0.24756274069623166
Quebec,QC,2021,9,2021-09,25-29,5.4,88.7,388.6,69.4,15.152838427947598,31.9025027672813,139.2,30.185527791958876,0.909977646679899,1.1196468515688467,6.499086563027151,1,-0.6600843722535009
Quebec,QC,2021,10,2021-10,25-29,5.3,88.3,395.2,60.7,13.314323316516782,32.02945787530059,140.2,30.089490116448278,0.9099075346469288,1.121220424980007,6.499086563027151,1,-0.6104894816360737
Quebec,QC,2021,11,2021-11,25-29,4.3,88.9,392.8,70.2,15.161987041036717,32.167895721210606,140.5,30.155017311609353,0.9099176679270943,1.1229025027198343,6.499086563027151,1,-0.7928727504314921
Quebec,QC,2021,12,2021-12,25-29,5.0,89.4,394.0,67.8,14.681680381117365,32.316076496240456,140.2,30.358748753155044,0.9099958882369561,1.12462792347992,6.499086563027151,1,-0.8063642713369946
Quebec,QC,2022,1,2022-01,25-29,7.0,87.9,381.6,62.0,13.976555455365194,32.472260391618,141.1,30.31089507970249,0.9101300372930745,1.1263315259518416,6.379981091038105,1,-0.41592244331489864
Quebec,QC,2022,2,2022-02,25-29,5.7,88.0,388.6,60.9,13.548387096774192,32.63470759857231,142.6,30.142096399920256,0.9103079568120103,1.127948148827191,6.379981091038105,1,-0.5400905356064611
Quebec,QC,2022,3,2022-03,25-29,4.9,89.6,398.6,62.4,13.535791757049893,32.801678308332534,144.5,29.897954190495717,0.9105174885103247,1.129412630797559,6.379981091038105,1,-0.7835893817747567
Quebec,QC,2022,4,2022-04,25-29,4.5,88.7,398.0,59.9,13.081458833806508,32.971432712126415,145.5,29.846133677844104,0.9107464741045769,1.130659810554524,6.379981091038105,1,-0.7102266772096173
Quebec,QC,2022,5,2022-05,25-29,3.9,88.5,409.9,49.1,10.697167755991286,33.14223100118309,147.6,29.573902493998354,0.9109827553113283,1.1316245267896778,6.379981091038105,1,-0.7139935013480209
Quebec,QC,2022,6,2022-06,25-29,5.3,87.7,410.6,37.4,8.348214285714285,33.31233336673171,148.7,29.50579628229067,0.91121417384714,1.132241618194608,6.379981091038105,1,-0.4663747669120324
Quebec,QC,2022,7,2022-07,25-29,4.6,87.6,411.3,40.0,8.863283846665189,33.48,148.6,29.6742597577389,0.9114285714285714,1.1324459234608986,6.379981091038105,1,-0.546865460233137
Quebec,QC,2022,8,2022-08,25-29,5.4,89.6,414.7,42.5,9.295713035870516,33.643810118786185,148.6,29.819449244471496,0.9116171533616012,1.1321948326509037,6.379981091038105,1,-0.7227056305145295
Quebec,QC,2022,9,2022-09,25-29,5.4,89.0,386.6,67.7,14.902047105436935,33.80361904716479,148.3,30.021701452036382,0.9117845793098792,1.1315359413100337,6.379981091038105,1,-0.6757887077812356
Quebec,QC,2022,10,2022-10,25-29,4.5,89.3,397.8,62.7,13.615635179153095,33.95960113577808,149.2,29.978300712185693,0.9119388725264709,1.1305393963544699,6.379981091038105,1,-0.7985011616417919
Quebec,QC,2022,11,2022-11,25-29,2.5,89.7,391.4,81.0,17.146486028789163,34.11193073526965,150.1,29.932215482508155,0.9120880562644438,1.1292753447003891,6.379981091038105,1,-1.045454992881213
Quebec,QC,2022,12,2022-12,25-29,3.8,89.6,397.4,68.8,14.757614757614757,34.26078219628307,149.0,30.28476860247505,0.912240153776865,1.1278139332639652,6.379981091038105,1,-0.9440117759707899
Quebec,QC,2023,1,2023-01,25-29,5.1,90.0,394.3,67.9,14.690610125486803,34.40632986946066,149.9,30.23082297013708,0.9124031883168001,1.1262253089613836,6.373729042578661,1,-0.8522381163234592
Quebec,QC,2023,2,2023-02,25-29,5.5,90.1,389.9,71.4,15.477996965098637,34.54874810544601,150.6,30.214860768402737,0.9125851831373167,1.1245796187088186,6.373729042578661,1,-0.8213122614891812
Quebec,QC,2023,3,2023-03,25-29,4.3,85.2,387.9,54.8,12.378585949853173,34.68821125488262,151.3,30.19647383142872,0.9127941614914817,1.1229470094224432,6.373729042578661,1,-0.3544349543510778
Quebec,QC,2023,4,2023-04,25-29,4.0,87.3,409.7,46.5,10.192897851819378,34.82489366841292,152.5,30.076909531653893,0.913038146632361,1.1213976280184448,6.373729042578661,1,-0.6221064437710835
Quebec,QC,2023,5,2023-05,25-29,3.5,88.6,415.3,50.1,10.764933390631715,34.95896969668041,153.5,29.996010643650052,0.9133251618130217,1.1200016214129964,6.373729042578661,1,-0.8191238165885159
Quebec,QC,2023,6,2023-06,25-29,4.6,89.3,428.4,36.5,7.851150785115078,35.09061369032863,154.1,29.991734229701713,0.9136632302865318,1.1188291365222731,6.373729042578661,1,-0.789927470090572
Quebec,QC,2023,7,2023-07,25-29,4.8,90.2,423.4,45.9,9.780524184956318,35.22,154.4,30.043830958549226,0.9140603753059559,1.1179503202624592,6.373729042578661,1,-0.8837943582848453
Quebec,QC,2023,8,2023-08,25-29,4.6,89.9,426.1,43.5,9.26320272572402,35.347302976338035,155.4,29.958393583280927,0.9145246201243615,1.117435319549729,6.373729042578661,1,-0.8577336522810882
Quebec,QC,2023,9,2023-09,25-29,3.7,89.6,414.0,59.7,12.60291323622546,35.472696969986245,155.4,30.064670506790684,0.9150639879948173,1.1173542813002604,6.373729042578661,1,-0.9270272998943202
Quebec,QC,2023,10,2023-10,25-29,7.6,92.7,410.9,61.1,12.944915254237287,35.59635633158708,155.4,30.169477253364107,0.9156865021703867,1.1177773524302324,6.373729042578661,1,-0.9124585634079652
Quebec,QC,2023,11,2023-11,25-29,5.5,90.8,400.4,73.8,15.563053563897089,35.718455411784056,155.5,30.253493450334783,0.916400185904138,1.1187746798558211,6.373729042578661,1,-0.9100076065636671
Quebec,QC,2023,12,2023-12,25-29,6.0,90.4,395.8,74.5,15.84095258345737,35.83916856122063,155.0,30.453659091940438,0.9172130624491404,1.1204164104932104,6.373729042578661,1,-0.8356340496825546
Quebec,QC,2024,1,2024-01,25-29,5.7,89.5,405.3,62.7,13.397435897435898,35.95867013053933,154.8,30.594680308633404,0.9181331550584557,1.1227726912585687,6.370637055923901,1,-0.7758850317436149
Quebec,QC,2024,2,2024-02,25-29,6.3,88.7,381.3,80.9,17.503245348334055,36.07713447038362,155.5,30.557294228532324,0.9191684869851534,1.1259136690680782,6.370637055923901,1,-0.6139455460320061
Quebec,QC,2024,3,2024-03,25-29,6.9,88.5,380.8,78.5,17.09122577835837,36.19473593139698,156.7,30.4221336628233,0.9203270814823031,1.1299094908379281,6.370637055923901,1,-0.5118437223250312
Quebec,QC,2024,4,2024-04,25-29,6.1,88.1,385.0,77.9,16.828688701663427,36.311648864221915,157.0,30.462081226063024,0.9216169618029653,1.134830303484275,6.370637055923901,1,-0.5507111834607719
Quebec,QC,2024,5,2024-05,25-29,5.5,90.2,403.2,75.6,15.789473684210526,36.42804761950191,158.2,30.327923126118193,0.9230461512002098,1.1407462539233062,6.370637055923901,1,-0.8472828965316445
Quebec,QC,2024,6,2024-06,25-29,5.4,90.4,422.4,59.8,12.401493156366653,36.54410654788043,157.5,30.55976740683864,0.9246226729271078,1.14772748907122,6.370637055923901,1,-0.9101665161413518
Quebec,QC,2024,7,2024-07,25-29,3.6,88.0,421.8,58.0,12.08837015423093,36.66,157.9,30.57902153261558,0.9263545502367175,1.1558441558441561,6.370637055923901,1,-0.8090602328848506
Quebec,QC,2024,8,2024-08,25-29,7.3,90.9,421.0,56.7,11.869374084153234,36.77590232650409,157.7,30.71460242392714,0.9282498063821094,1.1651664011583103,6.370637055923901,1,-0.7947908817167088
Quebec,QC,2024,9,2024-09,25-29,4.8,89.2,421.6,62.1,12.838536282819929,36.89198787803616,157.4,30.870281046821344,0.9303164646163566,1.1757643719298907,6.370637055923901,1,-0.8661189221273324
Quebec,QC,2024,10,2024-10,25-29,4.5,88.6,415.8,67.0,13.87738193869097,37.00843100523874,157.9,30.869656535665946,0.9325625481925143,1.1877082150750176,6.370637055923901,1,-0.8248173116373038
Quebec,QC,2024,11,2024-11,25-29,6.9,88.7,407.1,65.1,13.786531130876744,37.1254060587553,157.8,30.98685270165967,0.9349960803636546,1.2010680775098954,6.370637055923901,1,-0.6056588856144874
Quebec,QC,2024,12,2024-12,25-29,6.0,88.6,415.8,61.0,12.793624161073824,37.24308738922933,157.5,31.144285512527496,0.9376250843828516,1.2159141061507455,6.370637055923901,1,-0.7052554428488431
Saskatchewan,SK,2015,1,2015-01,20-24,9.4,73.4,36.9,11.1,23.125,16.991521599106836,128.2,18.536707423154578,0.8366648904292188,1.260654217260619,6.880619491895457,0,-0.3602316825454009
Saskatchewan,SK,2015,2,2015-02,20-24,10.6,76.2,36.2,12.8,26.122448979591837,16.970847065369878,129.3,18.35664644870473,0.841870261491982,1.2603454994391112,6.880619491895457,0,-0.38584185284598393
Saskatchewan,SK,2015,3,2015-03,20-24,10.9,76.6,35.3,13.5,27.66393442622951,16.95249589678994,130.5,18.168182543794735,0.8464292667108672,1.2604055206620899,6.880619491895457,0,-0.33888654262718326
Saskatchewan,SK,2015,4,2015-04,20-24,7.2,74.2,36.7,12.6,25.5578093306288,16.93635184966506,130.5,18.150880784989056,0.8503837317594879,1.2608086274884325,6.880619491895457,0,-0.4720193184573775
Saskatchewan,SK,2015,5,2015-05,20-24,8.2,83.6,45.6,9.2,16.78832116788321,16.922298680293153,131.1,18.052818379822018,0.8537754823114957,1.2615291664770172,6.880619491895457,0,-0.9107053364086103
Saskatchewan,SK,2015,6,2015-06,20-24,7.1,87.1,48.2,9.3,16.17391304347826,16.910220144972122,131.5,17.985058599053684,0.8566463440405362,1.2625414841867262,6.880619491895457,0,-1.1755053555185917
Saskatchewan,SK,2015,7,2015-07,20-24,6.6,85.8,47.1,9.9,17.36842105263158,16.9,131.4,17.987867833587007,0.8590381426202321,1.2638199271764317,6.880619491895457,0,-1.1389847777962054
Saskatchewan,SK,2015,8,2015-08,20-24,6.7,86.0,48.9,7.9,13.908450704225354,16.891522001674687,131.6,17.95152062779295,0.8609927037242305,1.2653388420050151,6.880619491895457,0,-1.1338268373260247
Saskatchewan,SK,2015,9,2015-09,20-24,5.5,77.4,40.9,10.8,20.889748549323016,16.88466990629413,131.0,18.026425892960198,0.8625518530261734,1.2670725752313599,6.880619491895457,0,-0.7499119464829341
Saskatchewan,SK,2015,10,2015-10,20-24,6.5,76.5,39.7,10.8,21.386138613861387,16.879327470156305,131.7,17.924940074135236,0.8637574161996907,1.268995473414335,6.880619491895457,0,-0.5985561780704568
Saskatchewan,SK,2015,11,2015-11,20-24,7.8,75.0,37.8,11.0,22.540983606557376,16.875378449559143,131.7,17.92074642615484,0.8646512189184258,1.271081883112823,6.880619491895457,0,-0.41515004091877655
Saskatchewan,SK,2015,12,2015-12,20-24,7.8,78.4,38.8,12.0,23.62204724409449,16.8727066008006,130.6,18.068825604979356,0.865275086856018,1.2733061508857098,6.880619491895457,0,-0.6470017398860867
Saskatchewan,SK,2016,1,2016-01,20-24,9.0,77.3,36.7,12.6,25.5578093306288,16.871195680178634,131.0,18.012040528017682,0.8656708456861028,1.2756426232918603,6.675937211579786,0,-0.4806321257652392
Saskatchewan,SK,2016,2,2016-02,20-24,9.4,78.0,35.3,14.1,28.542510121457486,16.87072944399118,131.1,17.997803982869563,0.8658803210823204,1.27806564689016,6.675937211579786,0,-0.48737469411752593
Saskatchewan,SK,2016,3,2016-03,20-24,8.2,77.1,35.0,14.4,29.149797570850204,16.871191648536204,132.2,17.84853816423242,0.8659453387183091,1.2805495682394932,6.675937211579786,0,-0.487346667904804
Saskatchewan,SK,2016,4,2016-04,20-24,12.4,76.7,36.1,10.8,23.027718550106606,16.872466050111644,132.3,17.836394414148632,0.8659077242677072,1.2830687338987257,6.675937211579786,0,-0.14948602719194515
Saskatchewan,SK,2016,5,2016-05,20-24,8.3,83.6,42.9,10.4,19.51219512195122,16.874436405015455,132.7,17.784706492424917,0.8658093034041535,1.2855974904267424,6.675937211579786,0,-0.8356243634570704
Saskatchewan,SK,2016,6,2016-06,20-24,6.4,85.8,45.7,10.2,18.246869409660103,16.876986469545592,133.3,17.70733082760588,0.865691901801286,1.2881101843824287,6.675937211579786,0,-1.0830481822181277
Saskatchewan,SK,2016,7,2016-07,20-24,7.6,86.9,46.9,9.0,16.100178890876567,16.88,132.8,17.777173694779112,0.8655973451327434,1.2905811623246495,6.675937211579786,0,-1.074475248561363
Saskatchewan,SK,2016,8,2016-08,20-24,8.0,87.9,47.7,8.4,14.973262032085563,16.883360752676627,132.5,17.8209712900737,0.8655674590721644,1.2929847708122897,6.675937211579786,0,-1.1130224700635323
Saskatchewan,SK,2016,9,2016-09,20-24,8.5,81.3,42.2,9.5,18.3752417794971,16.886952483873433,132.4,17.838225298139967,0.8656440692931873,1.2952953564042347,6.675937211579786,0,-0.7027119804640383
Saskatchewan,SK,2016,10,2016-10,20-24,7.3,79.1,39.0,12.0,23.52941176470588,16.890658949888355,132.7,17.80180414192265,0.8658690014694503,1.2974872656593497,6.675937211579786,0,-0.6567965157586128
Saskatchewan,SK,2016,11,2016-11,20-24,10.5,75.3,34.8,12.1,25.79957356076759,16.894363907019347,131.7,17.940907963269154,0.866284081274592,1.2995348451365196,6.675937211579786,0,-0.23688086191753524
Saskatchewan,SK,2016,12,2016-12,20-24,8.9,76.4,35.8,12.5,25.87991718426501,16.897951111564375,131.4,17.98568705640442,0.8669311343822526,1.3014124413946286,6.675937211579786,0,-0.42992717909398276
Saskatchewan,SK,2017,1,2017-01,20-24,10.6,77.2,34.8,13.0,27.196652719665277,16.901304319821367,133.1,17.759491009238793,0.8678519864660671,1.303094400992544,6.556089652798054,0,-0.2923594916497451
Saskatchewan,SK,2017,2,2017-02,20-24,10.3,75.6,33.3,13.7,29.148936170212764,16.90430728808828,132.9,17.78937730223135,0.8690884631996755,1.3045550704891506,6.556089652798054,0,-0.2306577958428231
Saskatchewan,SK,2017,3,2017-03,20-24,10.3,72.9,31.3,14.0,30.90507726269316,16.90684377266308,133.0,17.7786691125692,0.8706823902567209,1.3057687964433289,6.556089652798054,0,-0.0735110277424712
Saskatchewan,SK,2017,4,2017-04,20-24,10.7,75.3,32.2,14.4,30.901287553648064,16.908797529843696,134.2,17.62173056031835,0.8726755933108328,1.3067099254139511,6.556089652798054,0,-0.14148763376341233
Saskatchewan,SK,2017,5,2017-05,20-24,10.7,83.4,39.9,11.7,22.674418604651166,16.910052315928088,133.9,17.662522281442687,0.875109898035654,1.3073528039598996,6.556089652798054,0,-0.6151149767377987
Saskatchewan,SK,2017,6,2017-06,20-24,8.5,86.3,42.7,11.9,21.794871794871796,16.910491887214206,133.9,17.662981412939757,0.878027130104831,1.3076717786400534,6.556089652798054,0,-0.944500261029883
Saskatchewan,SK,2017,7,2017-07,20-24,8.3,86.8,45.9,9.2,16.696914700544465,16.91,133.9,17.662467637540452,0.8814691151919867,1.307641196013289,6.556089652798054,0,-0.9878246127304554
Saskatchewan,SK,2017,8,2017-08,20-24,8.0,83.5,42.6,10.5,19.774011299435028,16.908495635766954,134.7,17.556006078636276,0.8854475210461118,1.3072454448101019,6.556089652798054,0,-0.7944744197288994
Saskatchewan,SK,2017,9,2017-09,20-24,8.3,76.3,35.9,12.3,25.518672199170123,16.906038676730663,134.9,17.527430634517586,0.8898533837175836,1.3065090824474472,6.556089652798054,0,-0.35313156809866747
Saskatchewan,SK,2017,10,2017-10,20-24,8.8,74.5,34.5,12.3,26.282051282051285,16.90272423029028,135.4,17.45928241980316,0.8945475813320877,1.305466708513903,6.556089652798054,0,-0.1958393397966798
Saskatchewan,SK,2017,11,2017-11,20-24,8.9,76.7,35.2,13.0,26.970954356846473,16.898647403844933,136.6,17.30173251456378,0.8993909920153453,1.3041529225980397,6.556089652798054,0,-0.2745010189952694
Saskatchewan,SK,2017,12,2017-12,20-24,10.9,77.5,33.4,14.3,29.979035639413,16.893903304793756,135.9,17.385968798402846,0.9042444938930797,1.3026023242884275,6.556089652798054,0,-0.1929870455605338
Saskatchewan,SK,2018,1,2018-01,20-24,11.9,76.0,30.2,15.9,34.490238611713664,16.8885870405359,136.4,17.316786186541663,0.9089689650909742,1.3008495131736475,6.410254192577473,0,-0.015461510016760771
Saskatchewan,SK,2018,2,2018-02,20-24,11.1,74.7,30.3,15.4,33.6980306345733,16.882793718470495,136.7,17.272855826450275,0.9134252837347518,1.2989290888422689,6.410254192577473,0,0.010573484473774744
Saskatchewan,SK,2018,3,2018-03,20-24,9.7,75.3,30.7,16.0,34.26124197002141,16.876618445996662,136.8,17.253916141518147,0.9174743279501328,1.2968756508828598,6.410254192577473,0,-0.12294026447567634
Saskatchewan,SK,2018,4,2018-04,20-24,10.2,75.7,31.0,15.5,33.33333333333333,16.87015633051357,137.5,17.159505072424803,0.9209769758628049,1.2947237988840046,6.410254192577473,0,-0.08486479051830594
Saskatchewan,SK,2018,5,2018-05,20-24,10.5,85.8,37.5,15.1,28.707224334600763,16.863502479420344,137.9,17.102982965440635,0.9237941055984896,1.292508132434271,6.410254192577473,0,-0.6260600988200822
Saskatchewan,SK,2018,6,2018-06,20-24,10.1,88.3,41.1,13.3,24.448529411764707,16.856752000116092,137.5,17.145870837451415,0.9257865952829012,1.2902632511222267,6.410254192577473,0,-0.8095928772653155
Saskatchewan,SK,2018,7,2018-07,20-24,8.4,86.5,41.9,12.2,22.550831792975973,16.85,138.0,17.076905193236712,0.9268153230417383,1.2880237545364566,6.410254192577473,0,-0.8154787609081903
Saskatchewan,SK,2018,8,2018-08,20-24,10.6,85.9,42.9,9.6,18.285714285714285,16.843443741292614,137.6,17.119883497463295,0.9267945342810432,1.28582056889261,6.410254192577473,0,-0.6286183310290104
Saskatchewan,SK,2018,9,2018-09,20-24,6.7,76.6,35.7,13.2,26.99386503067484,16.837689105500207,137.3,17.15142851769907,0.9258519435281505,1.2836699269146636,6.410254192577473,0,-0.39423804241190363
Saskatchewan,SK,2018,10,2018-10,20-24,7.5,75.9,33.9,14.1,29.375,16.833444128950536,138.7,16.974026244663353,0.9241686325907298,1.2815843879536928,6.410254192577473,0,-0.2500192566928992
Saskatchewan,SK,2018,11,2018-11,20-24,6.0,75.7,34.6,14.1,28.952772073921967,16.831416847971298,137.9,17.07044168234846,0.9219256832764435,1.279576511360756,6.410254192577473,0,-0.3743064811270913
Saskatchewan,SK,2018,12,2018-12,20-24,7.9,75.7,33.7,13.9,29.20168067226891,16.83231529889023,137.4,17.133475719388322,0.919304177392948,1.2776588564869114,6.410254192577473,0,-0.2491075770835589
Saskatchewan,SK,2019,1,2019-01,20-24,7.4,75.4,32.9,14.7,30.88235294117647,16.83684751803504,137.4,17.138089028092068,0.9164851967479223,1.275843982683234,6.32816908788093,0,-0.27024397427450336
Saskatchewan,SK,2019,2,2019-02,20-24,7.3,76.2,32.9,15.3,31.742738589211616,16.845721541733454,138.5,17.010935296926142,0.9136498231490233,1.274144449300782,6.32816908788093,0,-0.2913464048088251
Saskatchewan,SK,2019,3,2019-03,20-24,8.2,79.1,35.1,14.3,28.947368421052627,16.859645406313234,139.2,16.939381516652002,0.9109791384039082,1.272572815690616,6.32816908788093,0,-0.37233676087812656
Saskatchewan,SK,2019,4,2019-04,20-24,9.1,79.1,35.7,13.2,26.99386503067484,16.87932714810203,140.6,16.790288497308932,0.908654224320256,1.2711416412038077,6.32816908788093,0,-0.2678760887614376
Saskatchewan,SK,2019,5,2019-05,20-24,9.3,85.6,40.0,12.8,24.242424242424246,16.905474803427584,140.8,16.792411436193483,0.906856162705723,1.2698634851914172,6.32816908788093,0,-0.6253699760087507
Saskatchewan,SK,2019,6,2019-06,20-24,8.9,87.8,42.7,11.7,21.507352941176467,16.938796408617733,140.2,16.897516650370388,0.9057660353679712,1.2687509070045055,6.32816908788093,0,-0.8074419372962026
Saskatchewan,SK,2019,7,2019-07,20-24,9.9,87.5,42.3,11.4,21.229050279329613,16.98,140.7,16.878425728500357,0.9055649241146712,1.2678164659941424,6.32816908788093,0,-0.711198451969155
Saskatchewan,SK,2019,8,2019-08,20-24,8.3,87.2,45.0,9.4,17.279411764705884,17.029372917581096,140.2,16.98787242485518,0.9063806701389729,1.2670687014571362,6.32816908788093,0,-0.8404803269366125
Saskatchewan,SK,2019,9,2019-09,20-24,9.8,80.9,37.2,12.4,25.0,17.08551971608337,139.7,17.104884120438268,0.9081281521759981,1.2665000724732836,6.32816908788093,0,-0.398237236620736
Saskatchewan,SK,2019,10,2019-10,20-24,7.0,75.8,34.4,13.7,28.482328482328484,17.14662425390759,140.9,17.019860116709904,0.9106690083463429,1.2660990180681337,6.32816908788093,0,-0.2929974540318259
Saskatchewan,SK,2019,11,2019-11,20-24,9.6,77.8,34.2,13.7,28.601252609603335,17.21087038945501,140.5,17.132267956478255,0.9138648767706169,1.2658539772672306,6.32816908788093,0,-0.24267490516184162
Saskatchewan,SK,2019,12,2019-12,20-24,7.3,76.7,34.1,14.3,29.54545454545454,17.276441981126883,139.6,17.3084124742868,0.9175773955694367,1.2657533890961201,6.32816908788093,0,-0.39501161960236897
Saskatchewan,SK,2020,1,2020-01,20-24,11.9,78.0,31.9,15.0,31.982942430703627,17.341522887323944,140.6,17.250046148527602,0.921668202863388,1.2657856925803477,6.239838408204313,1,-0.11302404603309273
Saskatchewan,SK,2020,2,2020-02,20-24,11.2,77.5,33.4,13.5,28.78464818763326,17.404296966447454,141.2,17.238923275961263,0.9259989367730859,1.2659393267454595,6.239838408204313,1,-0.13360240776070328
Saskatchewan,SK,2020,3,2020-03,20-24,14.1,74.3,31.3,12.1,27.880184331797235,17.46294807689866,140.0,17.445277236582747,0.9304312354191488,1.2662027306170014,6.239838408204313,1,0.2127428497813435
Saskatchewan,SK,2020,4,2020-04,20-24,21.5,68.5,27.8,8.7,23.835616438356162,17.515660077078323,138.7,17.66193962230266,0.9348267369221581,1.2665643432205183,6.239838408204313,1,1.0394067638373452
Saskatchewan,SK,2020,5,2020-05,20-24,24.0,71.7,31.7,5.2,14.092140921409216,17.5606168253877,139.9,17.555386715539775,0.9390470794027319,1.267012603581556,6.239838408204313,1,1.0689124449144807
Saskatchewan,SK,2020,6,2020-06,20-24,19.1,83.3,37.0,8.7,19.037199124726474,17.596002180227963,141.2,17.428806928161347,0.9429539009814861,1.267535950725662,6.239838408204313,1,0.07341137339833755
Saskatchewan,SK,2020,7,2020-07,20-24,14.8,85.5,37.8,11.6,23.481781376518217,17.62,141.4,17.42789132484677,0.9464088397790054,1.2681228236783793,6.239838408204313,1,-0.3715436128554999
Saskatchewan,SK,2020,8,2020-08,20-24,15.6,84.5,38.0,10.3,21.32505175983437,17.631443060605044,140.8,17.5135244369161,0.9493010172604693,1.2687592525120692,6.239838408204313,1,-0.27653772831460555
Saskatchewan,SK,2020,9,2020-09,20-24,8.7,76.5,35.4,11.9,25.158562367864697,17.63175980794432,140.8,17.513839065857567,0.9516294882693028,1.2694216314863553,6.239838408204313,1,-0.33143601695589503
Saskatchewan,SK,2020,10,2020-10,20-24,9.0,77.8,33.5,14.3,29.916317991631804,17.6230276054191,141.6,17.406266025291238,0.9534207909934752,1.2700839459076694,6.239838408204313,1,-0.3563739898811942
Saskatchewan,SK,2020,11,2020-11,20-24,8.3,75.4,32.0,14.5,31.182795698924732,17.607323816430668,141.6,17.390755391428666,0.9547014636209754,1.2707201810824484,6.239838408204313,1,-0.2671618511107255
Saskatchewan,SK,2020,12,2020-12,20-24,13.6,74.3,29.5,13.8,31.870669745958434,17.586725804380237,140.9,17.456708018388543,0.9554980443397869,1.2713043223171308,6.239838408204313,1,0.17272563306094912
Saskatchewan,SK,2021,1,2021-01,20-24,16.0,73.7,28.1,13.6,32.613908872901675,17.563310932669186,141.9,17.310608843257395,0.9558370713378874,1.271810354918148,6.158287452974238,1,0.42215033415793973
Saskatchewan,SK,2021,2,2021-02,20-24,13.3,73.7,28.6,14.4,33.48837209302326,17.539156564698736,142.4,17.226103969179473,0.9557450828032615,1.272212264191938,6.158287452974238,1,0.24295680404536624
Saskatchewan,SK,2021,3,2021-03,20-24,12.6,75.9,30.0,14.6,32.73542600896861,17.516340063870107,143.3,17.095646388225862,0.9552486169238893,1.2724840354449372,6.158287452974238,1,0.09804624152868653
Saskatchewan,SK,2021,4,2021-04,20-24,9.6,71.3,27.5,15.7,36.34259259259259,17.49693879358468,143.9,17.005508673426665,0.9543742118877556,1.2725996539835798,6.158287452974238,1,0.16112240399856417
Saskatchewan,SK,2021,5,2021-05,20-24,12.1,83.0,32.7,16.1,32.99180327868852,17.48303011724367,143.7,17.015639901281634,0.9531484058828411,1.272533105114302,6.158287452974238,1,-0.32503037895074566
Saskatchewan,SK,2021,6,2021-06,20-24,9.4,88.9,40.6,13.2,24.53531598513011,17.47669139824834,143.8,16.997642080250454,0.9515977370971235,1.2722583741435392,6.158287452974238,1,-0.8584963378029818
Saskatchewan,SK,2021,7,2021-07,20-24,7.6,86.5,43.7,9.7,18.164794007490634,17.48,144.7,16.895118636258925,0.9497487437185931,1.2717494463777286,6.158287452974238,1,-0.8290198823112571
Saskatchewan,SK,2021,8,2021-08,20-24,8.8,88.6,43.5,10.4,19.29499072356215,17.494490256665312,144.9,16.885785022867143,0.9476385002282234,1.2709900194094939,6.158287452974238,1,-0.8576695753325102
Saskatchewan,SK,2021,9,2021-09,20-24,6.4,79.6,34.7,15.0,30.181086519114686,17.519524385472756,145.4,16.851798358630745,0.945346226278967,1.2700026399762123,6.158287452974238,1,-0.5125153340146846
Saskatchewan,SK,2021,10,2021-10,20-24,5.6,74.9,35.0,12.0,25.53191489361702,17.55392157441601,146.1,16.803985043544596,0.9429616778167919,1.268819567101457,6.158287452974238,1,-0.2910146082941643
Saskatchewan,SK,2021,11,2021-11,20-24,6.5,74.0,32.8,13.2,28.695652173913043,17.596501011488947,146.8,16.76442305153377,0.940574610787646,1.2674730598087953,6.158287452974238,1,-0.1627110431405416
Saskatchewan,SK,2021,12,2021-12,20-24,8.8,74.7,32.2,13.1,28.918322295805737,17.646081884685533,145.9,16.91536396336973,0.9382747811374786,1.2659953771217907,6.158287452974238,1,-0.07002921862552625
Saskatchewan,SK,2022,1,2022-01,20-24,8.8,73.0,32.6,11.7,26.410835214446955,17.701483381999314,147.8,16.750338046915562,0.9361519448122568,1.2644187780640201,6.163068079633796,1,0.06885580046990242
Saskatchewan,SK,2022,2,2022-02,20-24,4.1,72.3,30.7,15.5,33.54978354978355,17.761524691424235,149.1,16.660611943671636,0.9342958577579288,1.2627755216590482,6.163068079633796,1,-0.21751025806150914
Saskatchewan,SK,2022,3,2022-03,20-24,8.9,75.7,29.6,16.5,35.79175704989154,17.82502500095429,151.4,16.466170992460142,0.9327962759204462,1.261097866930439,6.163068079633796,1,-0.006456623416406304
Saskatchewan,SK,2022,4,2022-04,20-24,7.1,76.0,32.9,14.2,30.14861995753716,17.89080349858296,152.4,16.418490546627176,0.9317429552457717,1.2594180729017697,6.163068079633796,1,-0.1452637583036777
Saskatchewan,SK,2022,5,2022-05,20-24,8.1,82.8,37.9,13.0,25.540275049115913,17.957679372304224,153.8,16.329851154387825,0.9312256516798553,1.257768398596605,6.163068079633796,1,-0.43760301909884514
Saskatchewan,SK,2022,6,2022-06,20-24,4.9,85.1,38.7,15.5,28.59778597785978,18.02447181011209,155.4,16.221831316447403,0.9313341211686532,1.2561811030385088,6.163068079633796,1,-0.7795596841595124
Saskatchewan,SK,2022,7,2022-07,20-24,2.5,82.4,41.5,12.4,23.00556586270872,18.09,156.4,16.17670875959079,0.9321581196581197,1.2546884452510585,6.163068079633796,1,-0.7919664203483867
Saskatchewan,SK,2022,8,2022-08,20-24,8.7,80.2,38.1,11.1,22.560975609756095,18.15335632940024,154.8,16.401150908501517,0.9337524659067964,1.2533156957665799,6.163068079633796,1,-0.2623106449344264
Saskatchewan,SK,2022,9,2022-09,20-24,6.9,69.4,29.2,14.3,32.87356321839081,18.214725983498152,155.7,16.361472178390574,0.9360322299235834,1.252060171152447,6.163068079633796,1,0.23180242254406433
Saskatchewan,SK,2022,10,2022-10,20-24,7.5,71.0,28.4,15.9,35.89164785553048,18.274567346916868,157.8,16.196771429198655,0.9388775445299488,1.2509121994848056,6.163068079633796,1,0.22639902031891704
Saskatchewan,SK,2022,11,2022-11,20-24,6.0,72.0,29.0,16.8,36.681222707423586,18.333338804280007,157.0,16.33165738599954,0.9421685425473784,1.2498621088397912,6.163068079633796,1,0.023762191035227004
Saskatchewan,SK,2022,12,2022-12,20-24,7.0,74.2,30.0,16.6,35.622317596566525,18.391498740211194,155.7,16.520259224842885,0.9457853567973631,1.24890022729354,6.163068079633796,1,-0.07540713702964835
Saskatchewan,SK,2023,1,2023-01,20-24,9.3,77.9,30.2,17.8,37.083333333333336,18.44950553933356,156.7,16.466605587461984,0.9496081201013636,1.248016882922197,6.264950336994539,1,-0.10270386742848474
Saskatchewan,SK,2023,2,2023-02,20-24,8.4,75.2,30.0,16.9,36.034115138592746,18.507817586270733,157.6,16.424318028256224,0.9535169652808702,1.2472024038018974,6.264950336994539,1,-0.004427536565871719
Saskatchewan,SK,2023,3,2023-03,20-24,10.0,77.9,33.0,14.9,31.106471816283925,18.56689326564633,158.8,16.35223392513341,0.9573920251573736,1.246447118008779,6.264950336994539,1,-0.021857785751069562
Saskatchewan,SK,2023,4,2023-04,20-24,5.8,72.4,34.6,12.1,25.91006423982869,18.62719096208348,160.4,16.24169502891973,0.9611134325523335,1.2457413536189845,6.264950336994539,1,0.008729153811319371
Saskatchewan,SK,2023,5,2023-05,20-24,10.1,82.4,40.2,10.7,21.021611001964633,18.689169060205803,160.4,16.295735886192535,0.9645613202872408,1.2450754387086513,6.264950336994539,1,-0.25758254204567493
Saskatchewan,SK,2023,6,2023-06,20-24,7.9,84.9,42.0,11.9,22.07792207792208,18.75328594463694,160.5,16.34145368685575,0.967615821183584,1.2444397013539157,6.264950336994539,1,-0.5755075431892022
Saskatchewan,SK,2023,7,2023-07,20-24,6.0,83.8,43.4,11.2,20.512820512820515,18.82,161.1,16.33850920753155,0.9701570680628272,1.2438244696309213,6.264950336994539,1,-0.6529473194856312
Saskatchewan,SK,2023,8,2023-08,20-24,8.0,84.1,43.8,10.2,18.88888888888889,18.88976961091861,161.6,16.348339695753246,0.9720651937464594,1.2432200716158046,6.264950336994539,1,-0.5240571788042182
Saskatchewan,SK,2023,9,2023-09,20-24,8.5,72.1,34.1,12.2,26.34989200863931,18.96305316201643,161.2,16.45248765602366,0.9732203310559638,1.2426168353847031,6.264950336994539,1,0.17321619905012386
Saskatchewan,SK,2023,10,2023-10,20-24,6.6,73.4,33.9,14.3,29.66804979253112,19.040309037916522,160.6,16.581232180539278,0.9735026128128141,1.2420050890137593,6.264950336994539,1,-0.07473769594498665
Saskatchewan,SK,2023,11,2023-11,20-24,9.2,74.0,34.3,13.1,27.637130801687764,19.12199562324254,160.6,16.652368853511806,0.9727921718384953,1.2413751605791101,6.264950336994539,1,0.06608151159246099
Saskatchewan,SK,2023,12,2023-12,20-24,12.4,71.7,31.5,13.3,29.687500000000007,19.208571302618182,159.9,16.80099292119246,0.9709691409544816,1.2407173781568932,6.264950336994539,1,0.3977922481947567
Saskatchewan,SK,2024,1,2024-01,20-24,8.6,69.7,30.9,14.6,32.08791208791209,19.300494460666435,159.7,16.902535928478645,0.9679136529822631,1.2400220698232511,6.582987944237692,1,0.2043633431022537
Saskatchewan,SK,2024,2,2024-02,20-24,7.2,73.4,32.7,16.3,33.265306122448976,19.398223482010987,160.3,16.92453653039043,0.9635058407433174,1.2392795636543206,6.582987944237692,1,-0.11680653144665332
Saskatchewan,SK,2024,3,2024-03,20-24,10.9,74.8,31.9,16.4,33.95445134575569,19.502216751275594,161.2,16.920270044285477,0.9576258370591065,1.2384801877262388,6.582987944237692,1,0.07897044059718326
Saskatchewan,SK,2024,4,2024-04,20-24,11.6,74.8,32.2,16.0,33.19502074688796,19.61293265308313,162.0,16.932296744685914,0.9501537747511435,1.2376142701151491,6.582987944237692,1,0.12792160418202536
Saskatchewan,SK,2024,5,2024-05,20-24,9.9,85.7,42.1,14.5,25.618374558303884,19.73082957205735,162.8,16.9503743196068,0.9409697866408946,1.236672138897188,6.582987944237692,1,-0.6263905721498311
Saskatchewan,SK,2024,6,2024-06,20-24,9.1,89.3,45.0,14.7,24.623115577889447,19.856365892822044,162.8,17.0582201463571,0.929954005549808,1.235644122148492,6.582987944237692,1,-0.9189427783987343
Saskatchewan,SK,2024,7,2024-07,20-24,6.6,89.5,49.2,12.7,20.516962843295637,19.99,163.6,17.089046964140177,0.9169865642994242,1.2345205479452055,6.582987944237692,1,-1.123825924669999
Saskatchewan,SK,2024,8,2024-08,20-24,8.7,87.8,48.0,11.7,19.597989949748744,20.132190278215,163.4,17.231668168058054,0.9019475957111963,1.2332917443634648,6.582987944237692,1,-0.9066136808735433
Saskatchewan,SK,2024,9,2024-09,20-24,8.7,75.6,36.2,15.4,29.844961240310074,20.283395112090933,162.3,17.478754372880573,0.884717232606555,1.2319480394794051,6.582987944237692,1,-0.2711013019160879
Saskatchewan,SK,2024,10,2024-10,20-24,5.4,76.1,38.6,15.2,28.25278810408922,20.444072886250424,163.1,17.530802945531416,0.8651756078070744,1.2304797613691731,6.582987944237692,1,-0.5579124950308532
Saskatchewan,SK,2024,11,2024-11,20-24,8.9,77.9,38.2,15.1,28.330206378986865,20.614681985317343,163.2,17.66626877857337,0.8432028541341914,1.2288772381089035,6.582987944237692,1,-0.43512890658232584
Saskatchewan,SK,2024,12,2024-12,20-24,8.8,78.4,38.7,14.9,27.798507462686565,20.795680793915643,162.8,17.865167422414324,0.8186791044093162,1.227130797774731,6.582987944237692,1,-0.521345723788431
Saskatchewan,SK,2015,1,2015-01,25-29,9.1,86.7,54.7,7.5,12.057877813504822,27.700936533837176,128.2,30.220021960958746,0.8119251773520143,1.1343441606655476,7.505190650591244,0,-0.04589010364306423
Saskatchewan,SK,2015,2,2015-02,25-29,8.3,85.2,54.8,6.6,10.749185667752442,27.929360279601237,129.3,30.21000603071329,0.8165711235560191,1.1388669761400458,7.505190650591244,0,0.05329200176506362
Saskatchewan,SK,2015,3,2015-03,25-29,5.6,86.7,57.9,6.5,10.093167701863354,28.135505638468146,130.5,30.153141196067104,0.8208371091523371,1.14290093918558,7.505190650591244,0,-0.3958443931043129
Saskatchewan,SK,2015,4,2015-04,25-29,5.1,86.8,58.1,6.7,10.339506172839506,28.32050745018894,130.5,30.35140974051858,0.8247380107170204,1.146471604341732,7.505190650591244,0,-0.4835275205243406
Saskatchewan,SK,2015,5,2015-05,25-29,6.4,87.9,59.1,5.8,8.936825885978427,28.485500554516364,131.1,30.388517404427162,0.8282887048261566,1.1496045261481171,7.505190650591244,0,-0.4869320529863914
Saskatchewan,SK,2015,6,2015-06,25-29,4.7,88.7,59.8,6.8,10.21021021021021,28.631619791202926,131.5,30.45148763978192,0.8315040680558294,1.1523252591443462,7.505190650591244,0,-0.7646206582796146
Saskatchewan,SK,2015,7,2015-07,25-29,6.2,87.7,56.8,8.0,12.34567901234568,28.76,131.4,30.61130644342973,0.8343989769820972,1.1546593578700077,7.505190650591244,0,-0.510977882412824
Saskatchewan,SK,2015,8,2015-08,25-29,7.9,88.2,56.8,7.2,11.25,28.871776020660153,131.6,30.68357503512787,0.8369883081810443,1.1566323768647138,7.505190650591244,0,-0.4058612984689634
Saskatchewan,SK,2015,9,2015-09,25-29,6.1,85.8,57.0,6.6,10.377358490566037,28.968082692935774,131.0,30.926929506077673,0.8392869382287521,1.158269870668072,7.505190650591244,0,-0.3324694607072555
Saskatchewan,SK,2015,10,2015-10,25-29,6.9,87.6,57.7,6.7,10.403726708074533,29.050054856578498,131.7,30.849599510121294,0.8413097437012838,1.1595973938196769,7.505190650591244,0,-0.45681421932596394
Saskatchewan,SK,2015,11,2015-11,25-29,7.7,88.3,57.1,7.1,11.059190031152646,29.118827351340748,131.7,30.922632209412285,0.8430716011747214,1.1606405008591376,7.505190650591244,0,-0.4678837116569034
Saskatchewan,SK,2015,12,2015-12,25-29,6.6,86.2,54.6,8.9,14.015748031496065,29.175535016974823,130.6,31.243810885010745,0.8445873872251441,1.1614247463260594,7.505190650591244,0,-0.3684360005231068
Saskatchewan,SK,2016,1,2016-01,25-29,7.3,87.2,53.9,9.9,15.517241379310345,29.221312693232566,131.0,31.197283138073924,0.8458719784286194,1.161975684760042,7.4382472505407335,0,-0.41091919473906646
Saskatchewan,SK,2016,2,2016-02,25-29,7.7,87.2,54.4,9.0,14.195583596214512,29.257295219866293,131.1,31.211872977054156,0.8469402513612271,1.1623188707006908,7.4382472505407335,0,-0.3717834691953153
Saskatchewan,SK,2016,3,2016-03,25-29,8.4,89.6,56.1,8.6,13.29211746522411,29.28461743662822,132.2,30.981072518843384,0.8478070825990447,1.162479858687611,7.4382472505407335,0,-0.5593129913834022
Saskatchewan,SK,2016,4,2016-04,25-29,8.8,88.2,55.5,7.9,12.46056782334385,29.304414183270353,132.3,30.978582970384622,0.848487348718143,1.1624842032604046,7.4382472505407335,0,-0.35022976352645935
Saskatchewan,SK,2016,5,2016-05,25-29,5.8,89.3,59.5,6.9,10.391566265060241,29.317820299544923,132.7,30.899332962023514,0.8489959262946003,1.1623574589586763,7.4382472505407335,0,-0.7793498821778139
Saskatchewan,SK,2016,6,2016-06,25-29,6.5,89.4,58.1,7.8,11.836115326251896,29.325970625204103,133.3,30.768802513303353,0.8493476919044928,1.162125180322029,7.4382472505407335,0,-0.7035503587917514
Saskatchewan,SK,2016,7,2016-07,25-29,7.6,88.0,57.7,6.5,10.12461059190031,29.33,132.8,30.888892444779106,0.8495575221238938,1.1618129218900677,7.4382472505407335,0,-0.43798142695226155
Saskatchewan,SK,2016,8,2016-08,25-29,7.3,88.0,58.2,6.1,9.486780715396579,29.331043263684787,132.5,30.959930760655457,0.8496402935288803,1.1614462382023956,7.4382472505407335,0,-0.4774717575078704
Saskatchewan,SK,2016,9,2016-09,25-29,5.5,87.8,58.6,6.8,10.39755351681957,29.330235256010617,132.4,30.98246086994122,0.8496108826955273,1.1610506837986156,7.4382472505407335,0,-0.6405117968006603
Saskatchewan,SK,2016,10,2016-10,25-29,6.3,88.7,58.3,7.1,10.856269113149848,29.328710816729647,132.7,30.910810954356545,0.8494841661999107,1.1606518132183332,7.4382472505407335,0,-0.6576648898009582
Saskatchewan,SK,2016,11,2016-11,25-29,5.4,86.8,57.1,7.4,11.472868217054264,29.32760478559402,131.7,31.14434264215543,0.8492750206181059,1.1602751810011513,7.4382472505407335,0,-0.5508843400629
Saskatchewan,SK,2016,12,2016-12,25-29,7.6,87.2,56.7,6.8,10.708661417322835,29.328052002355896,131.4,31.215924451771876,0.8489983225261877,1.1599463416866729,7.4382472505407335,0,-0.38251952628802993
Saskatchewan,SK,2017,1,2017-01,25-29,9.5,85.4,51.4,9.4,15.460526315789474,29.33118730676743,133.1,30.82051819242911,0.8486689485002329,1.1596908498145033,7.325625482103868,0,0.07663375615947188
Saskatchewan,SK,2017,2,2017-02,25-29,7.9,87.2,54.0,9.2,14.556962025316453,29.338145538580765,132.9,30.874222258214253,0.8483017751163167,1.1595342599242455,7.325625482103868,0,-0.30955624735467174
Saskatchewan,SK,2017,3,2017-03,25-29,7.2,87.0,55.3,8.2,12.913385826771654,29.350061537548093,133.0,30.86353902159584,0.8479116789505128,1.1595021265555032,7.325625482103868,0,-0.3559036665625816
Saskatchewan,SK,2017,4,2017-04,25-29,7.5,86.8,53.7,9.5,15.031645569620252,29.3680701434215,134.2,30.606328937968396,0.8475135365788996,1.1596200042478804,7.325625482103868,0,-0.26941303908286346
Saskatchewan,SK,2017,5,2017-05,25-29,9.1,89.1,55.5,8.1,12.735849056603774,29.393306195953166,133.9,30.701260759688942,0.8471222245775512,1.1599134475409805,7.325625482103868,0,-0.393122464415727
Saskatchewan,SK,2017,6,2017-06,25-29,6.7,87.5,56.1,8.0,12.480499219968799,29.42690453489534,133.9,30.7363541703478,0.846752619522542,1.1604080109744088,7.325625482103868,0,-0.4512909789551241
Saskatchewan,SK,2017,7,2017-07,25-29,8.3,87.6,56.5,6.6,10.45958795562599,29.47,133.9,30.781367313915855,0.8464195979899497,1.1611292490877665,7.325625482103868,0,-0.305085788890084
Saskatchewan,SK,2017,8,2017-08,25-29,9.1,87.2,55.4,6.8,10.932475884244374,29.52318865608203,134.7,30.65377847160509,0.8461341299125797,1.1620919908746228,7.325625482103868,0,-0.15947386357644378
Saskatchewan,SK,2017,9,2017-09,25-29,6.2,87.0,58.0,5.9,9.233176838810643,29.58491146820707,134.9,30.67232327470467,0.8458915586501624,1.1632681631444068,7.325625482103868,0,-0.4346061729856973
Saskatchewan,SK,2017,10,2017-10,25-29,9.2,87.1,55.7,6.1,9.870550161812297,29.653070626502917,135.4,30.62946112288272,0.8456833209191607,1.164618967160502,7.325625482103868,0,-0.13424329428225396
Saskatchewan,SK,2017,11,2017-11,25-29,8.2,84.5,53.3,7.5,12.335526315789474,29.725568321097853,136.6,30.43461524725386,0.8455008534360355,1.1661056041863016,7.325625482103868,0,0.0991972611535879
Saskatchewan,SK,2017,12,2017-12,25-29,7.3,85.3,53.2,8.5,13.776337115072934,29.800306742120206,135.9,30.668294582597706,0.8453355929172486,1.1676892754852004,7.325625482103868,0,-0.11772280876471843
Saskatchewan,SK,2018,1,2018-01,25-29,7.2,83.2,52.6,7.5,12.479201331114808,29.8751880796977,136.4,30.632654053126004,0.8451789760792624,1.1693311823205794,7.17871320953806,0,0.12820278322840106
Saskatchewan,SK,2018,2,2018-02,25-29,6.3,85.1,55.3,6.9,11.09324758842444,29.948114523958655,136.7,30.64003938402817,0.8450224396385384,1.1709925259558331,7.17871320953806,0,-0.19260214294331815
Saskatchewan,SK,2018,3,2018-03,25-29,7.1,86.5,55.3,7.3,11.661341853035143,30.01698826503138,136.8,30.68805519322743,0.8448574203115379,1.1726345076543558,7.17871320953806,0,-0.2844954503282999
Saskatchewan,SK,2018,4,2018-04,25-29,8.4,85.2,53.2,7.6,12.499999999999998,30.079711493043625,137.5,30.59562412046977,0.8446753548147234,1.174218328679529,7.17871320953806,0,0.015837700662347243
Saskatchewan,SK,2018,5,2018-05,25-29,8.2,86.2,55.9,5.7,9.253246753246753,30.13418639812372,137.9,30.562125351686632,0.8444676798645566,1.175705190294747,7.17871320953806,0,-0.12037189283250442
Saskatchewan,SK,2018,6,2018-06,25-29,4.6,87.3,57.8,6.9,10.664605873261205,30.17831517039988,137.5,30.695919000292193,0.8442258321774986,1.1770562937634035,7.17871320953806,0,-0.637249150608544
Saskatchewan,SK,2018,7,2018-07,25-29,7.3,86.2,55.7,6.1,9.870550161812297,30.21,138.0,30.616813405797096,0.8439412484700122,1.1782328403488813,7.17871320953806,0,-0.21925026181977425
Saskatchewan,SK,2018,8,2018-08,25-29,8.6,86.9,54.4,7.0,11.400651465798047,30.228007667542435,137.6,30.724118985244957,0.8436119888524172,1.1792063559255475,7.17871320953806,0,-0.18338321441444103
Saskatchewan,SK,2018,9,2018-09,25-29,8.4,86.7,54.2,7.3,11.869918699186991,30.234563315605772,137.3,30.797928873865718,0.8432626070104656,1.179989664811661,7.17871320953806,0,-0.1890048216919417
Saskatchewan,SK,2018,10,2018-10,25-29,7.9,86.5,52.7,8.8,14.308943089430896,30.232756677258674,138.7,30.485241246961806,0.8429242800237716,1.1806059159364477,7.17871320953806,0,-0.17753339348205174
Saskatchewan,SK,2018,11,2018-11,25-29,8.2,88.2,53.1,9.3,14.903846153846153,30.22567748556986,137.9,30.654915714304988,0.8426281849719454,1.1810782582291397,7.17871320953806,0,-0.3716119698744516
Saskatchewan,SK,2018,12,2018-12,25-29,7.3,86.8,52.8,9.2,14.838709677419354,30.21641547360798,137.4,30.757041538910883,0.8424054989345985,1.1814298406189685,7.17871320953806,0,-0.30852166074745263
Saskatchewan,SK,2019,1,2019-01,25-29,6.6,86.3,52.6,9.4,15.161290322580644,30.20806037444177,137.4,30.7485369519806,0.8422873989913439,1.181683812035162,7.000291181328663,0,-0.3191738064533744
Saskatchewan,SK,2019,2,2019-02,25-29,7.3,85.9,52.7,8.5,13.88888888888889,30.203701921139906,138.5,30.4999235464796,0.8423050622217922,1.1818633214069518,7.000291181328663,0,-0.16882980928944832
Saskatchewan,SK,2019,3,2019-03,25-29,6.6,86.7,55.5,6.4,10.339256865912763,30.20642984677109,139.2,30.34928832126193,0.8424896657055563,1.181991517663568,7.000291181328663,0,-0.31775174926353933
Saskatchewan,SK,2019,4,2019-04,25-29,7.1,88.5,56.4,6.2,9.904153354632587,30.219333884403987,140.6,30.059926539945003,0.8428723865222465,1.18209154973424,7.000291181328663,0,-0.44657961483949865
Saskatchewan,SK,2019,5,2019-05,25-29,5.8,90.0,58.5,6.0,9.30232558139535,30.245503767107284,140.8,30.04322263987698,0.8434844017514749,1.1821865665481988,7.000291181328663,0,-0.7573925363818071
Saskatchewan,SK,2019,6,2019-06,25-29,6.2,89.3,58.1,5.6,8.79120879120879,30.2880292279498,140.2,30.214217459146546,0.8443568884728558,1.1822997170346745,7.000291181328663,0,-0.6536817349889339
Saskatchewan,SK,2019,7,2019-07,25-29,7.5,87.7,55.4,6.1,9.91869918699187,30.35,140.7,30.168446458185265,0.8455210237659964,1.1824541501228965,7.000291181328663,0,-0.3231543191966606
Saskatchewan,SK,2019,8,2019-08,25-29,5.7,88.1,56.4,6.5,10.333863275039745,30.43336863671103,140.2,30.35920267652884,0.8469929853105552,1.1826655961506498,7.000291181328663,0,-0.5789282615809073
Saskatchewan,SK,2019,9,2019-09,25-29,7.5,87.8,53.1,8.3,13.517915309446254,30.535538973073713,139.7,30.57014737443904,0.8487289531863748,1.1829201110899372,7.000291181328663,0,-0.3848208278538434
Saskatchewan,SK,2019,10,2019-10,25-29,6.8,84.4,51.7,7.7,12.962962962962962,30.652777664462384,140.9,30.42616320928981,0.8506701080733277,1.1831963323213135,7.000291181328663,0,-0.031059409604970594
Saskatchewan,SK,2019,11,2019-11,25-29,7.6,85.4,49.6,9.8,16.4983164983165,30.781351366252196,140.5,30.640772240795407,0.8527576306513006,1.183472897225335,7.000291181328663,0,-0.09560232570123273
Saskatchewan,SK,2019,12,2019-12,25-29,5.4,83.9,51.0,8.7,14.572864321608039,30.917526733818427,139.6,30.974740399574657,0.8549327016001821,1.1837284431825588,7.000291181328663,0,-0.18225083293548985
Saskatchewan,SK,2020,1,2020-01,25-29,7.3,86.4,51.9,8.2,13.643926788685523,31.05757042253521,140.6,30.893741370401163,0.8571365015998422,1.1839416075735398,6.721255865669111,1,-0.2774743597115093
Saskatchewan,SK,2020,2,2020-02,25-29,7.7,84.8,49.7,8.9,15.187713310580206,31.19774908777782,141.2,30.901311552182193,0.8593102113301694,1.184091027778835,6.721255865669111,1,-0.045658745590008674
Saskatchewan,SK,2020,3,2020-03,25-29,9.7,82.9,47.7,7.9,14.20863309352518,31.334329384921514,140.0,31.302622027805818,0.8613950114710511,1.1841553411790002,6.721255865669111,1,0.33718798293035035
Saskatchewan,SK,2020,4,2020-04,25-29,18.6,80.6,42.8,5.8,11.934156378600825,31.463577969340434,138.7,31.726341568099045,0.8633320827023585,1.184113185154592,6.721255865669111,1,1.4714321580007628
Saskatchewan,SK,2020,5,2020-05,25-29,13.9,83.2,46.3,6.5,12.31060606060606,31.58176149640986,139.9,31.572355444022314,0.8650626057039796,1.1839431970861665,6.721255865669111,1,0.6977359024189355
Saskatchewan,SK,2020,6,2020-06,25-29,13.6,88.4,50.0,6.1,10.873440285204989,31.685146621504934,141.2,31.38407788885253,0.8665277611558005,1.1836240143542782,6.721255865669111,1,0.06692686539067845
Saskatchewan,SK,2020,7,2020-07,25-29,9.8,91.8,52.5,8.0,13.223140495867769,31.77,141.4,31.42361562942008,0.8676687297376953,1.183134274339486,6.721255865669111,1,-0.7344932247268255
Saskatchewan,SK,2020,8,2020-08,25-29,8.0,90.5,53.0,7.8,12.828947368421053,31.833743480057503,140.8,31.620840247739405,0.8684455059267127,1.1824623661381966,6.721255865669111,1,-0.7872671083445347
Saskatchewan,SK,2020,9,2020-09,25-29,5.9,90.2,52.6,9.1,14.748784440842785,31.878419680988706,140.8,31.665217655423376,0.8688933393885458,1.1816356857102228,6.721255865669111,1,-0.9717257992021501
Saskatchewan,SK,2020,10,2020-10,25-29,4.5,85.5,51.8,7.3,12.351945854483928,31.90722641489179,141.6,31.514770534435552,0.8690662935860469,1.1806913807312365,6.721255865669111,1,-0.5329631302955934
Saskatchewan,SK,2020,11,2020-11,25-29,6.8,81.6,48.7,6.2,11.293260473588342,31.923361493865322,141.6,31.53070715345702,0.8690184319820721,1.1796665988769013,6.721255865669111,1,0.16801245431001774
Saskatchewan,SK,2020,12,2020-12,25-29,10.0,82.1,47.5,5.8,10.881801125703564,31.93002273000772,140.9,31.693965665822066,0.868803818039475,1.1785984878228821,6.721255865669111,1,0.41540151290818866
Saskatchewan,SK,2021,1,2021-01,25-29,8.6,83.9,49.7,5.4,9.800362976406534,31.93040793541738,141.9,31.470991095848593,0.8684765152211114,1.1775241952448514,6.494500779730601,1,0.08389832574375888
Saskatchewan,SK,2021,2,2021-02,25-29,8.9,82.7,47.3,6.8,12.56931608133087,31.92771492219275,142.4,31.35784407415501,0.8680905869898351,1.176480868818473,6.494500779730601,1,0.27245505836107403
Saskatchewan,SK,2021,3,2021-03,25-29,9.8,82.4,45.4,7.7,14.500941619585687,31.925141502432233,143.3,31.1583885691626,0.8677000968084998,1.1755056562194113,6.494500779730601,1,0.4252014961299662
Saskatchewan,SK,2021,4,2021-04,25-29,7.1,84.6,46.3,9.6,17.173524150268335,31.925885488234282,143.9,31.029194819842246,0.8673591081399619,1.1746357051233383,6.494500779730601,1,-0.09890764504330345
Saskatchewan,SK,2021,5,2021-05,25-29,6.6,87.2,49.4,8.3,14.384748700173311,31.933144691697297,143.7,31.0794460311271,0.8671216844470749,1.1739081632059183,6.494500779730601,1,-0.4679913870538009
Saskatchewan,SK,2021,6,2021-06,25-29,5.2,87.1,50.1,8.3,14.212328767123287,31.95011692491976,143.8,31.074340075969417,0.8670418891926934,1.173360178142817,6.494500779730601,1,-0.5986618672131709
Saskatchewan,SK,2021,7,2021-07,25-29,6.3,86.1,49.8,7.1,12.478031634446397,31.98,144.7,30.90994816862474,0.8671737858396723,1.1730288976097039,6.494500779730601,1,-0.3458640647058148
Saskatchewan,SK,2021,8,2021-08,25-29,4.9,87.1,52.4,5.8,9.965635738831615,32.02517596157715,144.9,30.910888438184333,0.8675554021085471,1.1729386261572823,6.494500779730601,1,-0.6091528714410425
Saskatchewan,SK,2021,9,2021-09,25-29,4.9,86.9,52.3,5.8,9.982788296041308,32.084763784453244,145.4,30.86190913540112,0.8681606227505826,1.1730622958364092,6.494500779730601,1,-0.5791191396050689
Saskatchewan,SK,2021,10,2021-10,25-29,4.3,86.3,51.9,6.0,10.362694300518136,32.15706667597046,146.1,30.783256332581125,0.8689472967747195,1.173359995572978,6.494500779730601,1,-0.5588728217120925
Saskatchewan,SK,2021,11,2021-11,25-29,2.4,83.9,50.8,6.6,11.498257839721255,32.240387843471474,146.8,30.71585088425191,0.8698732731899038,1.1737918142928834,6.494500779730601,1,-0.45728437802853694
Saskatchewan,SK,2021,12,2021-12,25-29,4.4,87.9,52.2,6.7,11.375212224108658,32.33303049429907,145.9,30.994131299167304,0.8708964010050827,1.174317840922021,6.494500779730601,1,-0.7665284441880015
Saskatchewan,SK,2022,1,2022-01,25-29,8.0,89.0,49.7,7.6,13.26352530541012,32.43329783579526,147.8,30.690574964938637,0.8719745292291945,1.1748981643862821,6.419685848950964,1,-0.4923978508730445
Saskatchewan,SK,2022,2,2022-02,25-29,7.3,87.6,48.5,8.3,14.612676056338032,32.539493075302815,149.1,30.52259737775582,0.8730655068711864,1.1754928736115628,6.419685848950964,1,-0.37543388204804956
Saskatchewan,SK,2022,3,2022-03,25-29,7.0,87.9,48.7,8.5,14.86013986013986,32.64991942016457,151.4,30.160920168902575,0.874127182940006,1.1760620575237584,6.419685848950964,1,-0.39737507567142355
Saskatchewan,SK,2022,4,2022-04,25-29,6.7,90.0,51.0,7.7,13.1175468483816,32.76288007772243,152.4,30.066678496523153,0.8751174064445912,1.1765658050487602,6.419685848950964,1,-0.6681782094277802
Saskatchewan,SK,2022,5,2022-05,25-29,5.7,90.0,53.4,5.9,9.949409780775719,32.87667825531923,153.8,29.89647221277755,0.8759940263938897,1.1769642051124645,6.419685848950964,1,-0.7494789520150283
Saskatchewan,SK,2022,6,2022-06,25-29,3.5,88.7,53.5,6.4,10.684474123539232,32.98961716029778,155.4,29.69030163027014,0.8767148917968473,1.1772173466407658,6.419685848950964,1,-0.7933050787496035
Saskatchewan,SK,2022,7,2022-07,25-29,4.8,88.3,52.6,6.2,10.544217687074829,33.1,156.4,29.599174126172205,0.8772378516624042,1.1772853185595566,6.419685848950964,1,-0.601027259875904
Saskatchewan,SK,2022,8,2022-08,25-29,6.1,88.5,52.5,5.8,9.948542024013722,33.20645545141133,154.8,30.00128885879825,0.8775329644892719,1.1771394702206242,6.419685848950964,1,-0.5416780245087454
Saskatchewan,SK,2022,9,2022-09,25-29,2.6,87.3,52.5,7.3,12.207357859531772,33.30891407008759,155.7,29.91990499027403,0.8776191267352172,1.1767961926793185,6.419685848950964,1,-0.7459798912866211
Saskatchewan,SK,2022,10,2022-10,25-29,4.4,87.2,50.9,7.8,13.287904599659287,33.407631881226386,157.8,29.60922506667841,0.8775274443477717,1.1762831374168838,6.419685848950964,1,-0.511339714602175
Saskatchewan,SK,2022,11,2022-11,25-29,5.3,86.0,48.3,9.1,15.853658536585366,33.502864910026176,157.0,29.84493533890495,0.8772890232744677,1.1756279559145624,6.419685848950964,1,-0.30451602264910915
Saskatchewan,SK,2022,12,2022-12,25-29,4.0,84.8,50.1,7.5,13.020833333333334,33.59486918168535,155.7,30.176765653833503,0.8769349694628356,1.174858299653595,6.419685848950964,1,-0.33474974171527405
Saskatchewan,SK,2023,1,2023-01,25-29,4.8,85.4,50.3,7.1,12.369337979094077,33.683900721401585,156.7,30.06365165960874,0.8764963888604094,1.174001820115228,6.420123990193819,1,-0.3108102736076079
Saskatchewan,SK,2023,2,2023-02,25-29,5.8,85.0,51.0,5.8,10.211267605633804,33.770215554373294,157.6,29.9685663943024,0.87600438741472,1.1730861687807028,6.420123990193819,1,-0.14874803522572097
Saskatchewan,SK,2023,3,2023-03,25-29,7.1,85.9,50.6,6.0,10.60070671378092,33.85406970579886,158.8,29.815955702792934,0.8754900710732977,1.172138997131259,6.420123990193819,1,-0.1047136649662797
Saskatchewan,SK,2023,4,2023-04,25-29,5.8,84.8,52.2,4.6,8.098591549295774,33.93571920087599,160.4,29.589732717596718,0.8749845457836771,1.171187956648145,6.420123990193819,1,-0.07792127801425222
Saskatchewan,SK,2023,5,2023-05,25-29,4.9,85.5,50.6,7.3,12.607944732297064,34.01542006480309,160.4,29.659226670178207,0.8745189174933886,1.1702606988126005,6.420123990193819,1,-0.26254833846404046
Saskatchewan,SK,2023,6,2023-06,25-29,5.4,88.3,52.9,6.8,11.390284757118929,34.09342832277851,160.5,29.708723132979838,0.8741242921499632,1.1693848751058662,6.420123990193819,1,-0.5531650918647022
Saskatchewan,SK,2023,7,2023-07,25-29,4.0,86.2,53.9,5.5,9.25925925925926,34.17,161.1,29.664551520794536,0.8738317757009345,1.1685881370091895,6.420123990193819,1,-0.4392396187279864
Saskatchewan,SK,2023,8,2023-08,25-29,5.6,88.6,55.1,5.1,8.471760797342192,34.245391121665946,161.6,29.63801563505154,0.8736724740938334,1.1678981360038105,6.420123990193819,1,-0.5599153921921074
Saskatchewan,SK,2023,9,2023-09,25-29,4.9,88.2,55.9,4.7,7.755775577557755,34.319857712974695,161.2,29.77616687328651,0.8736774932761918,1.1673425235709711,6.420123990193819,1,-0.6006926704353547
Saskatchewan,SK,2023,10,2023-10,25-29,4.5,86.7,55.0,5.0,8.333333333333332,34.39365579912401,160.6,29.95167731821805,0.8738779391955416,1.1669489511919167,6.420123990193819,1,-0.4835145272061329
Saskatchewan,SK,2023,11,2023-11,25-29,4.4,87.1,51.6,8.9,14.710743801652892,34.467041405312266,160.6,30.015585092639878,0.8743049177994141,1.166745070347888,6.420123990193819,1,-0.5496059433186031
Saskatchewan,SK,2023,12,2023-12,25-29,7.2,87.2,51.8,7.2,12.203389830508476,34.540270556737816,159.9,30.211036103488155,0.8749895350353435,1.1667585325201286,6.420123990193819,1,-0.2991852304737322
Saskatchewan,SK,2024,1,2024-01,25-29,6.5,86.4,49.8,9.4,15.87837837837838,34.61359927859842,159.7,30.313088952865648,0.8759628968508578,1.1670169891898814,6.574974276125359,1,-0.28754528584654987
Saskatchewan,SK,2024,2,2024-02,25-29,5.3,85.2,50.2,9.1,15.345699831365934,34.68728359609245,160.3,30.263915605802634,0.8772561091934905,1.167548091838388,6.574974276125359,1,-0.2604253451550613
Saskatchewan,SK,2024,3,2024-03,25-29,5.7,83.3,49.6,8.3,14.335060449050086,34.76157953441827,161.2,30.15940805035886,0.8789002780107782,1.1683794919468944,6.574974276125359,1,0.021215607306515838
Saskatchewan,SK,2024,4,2024-04,25-29,6.2,84.8,50.9,8.0,13.582342954159593,34.83674311877362,162.0,30.075363156500902,0.8809265092502436,1.1695388409966387,6.574974276125359,1,-0.09703905057358196
Saskatchewan,SK,2024,5,2024-05,25-29,5.6,85.9,52.5,7.8,12.935323383084576,34.913030374356886,162.8,29.993109580918894,0.8833659088594226,1.1710537904688654,6.574974276125359,1,-0.28014743033917117
Saskatchewan,SK,2024,6,2024-06,25-29,5.2,85.4,50.4,10.1,16.694214876033055,34.99069732636644,162.8,30.059831758210883,0.8862495827858554,1.172951991844823,6.574974276125359,1,-0.26939781910171123
Saskatchewan,SK,2024,7,2024-07,25-29,8.1,85.2,50.0,8.9,15.110356536502549,35.07,163.6,29.980634168704157,0.8896086369770582,1.175261096605744,6.574974276125359,1,0.06118835068079672
Saskatchewan,SK,2024,8,2024-08,25-29,7.2,87.0,53.1,7.8,12.807881773399016,35.151194420455965,163.4,30.08682659927134,0.89347417738057,1.1780087562328756,6.574974276125359,1,-0.2598477944619083
Saskatchewan,SK,2024,9,2024-09,25-29,5.2,84.4,51.5,9.2,15.15650741350906,35.23453661293272,162.3,30.362560483407773,0.8978773099439351,1.1812226222074698,6.574974276125359,1,-0.18695386525088034
Saskatchewan,SK,2024,10,2024-10,25-29,4.9,84.1,52.4,8.3,13.673805601317957,35.32028260262796,163.1,30.2871603780863,0.9028491406146616,1.184930346010752,6.574974276125359,1,-0.17236947845541692
Saskatchewan,SK,2024,11,2024-11,25-29,5.3,85.1,52.6,8.6,14.052287581699346,35.40868841474009,163.2,30.34436364708859,0.9084207753402924,1.1891595791239735,6.574974276125359,1,-0.2583861029967252
Saskatchewan,SK,2024,12,2024-12,25-29,7.1,83.6,51.3,8.0,13.490725126475548,35.50001007446751,162.8,30.49737249589415,0.914623320068377,1.1939379730283897,6.574974276125359,1,0.086745072481275
